--
-- PostgreSQL database dump
--

SET statement_timeout = 0;
SET lock_timeout = 0;
SET client_encoding = 'UTF8';
SET standard_conforming_strings = on;
SET check_function_bodies = false;
SET client_min_messages = warning;

--
-- Name: plpgsql; Type: EXTENSION; Schema: -; Owner: 
--

CREATE EXTENSION IF NOT EXISTS plpgsql WITH SCHEMA pg_catalog;


--
-- Name: EXTENSION plpgsql; Type: COMMENT; Schema: -; Owner: 
--

COMMENT ON EXTENSION plpgsql IS 'PL/pgSQL procedural language';


SET search_path = public, pg_catalog;

SET default_tablespace = '';

SET default_with_oids = false;

--
-- Name: auth_group; Type: TABLE; Schema: public; Owner: oc_yaniv; Tablespace: 
--

CREATE TABLE auth_group (
    id integer NOT NULL,
    name character varying(80) NOT NULL
);


ALTER TABLE public.auth_group OWNER TO oc_yaniv;

--
-- Name: auth_group_id_seq; Type: SEQUENCE; Schema: public; Owner: oc_yaniv
--

CREATE SEQUENCE auth_group_id_seq
    START WITH 1
    INCREMENT BY 1
    NO MINVALUE
    NO MAXVALUE
    CACHE 1;


ALTER TABLE public.auth_group_id_seq OWNER TO oc_yaniv;

--
-- Name: auth_group_id_seq; Type: SEQUENCE OWNED BY; Schema: public; Owner: oc_yaniv
--

ALTER SEQUENCE auth_group_id_seq OWNED BY auth_group.id;


--
-- Name: auth_group_permissions; Type: TABLE; Schema: public; Owner: oc_yaniv; Tablespace: 
--

CREATE TABLE auth_group_permissions (
    id integer NOT NULL,
    group_id integer NOT NULL,
    permission_id integer NOT NULL
);


ALTER TABLE public.auth_group_permissions OWNER TO oc_yaniv;

--
-- Name: auth_group_permissions_id_seq; Type: SEQUENCE; Schema: public; Owner: oc_yaniv
--

CREATE SEQUENCE auth_group_permissions_id_seq
    START WITH 1
    INCREMENT BY 1
    NO MINVALUE
    NO MAXVALUE
    CACHE 1;


ALTER TABLE public.auth_group_permissions_id_seq OWNER TO oc_yaniv;

--
-- Name: auth_group_permissions_id_seq; Type: SEQUENCE OWNED BY; Schema: public; Owner: oc_yaniv
--

ALTER SEQUENCE auth_group_permissions_id_seq OWNED BY auth_group_permissions.id;


--
-- Name: auth_permission; Type: TABLE; Schema: public; Owner: oc_yaniv; Tablespace: 
--

CREATE TABLE auth_permission (
    id integer NOT NULL,
    name character varying(50) NOT NULL,
    content_type_id integer NOT NULL,
    codename character varying(100) NOT NULL
);


ALTER TABLE public.auth_permission OWNER TO oc_yaniv;

--
-- Name: auth_permission_id_seq; Type: SEQUENCE; Schema: public; Owner: oc_yaniv
--

CREATE SEQUENCE auth_permission_id_seq
    START WITH 1
    INCREMENT BY 1
    NO MINVALUE
    NO MAXVALUE
    CACHE 1;


ALTER TABLE public.auth_permission_id_seq OWNER TO oc_yaniv;

--
-- Name: auth_permission_id_seq; Type: SEQUENCE OWNED BY; Schema: public; Owner: oc_yaniv
--

ALTER SEQUENCE auth_permission_id_seq OWNED BY auth_permission.id;


--
-- Name: communities_community; Type: TABLE; Schema: public; Owner: oc_yaniv; Tablespace: 
--

CREATE TABLE communities_community (
    id integer NOT NULL,
    name character varying(200) NOT NULL,
    upcoming_meeting_started boolean NOT NULL,
    upcoming_meeting_scheduled_at timestamp with time zone,
    upcoming_meeting_location character varying(300),
    upcoming_meeting_comments text,
    upcoming_meeting_guests text,
    upcoming_meeting_version integer NOT NULL,
    upcoming_meeting_is_published boolean NOT NULL,
    upcoming_meeting_published_at timestamp with time zone,
    upcoming_meeting_summary text,
    board_name character varying(200) NOT NULL,
    uid character varying(24) NOT NULL,
    is_public boolean NOT NULL,
    upcoming_meeting_title character varying(300),
    logo character varying(100),
    official_identifier character varying(300),
    straw_voting_enabled boolean NOT NULL,
    voting_ends_at timestamp with time zone,
    referendum_started boolean NOT NULL,
    referendum_started_at timestamp with time zone,
    referendum_ends_at timestamp with time zone,
    default_quorum smallint,
    issue_ranking_enabled boolean NOT NULL,
    allow_links_in_emails boolean NOT NULL,
    register_missing_board_members boolean NOT NULL,
    email_invitees boolean NOT NULL,
    inform_system_manager boolean NOT NULL,
    no_meetings_community boolean NOT NULL,
    CONSTRAINT ck_default_quorum_pstv_554f3b42 CHECK ((default_quorum >= 0)),
    CONSTRAINT communities_community_default_quorum_check CHECK ((default_quorum >= 0))
);


ALTER TABLE public.communities_community OWNER TO oc_yaniv;

--
-- Name: communities_community_id_seq; Type: SEQUENCE; Schema: public; Owner: oc_yaniv
--

CREATE SEQUENCE communities_community_id_seq
    START WITH 1
    INCREMENT BY 1
    NO MINVALUE
    NO MAXVALUE
    CACHE 1;


ALTER TABLE public.communities_community_id_seq OWNER TO oc_yaniv;

--
-- Name: communities_community_id_seq; Type: SEQUENCE OWNED BY; Schema: public; Owner: oc_yaniv
--

ALTER SEQUENCE communities_community_id_seq OWNED BY communities_community.id;


--
-- Name: communities_community_upcoming_meeting_participants; Type: TABLE; Schema: public; Owner: oc_yaniv; Tablespace: 
--

CREATE TABLE communities_community_upcoming_meeting_participants (
    id integer NOT NULL,
    community_id integer NOT NULL,
    ocuser_id integer NOT NULL
);


ALTER TABLE public.communities_community_upcoming_meeting_participants OWNER TO oc_yaniv;

--
-- Name: communities_community_upcoming_meeting_participants_id_seq; Type: SEQUENCE; Schema: public; Owner: oc_yaniv
--

CREATE SEQUENCE communities_community_upcoming_meeting_participants_id_seq
    START WITH 1
    INCREMENT BY 1
    NO MINVALUE
    NO MAXVALUE
    CACHE 1;


ALTER TABLE public.communities_community_upcoming_meeting_participants_id_seq OWNER TO oc_yaniv;

--
-- Name: communities_community_upcoming_meeting_participants_id_seq; Type: SEQUENCE OWNED BY; Schema: public; Owner: oc_yaniv
--

ALTER SEQUENCE communities_community_upcoming_meeting_participants_id_seq OWNED BY communities_community_upcoming_meeting_participants.id;


--
-- Name: communities_communityconfidentialreason; Type: TABLE; Schema: public; Owner: oc_yaniv; Tablespace: 
--

CREATE TABLE communities_communityconfidentialreason (
    id integer NOT NULL,
    community_id integer NOT NULL,
    title character varying(255) NOT NULL
);


ALTER TABLE public.communities_communityconfidentialreason OWNER TO oc_yaniv;

--
-- Name: communities_communityconfidentialreason_id_seq; Type: SEQUENCE; Schema: public; Owner: oc_yaniv
--

CREATE SEQUENCE communities_communityconfidentialreason_id_seq
    START WITH 1
    INCREMENT BY 1
    NO MINVALUE
    NO MAXVALUE
    CACHE 1;


ALTER TABLE public.communities_communityconfidentialreason_id_seq OWNER TO oc_yaniv;

--
-- Name: communities_communityconfidentialreason_id_seq; Type: SEQUENCE OWNED BY; Schema: public; Owner: oc_yaniv
--

ALTER SEQUENCE communities_communityconfidentialreason_id_seq OWNED BY communities_communityconfidentialreason.id;


--
-- Name: django_admin_log; Type: TABLE; Schema: public; Owner: oc_yaniv; Tablespace: 
--

CREATE TABLE django_admin_log (
    id integer NOT NULL,
    action_time timestamp with time zone NOT NULL,
    user_id integer NOT NULL,
    content_type_id integer,
    object_id text,
    object_repr character varying(200) NOT NULL,
    action_flag smallint NOT NULL,
    change_message text NOT NULL,
    CONSTRAINT django_admin_log_action_flag_check CHECK ((action_flag >= 0))
);


ALTER TABLE public.django_admin_log OWNER TO oc_yaniv;

--
-- Name: django_admin_log_id_seq; Type: SEQUENCE; Schema: public; Owner: oc_yaniv
--

CREATE SEQUENCE django_admin_log_id_seq
    START WITH 1
    INCREMENT BY 1
    NO MINVALUE
    NO MAXVALUE
    CACHE 1;


ALTER TABLE public.django_admin_log_id_seq OWNER TO oc_yaniv;

--
-- Name: django_admin_log_id_seq; Type: SEQUENCE OWNED BY; Schema: public; Owner: oc_yaniv
--

ALTER SEQUENCE django_admin_log_id_seq OWNED BY django_admin_log.id;


--
-- Name: django_content_type; Type: TABLE; Schema: public; Owner: oc_yaniv; Tablespace: 
--

CREATE TABLE django_content_type (
    id integer NOT NULL,
    name character varying(100) NOT NULL,
    app_label character varying(100) NOT NULL,
    model character varying(100) NOT NULL
);


ALTER TABLE public.django_content_type OWNER TO oc_yaniv;

--
-- Name: django_content_type_id_seq; Type: SEQUENCE; Schema: public; Owner: oc_yaniv
--

CREATE SEQUENCE django_content_type_id_seq
    START WITH 1
    INCREMENT BY 1
    NO MINVALUE
    NO MAXVALUE
    CACHE 1;


ALTER TABLE public.django_content_type_id_seq OWNER TO oc_yaniv;

--
-- Name: django_content_type_id_seq; Type: SEQUENCE OWNED BY; Schema: public; Owner: oc_yaniv
--

ALTER SEQUENCE django_content_type_id_seq OWNED BY django_content_type.id;


--
-- Name: django_session; Type: TABLE; Schema: public; Owner: oc_yaniv; Tablespace: 
--

CREATE TABLE django_session (
    session_key character varying(40) NOT NULL,
    session_data text NOT NULL,
    expire_date timestamp with time zone NOT NULL
);


ALTER TABLE public.django_session OWNER TO oc_yaniv;

--
-- Name: issues_issue; Type: TABLE; Schema: public; Owner: oc_yaniv; Tablespace: 
--

CREATE TABLE issues_issue (
    id integer NOT NULL,
    active boolean NOT NULL,
    community_id integer NOT NULL,
    created_at timestamp with time zone NOT NULL,
    created_by_id integer NOT NULL,
    title character varying(300) NOT NULL,
    abstract text,
    content text,
    calculated_score integer NOT NULL,
    order_in_upcoming_meeting integer,
    length_in_minutes integer,
    uid character varying(24) NOT NULL,
    completed boolean NOT NULL,
    status integer NOT NULL,
    is_published boolean NOT NULL,
    order_by_votes double precision,
    confidential_reason_id integer,
    is_confidential boolean NOT NULL
);


ALTER TABLE public.issues_issue OWNER TO oc_yaniv;

--
-- Name: issues_issue_id_seq; Type: SEQUENCE; Schema: public; Owner: oc_yaniv
--

CREATE SEQUENCE issues_issue_id_seq
    START WITH 1
    INCREMENT BY 1
    NO MINVALUE
    NO MAXVALUE
    CACHE 1;


ALTER TABLE public.issues_issue_id_seq OWNER TO oc_yaniv;

--
-- Name: issues_issue_id_seq; Type: SEQUENCE OWNED BY; Schema: public; Owner: oc_yaniv
--

ALTER SEQUENCE issues_issue_id_seq OWNED BY issues_issue.id;


--
-- Name: issues_issueattachment; Type: TABLE; Schema: public; Owner: oc_yaniv; Tablespace: 
--

CREATE TABLE issues_issueattachment (
    id integer NOT NULL,
    uid character varying(24) NOT NULL,
    issue_id integer NOT NULL,
    file character varying(200) NOT NULL,
    title character varying(100) NOT NULL,
    active boolean NOT NULL,
    ordinal integer,
    created_at timestamp with time zone NOT NULL,
    created_by_id integer NOT NULL,
    agenda_item_id integer,
    CONSTRAINT issues_issueattachment_ordinal_check CHECK ((ordinal >= 0))
);


ALTER TABLE public.issues_issueattachment OWNER TO oc_yaniv;

--
-- Name: issues_issueattachment_id_seq; Type: SEQUENCE; Schema: public; Owner: oc_yaniv
--

CREATE SEQUENCE issues_issueattachment_id_seq
    START WITH 1
    INCREMENT BY 1
    NO MINVALUE
    NO MAXVALUE
    CACHE 1;


ALTER TABLE public.issues_issueattachment_id_seq OWNER TO oc_yaniv;

--
-- Name: issues_issueattachment_id_seq; Type: SEQUENCE OWNED BY; Schema: public; Owner: oc_yaniv
--

ALTER SEQUENCE issues_issueattachment_id_seq OWNED BY issues_issueattachment.id;


--
-- Name: issues_issuecomment; Type: TABLE; Schema: public; Owner: oc_yaniv; Tablespace: 
--

CREATE TABLE issues_issuecomment (
    id integer NOT NULL,
    issue_id integer NOT NULL,
    active boolean NOT NULL,
    ordinal integer,
    created_at timestamp with time zone NOT NULL,
    created_by_id integer NOT NULL,
    version integer NOT NULL,
    last_edited_at timestamp with time zone NOT NULL,
    last_edited_by_id integer,
    content text NOT NULL,
    uid character varying(24) NOT NULL,
    meeting_id integer,
    CONSTRAINT issues_issuecomment_ordinal_check CHECK ((ordinal >= 0)),
    CONSTRAINT issues_issuecomment_version_check CHECK ((version >= 0))
);


ALTER TABLE public.issues_issuecomment OWNER TO oc_yaniv;

--
-- Name: issues_issuecomment_id_seq; Type: SEQUENCE; Schema: public; Owner: oc_yaniv
--

CREATE SEQUENCE issues_issuecomment_id_seq
    START WITH 1
    INCREMENT BY 1
    NO MINVALUE
    NO MAXVALUE
    CACHE 1;


ALTER TABLE public.issues_issuecomment_id_seq OWNER TO oc_yaniv;

--
-- Name: issues_issuecomment_id_seq; Type: SEQUENCE OWNED BY; Schema: public; Owner: oc_yaniv
--

ALTER SEQUENCE issues_issuecomment_id_seq OWNED BY issues_issuecomment.id;


--
-- Name: issues_issuecommentrevision; Type: TABLE; Schema: public; Owner: oc_yaniv; Tablespace: 
--

CREATE TABLE issues_issuecommentrevision (
    id integer NOT NULL,
    comment_id integer NOT NULL,
    version integer,
    created_at timestamp with time zone NOT NULL,
    created_by_id integer NOT NULL,
    content text NOT NULL,
    CONSTRAINT issues_issuecommentrevision_version_check CHECK ((version >= 0))
);


ALTER TABLE public.issues_issuecommentrevision OWNER TO oc_yaniv;

--
-- Name: issues_issuecommentrevision_id_seq; Type: SEQUENCE; Schema: public; Owner: oc_yaniv
--

CREATE SEQUENCE issues_issuecommentrevision_id_seq
    START WITH 1
    INCREMENT BY 1
    NO MINVALUE
    NO MAXVALUE
    CACHE 1;


ALTER TABLE public.issues_issuecommentrevision_id_seq OWNER TO oc_yaniv;

--
-- Name: issues_issuecommentrevision_id_seq; Type: SEQUENCE OWNED BY; Schema: public; Owner: oc_yaniv
--

ALTER SEQUENCE issues_issuecommentrevision_id_seq OWNED BY issues_issuecommentrevision.id;


--
-- Name: issues_issuerankingvote; Type: TABLE; Schema: public; Owner: oc_yaniv; Tablespace: 
--

CREATE TABLE issues_issuerankingvote (
    id integer NOT NULL,
    voted_by_id integer NOT NULL,
    issue_id integer NOT NULL,
    rank integer NOT NULL,
    CONSTRAINT issues_issuerankingvote_rank_check CHECK ((rank >= 0))
);


ALTER TABLE public.issues_issuerankingvote OWNER TO oc_yaniv;

--
-- Name: issues_issuerankingvote_id_seq; Type: SEQUENCE; Schema: public; Owner: oc_yaniv
--

CREATE SEQUENCE issues_issuerankingvote_id_seq
    START WITH 1
    INCREMENT BY 1
    NO MINVALUE
    NO MAXVALUE
    CACHE 1;


ALTER TABLE public.issues_issuerankingvote_id_seq OWNER TO oc_yaniv;

--
-- Name: issues_issuerankingvote_id_seq; Type: SEQUENCE OWNED BY; Schema: public; Owner: oc_yaniv
--

ALTER SEQUENCE issues_issuerankingvote_id_seq OWNED BY issues_issuerankingvote.id;


--
-- Name: issues_proposal; Type: TABLE; Schema: public; Owner: oc_yaniv; Tablespace: 
--

CREATE TABLE issues_proposal (
    id integer NOT NULL,
    issue_id integer NOT NULL,
    active boolean NOT NULL,
    created_at timestamp with time zone NOT NULL,
    created_by_id integer NOT NULL,
    type integer NOT NULL,
    title character varying(300) NOT NULL,
    content text,
    assigned_to character varying(200),
    assigned_to_user_id integer,
    due_by date,
    uid character varying(24) NOT NULL,
    status integer NOT NULL,
    decided_at_meeting_id integer,
    votes_pro integer,
    votes_con integer,
    community_members integer,
    task_completed boolean NOT NULL,
    register_board_votes boolean NOT NULL,
    confidential_reason_id integer,
    is_confidential boolean NOT NULL,
    CONSTRAINT ck_community_members_pstv_3c2245ac CHECK ((community_members >= 0)),
    CONSTRAINT ck_votes_con_pstv_42b1d281 CHECK ((votes_con >= 0)),
    CONSTRAINT ck_votes_pro_pstv_2c3cb1dc CHECK ((votes_pro >= 0)),
    CONSTRAINT issues_proposal_community_members_check CHECK ((community_members >= 0)),
    CONSTRAINT issues_proposal_type_check CHECK ((type >= 0)),
    CONSTRAINT issues_proposal_votes_con_check CHECK ((votes_con >= 0)),
    CONSTRAINT issues_proposal_votes_pro_check CHECK ((votes_pro >= 0))
);


ALTER TABLE public.issues_proposal OWNER TO oc_yaniv;

--
-- Name: issues_proposal_id_seq; Type: SEQUENCE; Schema: public; Owner: oc_yaniv
--

CREATE SEQUENCE issues_proposal_id_seq
    START WITH 1
    INCREMENT BY 1
    NO MINVALUE
    NO MAXVALUE
    CACHE 1;


ALTER TABLE public.issues_proposal_id_seq OWNER TO oc_yaniv;

--
-- Name: issues_proposal_id_seq; Type: SEQUENCE OWNED BY; Schema: public; Owner: oc_yaniv
--

ALTER SEQUENCE issues_proposal_id_seq OWNED BY issues_proposal.id;


--
-- Name: issues_proposalvote; Type: TABLE; Schema: public; Owner: oc_yaniv; Tablespace: 
--

CREATE TABLE issues_proposalvote (
    id integer NOT NULL,
    proposal_id integer NOT NULL,
    user_id integer NOT NULL,
    value smallint NOT NULL
);


ALTER TABLE public.issues_proposalvote OWNER TO oc_yaniv;

--
-- Name: issues_proposalvote_id_seq; Type: SEQUENCE; Schema: public; Owner: oc_yaniv
--

CREATE SEQUENCE issues_proposalvote_id_seq
    START WITH 1
    INCREMENT BY 1
    NO MINVALUE
    NO MAXVALUE
    CACHE 1;


ALTER TABLE public.issues_proposalvote_id_seq OWNER TO oc_yaniv;

--
-- Name: issues_proposalvote_id_seq; Type: SEQUENCE OWNED BY; Schema: public; Owner: oc_yaniv
--

ALTER SEQUENCE issues_proposalvote_id_seq OWNED BY issues_proposalvote.id;


--
-- Name: issues_proposalvoteargument; Type: TABLE; Schema: public; Owner: oc_yaniv; Tablespace: 
--

CREATE TABLE issues_proposalvoteargument (
    id integer NOT NULL,
    proposal_vote_id integer NOT NULL,
    argument text NOT NULL,
    created_at timestamp with time zone NOT NULL,
    created_by_id integer NOT NULL
);


ALTER TABLE public.issues_proposalvoteargument OWNER TO oc_yaniv;

--
-- Name: issues_proposalvoteargument_id_seq; Type: SEQUENCE; Schema: public; Owner: oc_yaniv
--

CREATE SEQUENCE issues_proposalvoteargument_id_seq
    START WITH 1
    INCREMENT BY 1
    NO MINVALUE
    NO MAXVALUE
    CACHE 1;


ALTER TABLE public.issues_proposalvoteargument_id_seq OWNER TO oc_yaniv;

--
-- Name: issues_proposalvoteargument_id_seq; Type: SEQUENCE OWNED BY; Schema: public; Owner: oc_yaniv
--

ALTER SEQUENCE issues_proposalvoteargument_id_seq OWNED BY issues_proposalvoteargument.id;


--
-- Name: issues_proposalvoteargumentranking; Type: TABLE; Schema: public; Owner: oc_yaniv; Tablespace: 
--

CREATE TABLE issues_proposalvoteargumentranking (
    id integer NOT NULL,
    argument_id integer NOT NULL,
    value smallint NOT NULL,
    user_id integer NOT NULL
);


ALTER TABLE public.issues_proposalvoteargumentranking OWNER TO oc_yaniv;

--
-- Name: issues_proposalvoteargumentranking_id_seq; Type: SEQUENCE; Schema: public; Owner: oc_yaniv
--

CREATE SEQUENCE issues_proposalvoteargumentranking_id_seq
    START WITH 1
    INCREMENT BY 1
    NO MINVALUE
    NO MAXVALUE
    CACHE 1;


ALTER TABLE public.issues_proposalvoteargumentranking_id_seq OWNER TO oc_yaniv;

--
-- Name: issues_proposalvoteargumentranking_id_seq; Type: SEQUENCE OWNED BY; Schema: public; Owner: oc_yaniv
--

ALTER SEQUENCE issues_proposalvoteargumentranking_id_seq OWNED BY issues_proposalvoteargumentranking.id;


--
-- Name: issues_proposalvoteboard; Type: TABLE; Schema: public; Owner: oc_yaniv; Tablespace: 
--

CREATE TABLE issues_proposalvoteboard (
    id integer NOT NULL,
    proposal_id integer NOT NULL,
    user_id integer NOT NULL,
    value smallint NOT NULL,
    voted_by_chairman boolean NOT NULL
);


ALTER TABLE public.issues_proposalvoteboard OWNER TO oc_yaniv;

--
-- Name: issues_proposalvoteboard_id_seq; Type: SEQUENCE; Schema: public; Owner: oc_yaniv
--

CREATE SEQUENCE issues_proposalvoteboard_id_seq
    START WITH 1
    INCREMENT BY 1
    NO MINVALUE
    NO MAXVALUE
    CACHE 1;


ALTER TABLE public.issues_proposalvoteboard_id_seq OWNER TO oc_yaniv;

--
-- Name: issues_proposalvoteboard_id_seq; Type: SEQUENCE OWNED BY; Schema: public; Owner: oc_yaniv
--

ALTER SEQUENCE issues_proposalvoteboard_id_seq OWNED BY issues_proposalvoteboard.id;


--
-- Name: issues_voteresult; Type: TABLE; Schema: public; Owner: oc_yaniv; Tablespace: 
--

CREATE TABLE issues_voteresult (
    id integer NOT NULL,
    proposal_id integer NOT NULL,
    meeting_id integer NOT NULL,
    votes_pro integer NOT NULL,
    votes_con integer NOT NULL,
    community_members integer NOT NULL,
    CONSTRAINT issues_voteresult_community_members_check CHECK ((community_members >= 0)),
    CONSTRAINT issues_voteresult_votes_con_check CHECK ((votes_con >= 0)),
    CONSTRAINT issues_voteresult_votes_pro_check CHECK ((votes_pro >= 0))
);


ALTER TABLE public.issues_voteresult OWNER TO oc_yaniv;

--
-- Name: issues_voteresult_id_seq; Type: SEQUENCE; Schema: public; Owner: oc_yaniv
--

CREATE SEQUENCE issues_voteresult_id_seq
    START WITH 1
    INCREMENT BY 1
    NO MINVALUE
    NO MAXVALUE
    CACHE 1;


ALTER TABLE public.issues_voteresult_id_seq OWNER TO oc_yaniv;

--
-- Name: issues_voteresult_id_seq; Type: SEQUENCE OWNED BY; Schema: public; Owner: oc_yaniv
--

ALTER SEQUENCE issues_voteresult_id_seq OWNED BY issues_voteresult.id;


--
-- Name: meetings_agendaitem; Type: TABLE; Schema: public; Owner: oc_yaniv; Tablespace: 
--

CREATE TABLE meetings_agendaitem (
    id integer NOT NULL,
    meeting_id integer NOT NULL,
    issue_id integer NOT NULL,
    "order" integer NOT NULL,
    closed boolean NOT NULL,
    background text,
    is_confidential boolean NOT NULL,
    CONSTRAINT meetings_agendaitem_order_check CHECK (("order" >= 0))
);


ALTER TABLE public.meetings_agendaitem OWNER TO oc_yaniv;

--
-- Name: meetings_agendaitem_id_seq; Type: SEQUENCE; Schema: public; Owner: oc_yaniv
--

CREATE SEQUENCE meetings_agendaitem_id_seq
    START WITH 1
    INCREMENT BY 1
    NO MINVALUE
    NO MAXVALUE
    CACHE 1;


ALTER TABLE public.meetings_agendaitem_id_seq OWNER TO oc_yaniv;

--
-- Name: meetings_agendaitem_id_seq; Type: SEQUENCE OWNED BY; Schema: public; Owner: oc_yaniv
--

ALTER SEQUENCE meetings_agendaitem_id_seq OWNED BY meetings_agendaitem.id;


--
-- Name: meetings_meeting; Type: TABLE; Schema: public; Owner: oc_yaniv; Tablespace: 
--

CREATE TABLE meetings_meeting (
    id integer NOT NULL,
    community_id integer NOT NULL,
    created_at timestamp with time zone NOT NULL,
    created_by_id integer NOT NULL,
    held_at timestamp with time zone NOT NULL,
    scheduled_at timestamp with time zone,
    location character varying(300),
    comments text,
    summary text,
    guests text,
    uid character varying(24) NOT NULL,
    title character varying(300)
);


ALTER TABLE public.meetings_meeting OWNER TO oc_yaniv;

--
-- Name: meetings_meeting_id_seq; Type: SEQUENCE; Schema: public; Owner: oc_yaniv
--

CREATE SEQUENCE meetings_meeting_id_seq
    START WITH 1
    INCREMENT BY 1
    NO MINVALUE
    NO MAXVALUE
    CACHE 1;


ALTER TABLE public.meetings_meeting_id_seq OWNER TO oc_yaniv;

--
-- Name: meetings_meeting_id_seq; Type: SEQUENCE OWNED BY; Schema: public; Owner: oc_yaniv
--

ALTER SEQUENCE meetings_meeting_id_seq OWNED BY meetings_meeting.id;


--
-- Name: meetings_meetingexternalparticipant; Type: TABLE; Schema: public; Owner: oc_yaniv; Tablespace: 
--

CREATE TABLE meetings_meetingexternalparticipant (
    id integer NOT NULL,
    meeting_id integer NOT NULL,
    name character varying(200) NOT NULL
);


ALTER TABLE public.meetings_meetingexternalparticipant OWNER TO oc_yaniv;

--
-- Name: meetings_meetingexternalparticipant_id_seq; Type: SEQUENCE; Schema: public; Owner: oc_yaniv
--

CREATE SEQUENCE meetings_meetingexternalparticipant_id_seq
    START WITH 1
    INCREMENT BY 1
    NO MINVALUE
    NO MAXVALUE
    CACHE 1;


ALTER TABLE public.meetings_meetingexternalparticipant_id_seq OWNER TO oc_yaniv;

--
-- Name: meetings_meetingexternalparticipant_id_seq; Type: SEQUENCE OWNED BY; Schema: public; Owner: oc_yaniv
--

ALTER SEQUENCE meetings_meetingexternalparticipant_id_seq OWNED BY meetings_meetingexternalparticipant.id;


--
-- Name: meetings_meetingparticipant; Type: TABLE; Schema: public; Owner: oc_yaniv; Tablespace: 
--

CREATE TABLE meetings_meetingparticipant (
    id integer NOT NULL,
    meeting_id integer NOT NULL,
    ordinal integer NOT NULL,
    user_id integer NOT NULL,
    display_name character varying(200) NOT NULL,
    default_group_name character varying(50),
    is_absent boolean NOT NULL,
    CONSTRAINT meetings_meetingparticipant_ordinal_check CHECK ((ordinal >= 0))
);


ALTER TABLE public.meetings_meetingparticipant OWNER TO oc_yaniv;

--
-- Name: meetings_meetingparticipant_id_seq; Type: SEQUENCE; Schema: public; Owner: oc_yaniv
--

CREATE SEQUENCE meetings_meetingparticipant_id_seq
    START WITH 1
    INCREMENT BY 1
    NO MINVALUE
    NO MAXVALUE
    CACHE 1;


ALTER TABLE public.meetings_meetingparticipant_id_seq OWNER TO oc_yaniv;

--
-- Name: meetings_meetingparticipant_id_seq; Type: SEQUENCE OWNED BY; Schema: public; Owner: oc_yaniv
--

ALTER SEQUENCE meetings_meetingparticipant_id_seq OWNED BY meetings_meetingparticipant.id;


--
-- Name: shultze_issueedge; Type: TABLE; Schema: public; Owner: oc_yaniv; Tablespace: 
--

CREATE TABLE shultze_issueedge (
    id integer NOT NULL,
    graph_id integer NOT NULL,
    from_node_id integer NOT NULL,
    to_node_id integer NOT NULL,
    weight integer NOT NULL
);


ALTER TABLE public.shultze_issueedge OWNER TO oc_yaniv;

--
-- Name: shultze_issueedge_id_seq; Type: SEQUENCE; Schema: public; Owner: oc_yaniv
--

CREATE SEQUENCE shultze_issueedge_id_seq
    START WITH 1
    INCREMENT BY 1
    NO MINVALUE
    NO MAXVALUE
    CACHE 1;


ALTER TABLE public.shultze_issueedge_id_seq OWNER TO oc_yaniv;

--
-- Name: shultze_issueedge_id_seq; Type: SEQUENCE OWNED BY; Schema: public; Owner: oc_yaniv
--

ALTER SEQUENCE shultze_issueedge_id_seq OWNED BY shultze_issueedge.id;


--
-- Name: shultze_issuenode; Type: TABLE; Schema: public; Owner: oc_yaniv; Tablespace: 
--

CREATE TABLE shultze_issuenode (
    id integer NOT NULL,
    graph_id integer NOT NULL,
    issue_id integer NOT NULL
);


ALTER TABLE public.shultze_issuenode OWNER TO oc_yaniv;

--
-- Name: shultze_issuenode_id_seq; Type: SEQUENCE; Schema: public; Owner: oc_yaniv
--

CREATE SEQUENCE shultze_issuenode_id_seq
    START WITH 1
    INCREMENT BY 1
    NO MINVALUE
    NO MAXVALUE
    CACHE 1;


ALTER TABLE public.shultze_issuenode_id_seq OWNER TO oc_yaniv;

--
-- Name: shultze_issuenode_id_seq; Type: SEQUENCE OWNED BY; Schema: public; Owner: oc_yaniv
--

ALTER SEQUENCE shultze_issuenode_id_seq OWNED BY shultze_issuenode.id;


--
-- Name: shultze_issuesgraph; Type: TABLE; Schema: public; Owner: oc_yaniv; Tablespace: 
--

CREATE TABLE shultze_issuesgraph (
    id integer NOT NULL,
    community_id integer NOT NULL
);


ALTER TABLE public.shultze_issuesgraph OWNER TO oc_yaniv;

--
-- Name: shultze_issuesgraph_id_seq; Type: SEQUENCE; Schema: public; Owner: oc_yaniv
--

CREATE SEQUENCE shultze_issuesgraph_id_seq
    START WITH 1
    INCREMENT BY 1
    NO MINVALUE
    NO MAXVALUE
    CACHE 1;


ALTER TABLE public.shultze_issuesgraph_id_seq OWNER TO oc_yaniv;

--
-- Name: shultze_issuesgraph_id_seq; Type: SEQUENCE OWNED BY; Schema: public; Owner: oc_yaniv
--

ALTER SEQUENCE shultze_issuesgraph_id_seq OWNED BY shultze_issuesgraph.id;


--
-- Name: south_migrationhistory; Type: TABLE; Schema: public; Owner: oc_yaniv; Tablespace: 
--

CREATE TABLE south_migrationhistory (
    id integer NOT NULL,
    app_name character varying(255) NOT NULL,
    migration character varying(255) NOT NULL,
    applied timestamp with time zone NOT NULL
);


ALTER TABLE public.south_migrationhistory OWNER TO oc_yaniv;

--
-- Name: south_migrationhistory_id_seq; Type: SEQUENCE; Schema: public; Owner: oc_yaniv
--

CREATE SEQUENCE south_migrationhistory_id_seq
    START WITH 1
    INCREMENT BY 1
    NO MINVALUE
    NO MAXVALUE
    CACHE 1;


ALTER TABLE public.south_migrationhistory_id_seq OWNER TO oc_yaniv;

--
-- Name: south_migrationhistory_id_seq; Type: SEQUENCE OWNED BY; Schema: public; Owner: oc_yaniv
--

ALTER SEQUENCE south_migrationhistory_id_seq OWNED BY south_migrationhistory.id;


--
-- Name: taggit_tag; Type: TABLE; Schema: public; Owner: oc_yaniv; Tablespace: 
--

CREATE TABLE taggit_tag (
    id integer NOT NULL,
    name character varying(100) NOT NULL,
    slug character varying(100) NOT NULL
);


ALTER TABLE public.taggit_tag OWNER TO oc_yaniv;

--
-- Name: taggit_tag_id_seq; Type: SEQUENCE; Schema: public; Owner: oc_yaniv
--

CREATE SEQUENCE taggit_tag_id_seq
    START WITH 1
    INCREMENT BY 1
    NO MINVALUE
    NO MAXVALUE
    CACHE 1;


ALTER TABLE public.taggit_tag_id_seq OWNER TO oc_yaniv;

--
-- Name: taggit_tag_id_seq; Type: SEQUENCE OWNED BY; Schema: public; Owner: oc_yaniv
--

ALTER SEQUENCE taggit_tag_id_seq OWNED BY taggit_tag.id;


--
-- Name: taggit_taggeditem; Type: TABLE; Schema: public; Owner: oc_yaniv; Tablespace: 
--

CREATE TABLE taggit_taggeditem (
    id integer NOT NULL,
    tag_id integer NOT NULL,
    object_id integer NOT NULL,
    content_type_id integer NOT NULL
);


ALTER TABLE public.taggit_taggeditem OWNER TO oc_yaniv;

--
-- Name: taggit_taggeditem_id_seq; Type: SEQUENCE; Schema: public; Owner: oc_yaniv
--

CREATE SEQUENCE taggit_taggeditem_id_seq
    START WITH 1
    INCREMENT BY 1
    NO MINVALUE
    NO MAXVALUE
    CACHE 1;


ALTER TABLE public.taggit_taggeditem_id_seq OWNER TO oc_yaniv;

--
-- Name: taggit_taggeditem_id_seq; Type: SEQUENCE OWNED BY; Schema: public; Owner: oc_yaniv
--

ALTER SEQUENCE taggit_taggeditem_id_seq OWNED BY taggit_taggeditem.id;


--
-- Name: users_invitation; Type: TABLE; Schema: public; Owner: oc_yaniv; Tablespace: 
--

CREATE TABLE users_invitation (
    id integer NOT NULL,
    community_id integer NOT NULL,
    created_at timestamp with time zone NOT NULL,
    created_by_id integer NOT NULL,
    email character varying(75) NOT NULL,
    message text,
    code character varying(48) NOT NULL,
    user_id integer,
    default_group_name character varying(50) NOT NULL,
    status integer NOT NULL,
    times_sent integer NOT NULL,
    error_count integer NOT NULL,
    last_sent_at timestamp with time zone,
    name character varying(200),
    CONSTRAINT users_invitation_error_count_check CHECK ((error_count >= 0)),
    CONSTRAINT users_invitation_status_check CHECK ((status >= 0)),
    CONSTRAINT users_invitation_times_sent_check CHECK ((times_sent >= 0))
);


ALTER TABLE public.users_invitation OWNER TO oc_yaniv;

--
-- Name: users_invitation_id_seq; Type: SEQUENCE; Schema: public; Owner: oc_yaniv
--

CREATE SEQUENCE users_invitation_id_seq
    START WITH 1
    INCREMENT BY 1
    NO MINVALUE
    NO MAXVALUE
    CACHE 1;


ALTER TABLE public.users_invitation_id_seq OWNER TO oc_yaniv;

--
-- Name: users_invitation_id_seq; Type: SEQUENCE OWNED BY; Schema: public; Owner: oc_yaniv
--

ALTER SEQUENCE users_invitation_id_seq OWNED BY users_invitation.id;


--
-- Name: users_membership; Type: TABLE; Schema: public; Owner: oc_yaniv; Tablespace: 
--

CREATE TABLE users_membership (
    id integer NOT NULL,
    community_id integer NOT NULL,
    user_id integer NOT NULL,
    default_group_name character varying(50) NOT NULL,
    created_at timestamp with time zone NOT NULL,
    invited_by_id integer,
    in_position_since date NOT NULL
);


ALTER TABLE public.users_membership OWNER TO oc_yaniv;

--
-- Name: users_membership_id_seq; Type: SEQUENCE; Schema: public; Owner: oc_yaniv
--

CREATE SEQUENCE users_membership_id_seq
    START WITH 1
    INCREMENT BY 1
    NO MINVALUE
    NO MAXVALUE
    CACHE 1;


ALTER TABLE public.users_membership_id_seq OWNER TO oc_yaniv;

--
-- Name: users_membership_id_seq; Type: SEQUENCE OWNED BY; Schema: public; Owner: oc_yaniv
--

ALTER SEQUENCE users_membership_id_seq OWNED BY users_membership.id;


--
-- Name: users_ocuser; Type: TABLE; Schema: public; Owner: oc_yaniv; Tablespace: 
--

CREATE TABLE users_ocuser (
    id integer NOT NULL,
    password character varying(128) NOT NULL,
    last_login timestamp with time zone NOT NULL,
    is_superuser boolean NOT NULL,
    email character varying(255) NOT NULL,
    display_name character varying(200) NOT NULL,
    is_active boolean NOT NULL,
    is_staff boolean NOT NULL,
    date_joined timestamp with time zone NOT NULL
);


ALTER TABLE public.users_ocuser OWNER TO oc_yaniv;

--
-- Name: users_ocuser_groups; Type: TABLE; Schema: public; Owner: oc_yaniv; Tablespace: 
--

CREATE TABLE users_ocuser_groups (
    id integer NOT NULL,
    ocuser_id integer NOT NULL,
    group_id integer NOT NULL
);


ALTER TABLE public.users_ocuser_groups OWNER TO oc_yaniv;

--
-- Name: users_ocuser_groups_id_seq; Type: SEQUENCE; Schema: public; Owner: oc_yaniv
--

CREATE SEQUENCE users_ocuser_groups_id_seq
    START WITH 1
    INCREMENT BY 1
    NO MINVALUE
    NO MAXVALUE
    CACHE 1;


ALTER TABLE public.users_ocuser_groups_id_seq OWNER TO oc_yaniv;

--
-- Name: users_ocuser_groups_id_seq; Type: SEQUENCE OWNED BY; Schema: public; Owner: oc_yaniv
--

ALTER SEQUENCE users_ocuser_groups_id_seq OWNED BY users_ocuser_groups.id;


--
-- Name: users_ocuser_id_seq; Type: SEQUENCE; Schema: public; Owner: oc_yaniv
--

CREATE SEQUENCE users_ocuser_id_seq
    START WITH 1
    INCREMENT BY 1
    NO MINVALUE
    NO MAXVALUE
    CACHE 1;


ALTER TABLE public.users_ocuser_id_seq OWNER TO oc_yaniv;

--
-- Name: users_ocuser_id_seq; Type: SEQUENCE OWNED BY; Schema: public; Owner: oc_yaniv
--

ALTER SEQUENCE users_ocuser_id_seq OWNED BY users_ocuser.id;


--
-- Name: users_ocuser_user_permissions; Type: TABLE; Schema: public; Owner: oc_yaniv; Tablespace: 
--

CREATE TABLE users_ocuser_user_permissions (
    id integer NOT NULL,
    ocuser_id integer NOT NULL,
    permission_id integer NOT NULL
);


ALTER TABLE public.users_ocuser_user_permissions OWNER TO oc_yaniv;

--
-- Name: users_ocuser_user_permissions_id_seq; Type: SEQUENCE; Schema: public; Owner: oc_yaniv
--

CREATE SEQUENCE users_ocuser_user_permissions_id_seq
    START WITH 1
    INCREMENT BY 1
    NO MINVALUE
    NO MAXVALUE
    CACHE 1;


ALTER TABLE public.users_ocuser_user_permissions_id_seq OWNER TO oc_yaniv;

--
-- Name: users_ocuser_user_permissions_id_seq; Type: SEQUENCE OWNED BY; Schema: public; Owner: oc_yaniv
--

ALTER SEQUENCE users_ocuser_user_permissions_id_seq OWNED BY users_ocuser_user_permissions.id;


--
-- Name: id; Type: DEFAULT; Schema: public; Owner: oc_yaniv
--

ALTER TABLE ONLY auth_group ALTER COLUMN id SET DEFAULT nextval('auth_group_id_seq'::regclass);


--
-- Name: id; Type: DEFAULT; Schema: public; Owner: oc_yaniv
--

ALTER TABLE ONLY auth_group_permissions ALTER COLUMN id SET DEFAULT nextval('auth_group_permissions_id_seq'::regclass);


--
-- Name: id; Type: DEFAULT; Schema: public; Owner: oc_yaniv
--

ALTER TABLE ONLY auth_permission ALTER COLUMN id SET DEFAULT nextval('auth_permission_id_seq'::regclass);


--
-- Name: id; Type: DEFAULT; Schema: public; Owner: oc_yaniv
--

ALTER TABLE ONLY communities_community ALTER COLUMN id SET DEFAULT nextval('communities_community_id_seq'::regclass);


--
-- Name: id; Type: DEFAULT; Schema: public; Owner: oc_yaniv
--

ALTER TABLE ONLY communities_community_upcoming_meeting_participants ALTER COLUMN id SET DEFAULT nextval('communities_community_upcoming_meeting_participants_id_seq'::regclass);


--
-- Name: id; Type: DEFAULT; Schema: public; Owner: oc_yaniv
--

ALTER TABLE ONLY communities_communityconfidentialreason ALTER COLUMN id SET DEFAULT nextval('communities_communityconfidentialreason_id_seq'::regclass);


--
-- Name: id; Type: DEFAULT; Schema: public; Owner: oc_yaniv
--

ALTER TABLE ONLY django_admin_log ALTER COLUMN id SET DEFAULT nextval('django_admin_log_id_seq'::regclass);


--
-- Name: id; Type: DEFAULT; Schema: public; Owner: oc_yaniv
--

ALTER TABLE ONLY django_content_type ALTER COLUMN id SET DEFAULT nextval('django_content_type_id_seq'::regclass);


--
-- Name: id; Type: DEFAULT; Schema: public; Owner: oc_yaniv
--

ALTER TABLE ONLY issues_issue ALTER COLUMN id SET DEFAULT nextval('issues_issue_id_seq'::regclass);


--
-- Name: id; Type: DEFAULT; Schema: public; Owner: oc_yaniv
--

ALTER TABLE ONLY issues_issueattachment ALTER COLUMN id SET DEFAULT nextval('issues_issueattachment_id_seq'::regclass);


--
-- Name: id; Type: DEFAULT; Schema: public; Owner: oc_yaniv
--

ALTER TABLE ONLY issues_issuecomment ALTER COLUMN id SET DEFAULT nextval('issues_issuecomment_id_seq'::regclass);


--
-- Name: id; Type: DEFAULT; Schema: public; Owner: oc_yaniv
--

ALTER TABLE ONLY issues_issuecommentrevision ALTER COLUMN id SET DEFAULT nextval('issues_issuecommentrevision_id_seq'::regclass);


--
-- Name: id; Type: DEFAULT; Schema: public; Owner: oc_yaniv
--

ALTER TABLE ONLY issues_issuerankingvote ALTER COLUMN id SET DEFAULT nextval('issues_issuerankingvote_id_seq'::regclass);


--
-- Name: id; Type: DEFAULT; Schema: public; Owner: oc_yaniv
--

ALTER TABLE ONLY issues_proposal ALTER COLUMN id SET DEFAULT nextval('issues_proposal_id_seq'::regclass);


--
-- Name: id; Type: DEFAULT; Schema: public; Owner: oc_yaniv
--

ALTER TABLE ONLY issues_proposalvote ALTER COLUMN id SET DEFAULT nextval('issues_proposalvote_id_seq'::regclass);


--
-- Name: id; Type: DEFAULT; Schema: public; Owner: oc_yaniv
--

ALTER TABLE ONLY issues_proposalvoteargument ALTER COLUMN id SET DEFAULT nextval('issues_proposalvoteargument_id_seq'::regclass);


--
-- Name: id; Type: DEFAULT; Schema: public; Owner: oc_yaniv
--

ALTER TABLE ONLY issues_proposalvoteargumentranking ALTER COLUMN id SET DEFAULT nextval('issues_proposalvoteargumentranking_id_seq'::regclass);


--
-- Name: id; Type: DEFAULT; Schema: public; Owner: oc_yaniv
--

ALTER TABLE ONLY issues_proposalvoteboard ALTER COLUMN id SET DEFAULT nextval('issues_proposalvoteboard_id_seq'::regclass);


--
-- Name: id; Type: DEFAULT; Schema: public; Owner: oc_yaniv
--

ALTER TABLE ONLY issues_voteresult ALTER COLUMN id SET DEFAULT nextval('issues_voteresult_id_seq'::regclass);


--
-- Name: id; Type: DEFAULT; Schema: public; Owner: oc_yaniv
--

ALTER TABLE ONLY meetings_agendaitem ALTER COLUMN id SET DEFAULT nextval('meetings_agendaitem_id_seq'::regclass);


--
-- Name: id; Type: DEFAULT; Schema: public; Owner: oc_yaniv
--

ALTER TABLE ONLY meetings_meeting ALTER COLUMN id SET DEFAULT nextval('meetings_meeting_id_seq'::regclass);


--
-- Name: id; Type: DEFAULT; Schema: public; Owner: oc_yaniv
--

ALTER TABLE ONLY meetings_meetingexternalparticipant ALTER COLUMN id SET DEFAULT nextval('meetings_meetingexternalparticipant_id_seq'::regclass);


--
-- Name: id; Type: DEFAULT; Schema: public; Owner: oc_yaniv
--

ALTER TABLE ONLY meetings_meetingparticipant ALTER COLUMN id SET DEFAULT nextval('meetings_meetingparticipant_id_seq'::regclass);


--
-- Name: id; Type: DEFAULT; Schema: public; Owner: oc_yaniv
--

ALTER TABLE ONLY shultze_issueedge ALTER COLUMN id SET DEFAULT nextval('shultze_issueedge_id_seq'::regclass);


--
-- Name: id; Type: DEFAULT; Schema: public; Owner: oc_yaniv
--

ALTER TABLE ONLY shultze_issuenode ALTER COLUMN id SET DEFAULT nextval('shultze_issuenode_id_seq'::regclass);


--
-- Name: id; Type: DEFAULT; Schema: public; Owner: oc_yaniv
--

ALTER TABLE ONLY shultze_issuesgraph ALTER COLUMN id SET DEFAULT nextval('shultze_issuesgraph_id_seq'::regclass);


--
-- Name: id; Type: DEFAULT; Schema: public; Owner: oc_yaniv
--

ALTER TABLE ONLY south_migrationhistory ALTER COLUMN id SET DEFAULT nextval('south_migrationhistory_id_seq'::regclass);


--
-- Name: id; Type: DEFAULT; Schema: public; Owner: oc_yaniv
--

ALTER TABLE ONLY taggit_tag ALTER COLUMN id SET DEFAULT nextval('taggit_tag_id_seq'::regclass);


--
-- Name: id; Type: DEFAULT; Schema: public; Owner: oc_yaniv
--

ALTER TABLE ONLY taggit_taggeditem ALTER COLUMN id SET DEFAULT nextval('taggit_taggeditem_id_seq'::regclass);


--
-- Name: id; Type: DEFAULT; Schema: public; Owner: oc_yaniv
--

ALTER TABLE ONLY users_invitation ALTER COLUMN id SET DEFAULT nextval('users_invitation_id_seq'::regclass);


--
-- Name: id; Type: DEFAULT; Schema: public; Owner: oc_yaniv
--

ALTER TABLE ONLY users_membership ALTER COLUMN id SET DEFAULT nextval('users_membership_id_seq'::regclass);


--
-- Name: id; Type: DEFAULT; Schema: public; Owner: oc_yaniv
--

ALTER TABLE ONLY users_ocuser ALTER COLUMN id SET DEFAULT nextval('users_ocuser_id_seq'::regclass);


--
-- Name: id; Type: DEFAULT; Schema: public; Owner: oc_yaniv
--

ALTER TABLE ONLY users_ocuser_groups ALTER COLUMN id SET DEFAULT nextval('users_ocuser_groups_id_seq'::regclass);


--
-- Name: id; Type: DEFAULT; Schema: public; Owner: oc_yaniv
--

ALTER TABLE ONLY users_ocuser_user_permissions ALTER COLUMN id SET DEFAULT nextval('users_ocuser_user_permissions_id_seq'::regclass);


--
-- Data for Name: auth_group; Type: TABLE DATA; Schema: public; Owner: oc_yaniv
--

COPY auth_group (id, name) FROM stdin;
\.


--
-- Name: auth_group_id_seq; Type: SEQUENCE SET; Schema: public; Owner: oc_yaniv
--

SELECT pg_catalog.setval('auth_group_id_seq', 1, false);


--
-- Data for Name: auth_group_permissions; Type: TABLE DATA; Schema: public; Owner: oc_yaniv
--

COPY auth_group_permissions (id, group_id, permission_id) FROM stdin;
\.


--
-- Name: auth_group_permissions_id_seq; Type: SEQUENCE SET; Schema: public; Owner: oc_yaniv
--

SELECT pg_catalog.setval('auth_group_permissions_id_seq', 1, false);


--
-- Data for Name: auth_permission; Type: TABLE DATA; Schema: public; Owner: oc_yaniv
--

COPY auth_permission (id, name, content_type_id, codename) FROM stdin;
1	Can add permission	1	add_permission
2	Can change permission	1	change_permission
3	Can delete permission	1	delete_permission
4	Can add group	2	add_group
5	Can change group	2	change_group
6	Can delete group	2	delete_group
7	Can add content type	3	add_contenttype
8	Can change content type	3	change_contenttype
9	Can delete content type	3	delete_contenttype
10	Can add session	4	add_session
11	Can change session	4	change_session
12	Can delete session	4	delete_session
13	Can add log entry	5	add_logentry
14	Can change log entry	5	change_logentry
15	Can delete log entry	5	delete_logentry
16	Can add migration history	6	add_migrationhistory
17	Can change migration history	6	change_migrationhistory
18	Can delete migration history	6	delete_migrationhistory
19	Can add user	7	add_ocuser
20	Can change user	7	change_ocuser
21	Can delete user	7	delete_ocuser
22	Can add Community Member	8	add_membership
23	Can change Community Member	8	change_membership
24	Can delete Community Member	8	delete_membership
25	Can add Invitation	9	add_invitation
26	Can change Invitation	9	change_invitation
27	Can delete Invitation	9	delete_invitation
28	Can add Community	10	add_community
29	Can change Community	10	change_community
30	Can delete Community	10	delete_community
31	Can add Agenda Item	11	add_agendaitem
32	Can change Agenda Item	11	change_agendaitem
33	Can delete Agenda Item	11	delete_agendaitem
34	Can add Meeting	12	add_meeting
35	Can change Meeting	12	change_meeting
36	Can delete Meeting	12	delete_meeting
37	Can add Meeting Participant	13	add_meetingparticipant
38	Can change Meeting Participant	13	change_meetingparticipant
39	Can delete Meeting Participant	13	delete_meetingparticipant
40	Can add Meeting External Participant	14	add_meetingexternalparticipant
41	Can change Meeting External Participant	14	change_meetingexternalparticipant
42	Can delete Meeting External Participant	14	delete_meetingexternalparticipant
43	Can add Issue	15	add_issue
44	Can change Issue	15	change_issue
45	Can delete Issue	15	delete_issue
46	Can add issue comment	16	add_issuecomment
47	Can change issue comment	16	change_issuecomment
48	Can delete issue comment	16	delete_issuecomment
49	Can add issue comment revision	17	add_issuecommentrevision
50	Can change issue comment revision	17	change_issuecommentrevision
51	Can delete issue comment revision	17	delete_issuecommentrevision
52	Can add issue attachment	18	add_issueattachment
53	Can change issue attachment	18	change_issueattachment
54	Can delete issue attachment	18	delete_issueattachment
55	Can add Proposal Vote	19	add_proposalvote
56	Can change Proposal Vote	19	change_proposalvote
57	Can delete Proposal Vote	19	delete_proposalvote
58	Can add Proposal	20	add_proposal
59	Can change Proposal	20	change_proposal
60	Can delete Proposal	20	delete_proposal
61	Can add vote result	21	add_voteresult
62	Can change vote result	21	change_voteresult
63	Can delete vote result	21	delete_voteresult
64	Can add issue ranking vote	22	add_issuerankingvote
65	Can change issue ranking vote	22	change_issuerankingvote
66	Can delete issue ranking vote	22	delete_issuerankingvote
67	Can add issues graph	23	add_issuesgraph
68	Can change issues graph	23	change_issuesgraph
69	Can delete issues graph	23	delete_issuesgraph
70	Can add issue node	24	add_issuenode
71	Can change issue node	24	change_issuenode
72	Can delete issue node	24	delete_issuenode
73	Can add issue edge	25	add_issueedge
74	Can change issue edge	25	change_issueedge
75	Can delete issue edge	25	delete_issueedge
76	Can add Proposal Vote	26	add_proposalvoteboard
77	Can change Proposal Vote	26	change_proposalvoteboard
78	Can delete Proposal Vote	26	delete_proposalvoteboard
79	Can add Tag	27	add_tag
80	Can change Tag	27	change_tag
81	Can delete Tag	27	delete_tag
82	Can add Tagged Item	28	add_taggeditem
83	Can change Tagged Item	28	change_taggeditem
84	Can delete Tagged Item	28	delete_taggeditem
85	Can add Confidential Reason	29	add_communityconfidentialreason
86	Can change Confidential Reason	29	change_communityconfidentialreason
87	Can delete Confidential Reason	29	delete_communityconfidentialreason
88	Can add Proposal vote argument	30	add_proposalvoteargument
89	Can change Proposal vote argument	30	change_proposalvoteargument
90	Can delete Proposal vote argument	30	delete_proposalvoteargument
91	Can add Proposal vote argument ranking	31	add_proposalvoteargumentranking
92	Can change Proposal vote argument ranking	31	change_proposalvoteargumentranking
93	Can delete Proposal vote argument ranking	31	delete_proposalvoteargumentranking
\.


--
-- Name: auth_permission_id_seq; Type: SEQUENCE SET; Schema: public; Owner: oc_yaniv
--

SELECT pg_catalog.setval('auth_permission_id_seq', 93, true);


--
-- Data for Name: communities_community; Type: TABLE DATA; Schema: public; Owner: oc_yaniv
--

COPY communities_community (id, name, upcoming_meeting_started, upcoming_meeting_scheduled_at, upcoming_meeting_location, upcoming_meeting_comments, upcoming_meeting_guests, upcoming_meeting_version, upcoming_meeting_is_published, upcoming_meeting_published_at, upcoming_meeting_summary, board_name, uid, is_public, upcoming_meeting_title, logo, official_identifier, straw_voting_enabled, voting_ends_at, referendum_started, referendum_started_at, referendum_ends_at, default_quorum, issue_ranking_enabled, allow_links_in_emails, register_missing_board_members, email_invitees, inform_system_manager, no_meetings_community) FROM stdin;
5	Margo Test	f	\N	\N	\N	\N	0	f	\N	\N	Board	exe0jw7rf28ftfsityddqbn8	f	\N			t	\N	f	\N	\N	\N	t	t	f	f	f	f
3	ניסוי	f	\N	\N	\N	\N	1	t	2014-02-09 21:52:26.445734+00	\N	הנהלה	qeubfffxu2cpuoy1zoxf7hgn	f	\N			t	\N	f	\N	\N	\N	t	t	f	f	f	f
6	Austin	f	2014-02-27 08:00:00+00	Main hall	The meeting will include a speech by Mr. Obama		1	t	2014-02-27 13:15:31.319945+00	\N	City Counsil	5pah79bfzhsknnnqszv2ht9z	t				t	2025-05-22 04:17:09.388379+00	f	\N	\N	\N	t	t	f	f	f	f
4	ניסוי 2	f	\N	\N	\N	\N	0	f	\N	\N	הנהלה	fz7ev0aqle59xy9iuu1l15ey	f	\N			t	\N	f	\N	\N	\N	f	t	f	f	f	f
7	קהילה בודקת	f	2015-05-28 21:00:00+00	חדר ישיבות			11	t	2015-05-04 08:48:44.834026+00	\N	ועד	rtenzuc7b5ms5ysu20fz2zv4	f	פגישת הנהלה			t	2025-01-01 10:00:00+00	f	\N	\N	\N	t	t	t	f	f	f
2	*אופק*	t	\N	בבור. מחילה 3 מימין			0	f	\N	\N	הנהלה ראשית	84rxse2drzhmerbgzgxg9aur	f	דיון אסטרטגי			t	2015-05-04 09:40:00.946232+00	f	\N	\N	\N	f	t	f	f	f	f
1	Yaniv Test	f	2015-09-02 07:00:00+00				0	f	\N	\N	Board	ihqdbmnb7gcny0sdmhbdaag0	t				t	2026-03-24 20:44:18.951881+00	f	\N	\N	\N	t	t	t	f	f	f
\.


--
-- Name: communities_community_id_seq; Type: SEQUENCE SET; Schema: public; Owner: oc_yaniv
--

SELECT pg_catalog.setval('communities_community_id_seq', 8, true);


--
-- Data for Name: communities_community_upcoming_meeting_participants; Type: TABLE DATA; Schema: public; Owner: oc_yaniv
--

COPY communities_community_upcoming_meeting_participants (id, community_id, ocuser_id) FROM stdin;
97	6	16
98	6	17
99	6	18
100	6	19
101	6	20
102	6	21
103	6	22
216	2	35
\.


--
-- Name: communities_community_upcoming_meeting_participants_id_seq; Type: SEQUENCE SET; Schema: public; Owner: oc_yaniv
--

SELECT pg_catalog.setval('communities_community_upcoming_meeting_participants_id_seq', 216, true);


--
-- Data for Name: communities_communityconfidentialreason; Type: TABLE DATA; Schema: public; Owner: oc_yaniv
--

COPY communities_communityconfidentialreason (id, community_id, title) FROM stdin;
1	2	Privacy
2	2	Commercial
3	2	Security
4	4	Privacy
5	4	Commercial
6	4	Security
7	5	Privacy
8	5	Commercial
9	5	Security
10	3	Privacy
11	3	Commercial
12	3	Security
13	1	Privacy
14	1	Commercial
15	1	Security
16	6	Privacy
17	6	Commercial
18	6	Security
19	7	פרטיות
20	7	מסחרי
21	7	ביטחון
\.


--
-- Name: communities_communityconfidentialreason_id_seq; Type: SEQUENCE SET; Schema: public; Owner: oc_yaniv
--

SELECT pg_catalog.setval('communities_communityconfidentialreason_id_seq', 25, true);


--
-- Data for Name: django_admin_log; Type: TABLE DATA; Schema: public; Owner: oc_yaniv
--

COPY django_admin_log (id, action_time, user_id, content_type_id, object_id, object_repr, action_flag, change_message) FROM stdin;
1	2013-10-22 16:03:30.533317+00	1	7	2	בועז חן	1	
2	2013-10-22 16:03:41.218624+00	1	7	2	בועז חן	2	password, is_superuser ו is_staff שונה.
3	2013-10-22 16:04:17.846554+00	1	10	1	בדיקות שרת יניב	1	
4	2013-10-24 22:24:42.523321+00	3	7	3	אודי אורון	2	password ו display_name שונה.
5	2013-11-12 19:22:21.578648+00	1	10	1	בדיקות שרת יניב	2	straw_voting_enabled שונה.
6	2013-11-13 16:51:36.221344+00	1	7	5	עמיר	1	
7	2013-11-13 16:51:43.87138+00	1	7	5	עמיר	2	password, is_superuser ו is_staff שונה.
8	2013-11-15 14:48:30.578418+00	2	8	2	בדיקות שרת יניב: בועז חן (יושב ראש)	2	default_group_name שונה.
9	2013-11-24 10:50:22.731686+00	2	10	2	*אופק*	1	
10	2013-11-24 11:09:14.93538+00	2	10	2	*אופק*	2	straw_voting_enabled שונה.
11	2013-11-24 15:07:30.491726+00	2	10	1	בדיקות שרת יניב	2	בוצעה מחיקת חבר קהילה "בדיקות שרת יניב: אהרן פורת (יושב ראש)".
12	2013-11-28 21:46:30.097039+00	1	12	12	24 בנובמבר 2013	2	scheduled_at שונה.
13	2013-11-28 21:46:52.843325+00	1	12	12	24 בנובמבר 2013	2	scheduled_at שונה.
14	2013-11-28 21:47:15.201785+00	1	12	12	29 בנובמבר 2013	2	held_at שונה.
15	2013-11-28 21:47:27.432732+00	1	12	12	24 בנובמבר 2013	2	held_at שונה.
16	2013-12-30 17:31:56.05052+00	2	10	1	בדיקות שרת יניב	2	issue_ranking_enabled שונה.
17	2013-12-31 14:09:04.045655+00	2	10	3	ניסוי - הנהלה	1	
18	2013-12-31 14:09:16.974693+00	2	10	4	ניסוי - הנהלה	1	
19	2013-12-31 20:15:35.195564+00	1	10	1	בדיקות שרת יניב	2	board_name שונה.
20	2013-12-31 20:15:59.963263+00	1	10	2	*אופק*	2	board_name שונה.
21	2014-01-01 19:36:29.804392+00	2	10	1	בדיקות שרת יניב	2	board_name שונה.
22	2014-01-14 13:34:54.696337+00	1	7	1	יניב מיראל	2	password ו display_name שונה.
23	2014-01-15 10:59:40.750049+00	2	9	8	בדיקות שרת יניב: yaniv@aol.com (חבר)	3	
24	2014-01-17 14:44:41.340192+00	1	10	1	בדיקות שרת יניב	2	issue_ranking_enabled שונה.
25	2014-01-17 14:44:57.796075+00	1	10	1	בדיקות שרת יניב	2	issue_ranking_enabled שונה.
26	2014-01-22 13:32:41.851375+00	1	10	1	בדיקות שרת יניב	2	register_missing_board_members שונה.
27	2014-01-24 14:52:55.787333+00	2	10	4	ניסוי 2	2	name ו issue_ranking_enabled שונה.
28	2014-02-09 11:52:19.940631+00	2	10	5	Margo Test	1	
29	2014-02-12 08:02:32.79729+00	1	8	8	ניסוי: משה אופניק (member)	2	Changed community.
30	2014-02-12 08:03:55.913555+00	1	10	1	בדיקות שרת יניב	2	Changed is_public.
31	2014-02-12 08:10:36.101649+00	1	10	1	בדיקות שרת יניב	2	Changed is_public.
32	2014-02-16 23:30:40.819607+00	2	7	2	Boaz Chen	2	Changed password and display_name.
33	2014-02-16 23:31:06.865253+00	2	7	4	Bob Member	2	Changed password and display_name.
34	2014-02-16 23:31:27.706808+00	2	7	4	Bob Member	2	Changed password. Added Community Member "Margo Test: Bob Member (member)".
35	2014-02-17 18:32:12.136+00	1	7	10	Itay Sagi	1	
36	2014-02-17 18:32:26.513725+00	1	7	10	Itay Sagi	2	Changed password and is_staff.
37	2014-02-20 13:45:18.029342+00	2	10	6	Demos Village	1	
38	2014-02-20 14:02:16.424513+00	2	7	13	George Bush	1	
39	2014-02-20 14:11:14.026473+00	2	7	14	Barak Obama	1	
40	2014-02-20 14:11:42.571731+00	2	7	15	Bill Clinton	1	
41	2014-02-20 14:11:47.809349+00	2	10	6	Demos City	2	Changed name and board_name. Added Community Member "Demos City: George Bush (board)". Added Community Member "Demos City: Barak Obama (board)". Added Community Member "Demos City: Bill Clinton (board)".
42	2014-02-20 14:44:31.043054+00	2	10	1	Yaniv Test	2	Changed name and board_name.
43	2014-02-20 15:28:35.160606+00	2	10	6	Austin	2	Changed name and board_name.
44	2014-02-20 16:23:36.605847+00	2	7	16	Sheryl Cole	1	
45	2014-02-20 16:23:51.660151+00	2	7	16	Sheryl Cole	2	Changed password.
46	2014-02-20 16:24:14.872036+00	2	7	17	Chris Riley 	1	
47	2014-02-20 16:24:28.554645+00	2	7	17	Chris Riley 	2	Changed password. Added Community Member "Austin: Chris Riley  (board)".
48	2014-02-20 16:25:08.233734+00	2	7	18	William Spelman	1	
49	2014-02-20 16:26:03.859468+00	2	7	18	William Spelman	2	Changed password.
50	2014-02-20 16:26:29.905688+00	2	7	19	Mike Martinez	1	
51	2014-02-20 16:26:43.199255+00	2	7	19	Mike Martinez	2	Changed password.
52	2014-02-20 16:27:05.519343+00	2	7	20	Kathie Tovo	1	
53	2014-02-20 16:27:49.437411+00	2	7	20	Kathie Tovo	2	Changed password.
54	2014-02-20 16:28:15.520398+00	2	7	21	Laura Morrison	1	
55	2014-02-20 16:31:57.630628+00	2	10	6	Austin	2	Deleted Community Member "Austin: George Bush (board)". Deleted Community Member "Austin: Barak Obama (board)". Deleted Community Member "Austin: Bill Clinton (board)".
56	2014-02-20 16:46:45.571404+00	2	7	22	Lee Leffingwell 	1	
57	2014-02-20 16:47:24.592722+00	2	10	6	Austin	2	Added Community Member "Austin: Sheryl Cole (chairman)".
58	2014-02-20 16:47:46.073749+00	2	10	6	Austin	2	Added Community Member "Austin: Boaz Chen (chairman)".
59	2014-02-20 16:49:27.030217+00	2	10	6	Austin	2	Deleted Community Member "Austin: Boaz Chen (chairman)".
60	2014-02-20 17:14:37.62711+00	2	15	27	Rebate for the installation of energy efficient equipment	2	Changed created_by.
61	2014-02-20 17:15:23.41841+00	2	15	28	Incentives for the generation of solar energy at companies facilities	2	Changed created_by.
62	2014-02-20 17:15:46.205095+00	2	15	29	Reappraisal of properties affected by the floods	2	Changed created_by.
63	2014-02-20 17:16:07.806704+00	2	15	30	Conversion of City-owned land to dedicated parkland 	2	Changed created_by.
64	2014-02-20 19:35:08.988146+00	2	15	30	Conversion of City-owned land to dedicated parkland 	2	Changed content for issue comment "IssueComment object". Deleted issue comment "IssueComment object".
65	2014-02-20 21:09:00.513669+00	2	15	30	Conversion of City-owned land to dedicated parkland 	2	Changed content for issue comment "IssueComment object". Deleted Agenda Item "Conversion of City-owned land to dedicated parkland ".
66	2014-02-20 21:46:14.826078+00	2	10	6	Austin	2	Added Community Member "Austin: Boaz Chen (chairman)".
67	2014-02-22 06:20:47.070666+00	1	7	23	Yaniv Board	1	
68	2014-02-27 13:13:10.53268+00	2	10	6	Austin	2	Changed straw_voting_enabled and issue_ranking_enabled.
69	2014-03-01 21:38:23.141495+00	5	7	24	Amir board	1	
70	2014-12-21 21:44:06.178597+00	1	7	26	אופיר רז	1	
71	2015-01-13 09:16:37.264703+00	2	7	6	אהרן פורת	2	password, is_superuser ו is_staff שונה.
72	2015-02-26 13:03:13.642083+00	6	7	6	אהרן פורת	2	password שונה. בוצע שינוי default_group_name עבור חבר קהילה "Yaniv Test: אהרן פורת (יושב ראש)".
73	2015-04-01 09:54:37.977959+00	6	10	7	קהילה בודקת	1	
74	2015-04-01 10:26:29.531944+00	6	10	7	קהילה בודקת	2	straw_voting_enabled שונה.
75	2015-04-01 10:28:04.511677+00	6	10	7	קהילה בודקת	2	אף שדה לא השתנה.
76	2015-04-01 10:37:18.287476+00	6	10	7	קהילה בודקת	2	issue_ranking_enabled ו no_meetings_community שונה.
77	2015-04-01 10:39:40.91869+00	6	10	7	קהילה בודקת	2	is_public שונה.
78	2015-04-01 10:44:18.033775+00	6	10	7	קהילה בודקת	2	is_public ו no_meetings_community שונה.
79	2015-04-01 10:48:35.54068+00	6	10	7	קהילה בודקת	2	is_public, email_invitees ו inform_system_manager שונה.
80	2015-04-01 11:47:37.957376+00	6	10	7	קהילה בודקת	2	is_public שונה.
81	2015-04-13 16:08:09.168996+00	6	8	37	קהילה בודקת: שחף (חבר)	3	
82	2015-04-13 16:08:16.762194+00	6	8	35	קהילה בודקת: עדן (חבר)	3	
83	2015-04-13 17:33:46.60136+00	2	10	7	קהילה בודקת	2	בוצעה הוספת חבר קהילה "קהילה בודקת: Boaz Chen (יושב ראש)".
84	2015-04-13 17:47:15.180716+00	2	10	7	קהילה בודקת	2	email_invitees שונה.
85	2015-04-13 17:47:53.27837+00	2	10	7	קהילה בודקת	2	email_invitees שונה.
86	2015-04-13 21:51:16.439865+00	2	10	8	למחוק אותי	1	
87	2015-04-13 21:51:55.557007+00	2	10	8	למחוק אותי	3	
\.


--
-- Name: django_admin_log_id_seq; Type: SEQUENCE SET; Schema: public; Owner: oc_yaniv
--

SELECT pg_catalog.setval('django_admin_log_id_seq', 87, true);


--
-- Data for Name: django_content_type; Type: TABLE DATA; Schema: public; Owner: oc_yaniv
--

COPY django_content_type (id, name, app_label, model) FROM stdin;
1	permission	auth	permission
2	group	auth	group
3	content type	contenttypes	contenttype
4	session	sessions	session
5	log entry	admin	logentry
6	migration history	south	migrationhistory
7	user	users	ocuser
8	Community Member	users	membership
9	Invitation	users	invitation
10	Community	communities	community
11	Agenda Item	meetings	agendaitem
12	Meeting	meetings	meeting
13	Meeting Participant	meetings	meetingparticipant
14	Meeting External Participant	meetings	meetingexternalparticipant
15	Issue	issues	issue
16	issue comment	issues	issuecomment
17	issue comment revision	issues	issuecommentrevision
18	issue attachment	issues	issueattachment
19	Proposal Vote	issues	proposalvote
20	Proposal	issues	proposal
21	vote result	issues	voteresult
22	issue ranking vote	issues	issuerankingvote
23	issues graph	shultze	issuesgraph
24	issue node	shultze	issuenode
25	issue edge	shultze	issueedge
26	Proposal Vote	issues	proposalvoteboard
27	Tag	taggit	tag
28	Tagged Item	taggit	taggeditem
29	Confidential Reason	communities	communityconfidentialreason
30	Proposal vote argument	issues	proposalvoteargument
31	Proposal vote argument ranking	issues	proposalvoteargumentranking
\.


--
-- Name: django_content_type_id_seq; Type: SEQUENCE SET; Schema: public; Owner: oc_yaniv
--

SELECT pg_catalog.setval('django_content_type_id_seq', 31, true);


--
-- Data for Name: django_session; Type: TABLE DATA; Schema: public; Owner: oc_yaniv
--

COPY django_session (session_key, session_data, expire_date) FROM stdin;
ggg2eet20ryt026imq026ak9dvqatth4	MmIzZTkzOTYxZTI1MGUzMTQ5NjM4YTY5MTUwNDQwNjM5ZjJiZDBmYTqAAn1xAShVEl9hdXRoX3VzZXJfYmFja2VuZHECVSlkamFuZ28uY29udHJpYi5hdXRoLmJhY2tlbmRzLk1vZGVsQmFja2VuZHEDVQ1fYXV0aF91c2VyX2lkcQRLA3Uu	2013-11-25 18:15:32.283168+00
buga4zoylz73ocfte0usjmfy0slhnb86	NTZhY2YxZTEyODAxMmU4ZjhhOThjOGY5OTBhZTUwMjM1Mjk5YjQxMTqAAn1xAShVEl9hdXRoX3VzZXJfYmFja2VuZFUpZGphbmdvLmNvbnRyaWIuYXV0aC5iYWNrZW5kcy5Nb2RlbEJhY2tlbmRxAlUNX2F1dGhfdXNlcl9pZEsCdS4=	2013-12-07 22:38:21.889522+00
k1jn1ccxz2owq0mey0fs72npy05gxy4b	ZDI2ZmJiYTIwMmM2MTUxMzUzNWQ0M2ZlNDgwYzVkODRlOTNkNTUxNzqAAn1xAShVEl9hdXRoX3VzZXJfYmFja2VuZHECVSlkamFuZ28uY29udHJpYi5hdXRoLmJhY2tlbmRzLk1vZGVsQmFja2VuZHEDVQ1fYXV0aF91c2VyX2lkcQRLAnUu	2013-12-08 09:54:00.763733+00
ewi3vbapdb6x2iu90ufykkfj34m72w6h	YmMxMTEzZjU1OTIwNjhlN2JiODM5NjFmMWEyZGNkZWM1NjAyZWY0ZjqAAn1xAShVEl9hdXRoX3VzZXJfYmFja2VuZHECVSlkamFuZ28uY29udHJpYi5hdXRoLmJhY2tlbmRzLk1vZGVsQmFja2VuZHEDVQ1fYXV0aF91c2VyX2lkcQRLBXUu	2013-11-28 10:40:52.169134+00
r20l8xi22z33ugxcljr7vamh40p3oqug	ZTQwYWU0NTllOGI5MzMxN2FiNzM3N2U1ZjY1NGFhYzE5OGY2M2U0YTqAAn1xAShVEl9hdXRoX3VzZXJfYmFja2VuZHECVSlkamFuZ28uY29udHJpYi5hdXRoLmJhY2tlbmRzLk1vZGVsQmFja2VuZHEDVQ1fYXV0aF91c2VyX2lkcQRLAXUu	2013-11-06 17:57:16.136618+00
9too287t0ernrchpwcrj4yp2iev0o71b	ODQ1OTM4MGNlZDM4NzdmZGFjZGNmOTdjYzRlNDcyZmZhMGY0YzFkYjqAAn1xAShYCgAAAHRlc3Rjb29raWVYBgAAAHdvcmtlZFUSX2F1dGhfdXNlcl9iYWNrZW5kcQJVKWRqYW5nby5jb250cmliLmF1dGguYmFja2VuZHMuTW9kZWxCYWNrZW5kcQNVDV9hdXRoX3VzZXJfaWRxBEsGdS4=	2013-12-08 14:33:58.877893+00
uu2kd0mceta2cn1hiy4fsm06h4o1zkyu	ZTQwYWU0NTllOGI5MzMxN2FiNzM3N2U1ZjY1NGFhYzE5OGY2M2U0YTqAAn1xAShVEl9hdXRoX3VzZXJfYmFja2VuZHECVSlkamFuZ28uY29udHJpYi5hdXRoLmJhY2tlbmRzLk1vZGVsQmFja2VuZHEDVQ1fYXV0aF91c2VyX2lkcQRLAXUu	2013-12-08 21:07:21.23978+00
x8r0hqag63xnyj5feme08rp2do9gmmel	MmIzZTkzOTYxZTI1MGUzMTQ5NjM4YTY5MTUwNDQwNjM5ZjJiZDBmYTqAAn1xAShVEl9hdXRoX3VzZXJfYmFja2VuZHECVSlkamFuZ28uY29udHJpYi5hdXRoLmJhY2tlbmRzLk1vZGVsQmFja2VuZHEDVQ1fYXV0aF91c2VyX2lkcQRLA3Uu	2013-11-07 22:24:16.376939+00
wh7emgk0kqvtu2il5lcectblmg04ww2a	YmMxMTEzZjU1OTIwNjhlN2JiODM5NjFmMWEyZGNkZWM1NjAyZWY0ZjqAAn1xAShVEl9hdXRoX3VzZXJfYmFja2VuZHECVSlkamFuZ28uY29udHJpYi5hdXRoLmJhY2tlbmRzLk1vZGVsQmFja2VuZHEDVQ1fYXV0aF91c2VyX2lkcQRLBXUu	2013-12-01 09:05:27.595058+00
eb05sc4en7vn93r9ghqjhpgtgzozm6mi	ZTQwYWU0NTllOGI5MzMxN2FiNzM3N2U1ZjY1NGFhYzE5OGY2M2U0YTqAAn1xAShVEl9hdXRoX3VzZXJfYmFja2VuZHECVSlkamFuZ28uY29udHJpYi5hdXRoLmJhY2tlbmRzLk1vZGVsQmFja2VuZHEDVQ1fYXV0aF91c2VyX2lkcQRLAXUu	2013-12-10 13:13:36.341023+00
zwamqiipwwi21qq910c1ytz5b0brr61u	ZTQwYWU0NTllOGI5MzMxN2FiNzM3N2U1ZjY1NGFhYzE5OGY2M2U0YTqAAn1xAShVEl9hdXRoX3VzZXJfYmFja2VuZHECVSlkamFuZ28uY29udHJpYi5hdXRoLmJhY2tlbmRzLk1vZGVsQmFja2VuZHEDVQ1fYXV0aF91c2VyX2lkcQRLAXUu	2013-11-10 10:31:10.28626+00
km5cp5htkl7x29tew0m0lalaq8kzfc3x	ZTQwYWU0NTllOGI5MzMxN2FiNzM3N2U1ZjY1NGFhYzE5OGY2M2U0YTqAAn1xAShVEl9hdXRoX3VzZXJfYmFja2VuZHECVSlkamFuZ28uY29udHJpYi5hdXRoLmJhY2tlbmRzLk1vZGVsQmFja2VuZHEDVQ1fYXV0aF91c2VyX2lkcQRLAXUu	2013-12-13 05:12:11.691023+00
330nioqc5dvvugjey18nhk48fhigouo6	ZDI2ZmJiYTIwMmM2MTUxMzUzNWQ0M2ZlNDgwYzVkODRlOTNkNTUxNzqAAn1xAShVEl9hdXRoX3VzZXJfYmFja2VuZHECVSlkamFuZ28uY29udHJpYi5hdXRoLmJhY2tlbmRzLk1vZGVsQmFja2VuZHEDVQ1fYXV0aF91c2VyX2lkcQRLAnUu	2013-11-10 10:32:18.981559+00
ejo1kinpfd3y2opbw21r8s9vbr5pbvjc	ZTQwYWU0NTllOGI5MzMxN2FiNzM3N2U1ZjY1NGFhYzE5OGY2M2U0YTqAAn1xAShVEl9hdXRoX3VzZXJfYmFja2VuZHECVSlkamFuZ28uY29udHJpYi5hdXRoLmJhY2tlbmRzLk1vZGVsQmFja2VuZHEDVQ1fYXV0aF91c2VyX2lkcQRLAXUu	2013-12-23 19:50:36.096374+00
o8hochctakdzf1m0uzmx6fvow1p29sm2	ZDI2ZmJiYTIwMmM2MTUxMzUzNWQ0M2ZlNDgwYzVkODRlOTNkNTUxNzqAAn1xAShVEl9hdXRoX3VzZXJfYmFja2VuZHECVSlkamFuZ28uY29udHJpYi5hdXRoLmJhY2tlbmRzLk1vZGVsQmFja2VuZHEDVQ1fYXV0aF91c2VyX2lkcQRLAnUu	2013-11-11 18:14:31.077623+00
jzesq9oxo3i378k7tb1z3mkgs4fp7gwl	Njc3MDkyMTgwNDk1YzZlZmQ0YmUxNTM1M2E4MDNlMTcxZGI4NTFmMTqAAn1xAVgKAAAAdGVzdGNvb2tpZXECWAYAAAB3b3JrZWRxA3Mu	2013-11-11 19:54:19.831958+00
1jvq0y1o79dcxpddl3h03his3xuebwuo	YmMxMTEzZjU1OTIwNjhlN2JiODM5NjFmMWEyZGNkZWM1NjAyZWY0ZjqAAn1xAShVEl9hdXRoX3VzZXJfYmFja2VuZHECVSlkamFuZ28uY29udHJpYi5hdXRoLmJhY2tlbmRzLk1vZGVsQmFja2VuZHEDVQ1fYXV0aF91c2VyX2lkcQRLBXUu	2013-12-26 13:03:55.445727+00
frrmzhduae0g19pgpi5okfkispg6chvc	Njc3MDkyMTgwNDk1YzZlZmQ0YmUxNTM1M2E4MDNlMTcxZGI4NTFmMTqAAn1xAVgKAAAAdGVzdGNvb2tpZXECWAYAAAB3b3JrZWRxA3Mu	2013-12-26 19:04:37.041899+00
j9655sg80uqr1461fodmcnwpawz9iw1k	ZDI2ZmJiYTIwMmM2MTUxMzUzNWQ0M2ZlNDgwYzVkODRlOTNkNTUxNzqAAn1xAShVEl9hdXRoX3VzZXJfYmFja2VuZHECVSlkamFuZ28uY29udHJpYi5hdXRoLmJhY2tlbmRzLk1vZGVsQmFja2VuZHEDVQ1fYXV0aF91c2VyX2lkcQRLAnUu	2013-11-11 20:45:46.795301+00
llofegojtl9v3lyls9nkddflyyalgnzs	Njc3MDkyMTgwNDk1YzZlZmQ0YmUxNTM1M2E4MDNlMTcxZGI4NTFmMTqAAn1xAVgKAAAAdGVzdGNvb2tpZXECWAYAAAB3b3JrZWRxA3Mu	2013-11-11 21:18:19.582067+00
qk64ygmc4kcmtvnjwkrxfcqjuj34igue	Njc3MDkyMTgwNDk1YzZlZmQ0YmUxNTM1M2E4MDNlMTcxZGI4NTFmMTqAAn1xAVgKAAAAdGVzdGNvb2tpZXECWAYAAAB3b3JrZWRxA3Mu	2013-12-03 09:56:50.326574+00
9lnq5aujmmqdzpznx8nnedbzyipkik6c	ZDI2ZmJiYTIwMmM2MTUxMzUzNWQ0M2ZlNDgwYzVkODRlOTNkNTUxNzqAAn1xAShVEl9hdXRoX3VzZXJfYmFja2VuZHECVSlkamFuZ28uY29udHJpYi5hdXRoLmJhY2tlbmRzLk1vZGVsQmFja2VuZHEDVQ1fYXV0aF91c2VyX2lkcQRLAnUu	2013-12-28 06:13:48.235234+00
28ieuuex9l1jm7dn28a1is2o25ss879e	ZTQwYWU0NTllOGI5MzMxN2FiNzM3N2U1ZjY1NGFhYzE5OGY2M2U0YTqAAn1xAShVEl9hdXRoX3VzZXJfYmFja2VuZHECVSlkamFuZ28uY29udHJpYi5hdXRoLmJhY2tlbmRzLk1vZGVsQmFja2VuZHEDVQ1fYXV0aF91c2VyX2lkcQRLAXUu	2013-11-13 18:19:44.965022+00
02otg5cufqr7tr3ls8p2oehmuhn8cxak	MTA1YTE1ZDkxMDc2NmZkYTM5OTlmYTAxNmRmY2ViMDUyNTY2OWFhMDqAAn1xAVgKAAAAdGVzdGNvb2tpZVgGAAAAd29ya2VkcQJzLg==	2013-11-18 20:17:54.630617+00
zafy7r5oveus39ex11cpel9c1krc5kqc	Njc3MDkyMTgwNDk1YzZlZmQ0YmUxNTM1M2E4MDNlMTcxZGI4NTFmMTqAAn1xAVgKAAAAdGVzdGNvb2tpZXECWAYAAAB3b3JrZWRxA3Mu	2013-11-18 21:12:23.698145+00
d3rk3m7h7bzcgzxgxzutvsf2tpp7vvza	ZDI2ZmJiYTIwMmM2MTUxMzUzNWQ0M2ZlNDgwYzVkODRlOTNkNTUxNzqAAn1xAShVEl9hdXRoX3VzZXJfYmFja2VuZHECVSlkamFuZ28uY29udHJpYi5hdXRoLmJhY2tlbmRzLk1vZGVsQmFja2VuZHEDVQ1fYXV0aF91c2VyX2lkcQRLAnUu	2013-11-18 21:19:25.371842+00
groxe13f6idg1bs2ihelk8sjz6dihppm	Njc3MDkyMTgwNDk1YzZlZmQ0YmUxNTM1M2E4MDNlMTcxZGI4NTFmMTqAAn1xAVgKAAAAdGVzdGNvb2tpZXECWAYAAAB3b3JrZWRxA3Mu	2013-11-18 22:34:56.416246+00
wr0uonuudklvxag2et38f34lcp25c4uh	Njc3MDkyMTgwNDk1YzZlZmQ0YmUxNTM1M2E4MDNlMTcxZGI4NTFmMTqAAn1xAVgKAAAAdGVzdGNvb2tpZXECWAYAAAB3b3JrZWRxA3Mu	2013-12-03 12:56:46.034405+00
r6w19nltw7iwmovst2dmytwyskq4vz6i	ZDI2ZmJiYTIwMmM2MTUxMzUzNWQ0M2ZlNDgwYzVkODRlOTNkNTUxNzqAAn1xAShVEl9hdXRoX3VzZXJfYmFja2VuZHECVSlkamFuZ28uY29udHJpYi5hdXRoLmJhY2tlbmRzLk1vZGVsQmFja2VuZHEDVQ1fYXV0aF91c2VyX2lkcQRLAnUu	2013-11-20 10:28:53.513544+00
0izb7s2cpnr187huvhv4sswfh0nzl4k2	ZTQwYWU0NTllOGI5MzMxN2FiNzM3N2U1ZjY1NGFhYzE5OGY2M2U0YTqAAn1xAShVEl9hdXRoX3VzZXJfYmFja2VuZHECVSlkamFuZ28uY29udHJpYi5hdXRoLmJhY2tlbmRzLk1vZGVsQmFja2VuZHEDVQ1fYXV0aF91c2VyX2lkcQRLAXUu	2013-11-24 20:17:46.786263+00
ynr28a04nq9v42quooyyy952h9isozga	ZDI2ZmJiYTIwMmM2MTUxMzUzNWQ0M2ZlNDgwYzVkODRlOTNkNTUxNzqAAn1xAShVEl9hdXRoX3VzZXJfYmFja2VuZHECVSlkamFuZ28uY29udHJpYi5hdXRoLmJhY2tlbmRzLk1vZGVsQmFja2VuZHEDVQ1fYXV0aF91c2VyX2lkcQRLAnUu	2013-12-06 07:55:54.455915+00
r405fz9hq0cg18b4rp3m4dbegz7rxyuw	ZDI2ZmJiYTIwMmM2MTUxMzUzNWQ0M2ZlNDgwYzVkODRlOTNkNTUxNzqAAn1xAShVEl9hdXRoX3VzZXJfYmFja2VuZHECVSlkamFuZ28uY29udHJpYi5hdXRoLmJhY2tlbmRzLk1vZGVsQmFja2VuZHEDVQ1fYXV0aF91c2VyX2lkcQRLAnUu	2013-12-29 11:32:05.78425+00
ruqjsq186n0rkaj05y1c9344p3s5539g	NTU1ZDI0MjM0ZjBlMDE3NmViOTU2NjM4MDUzZTZlYWE0OGY5YTlhZjqAAn1xAShVEl9hdXRoX3VzZXJfYmFja2VuZHECVSlkamFuZ28uY29udHJpYi5hdXRoLmJhY2tlbmRzLk1vZGVsQmFja2VuZHEDVQ1fYXV0aF91c2VyX2lkcQRLB3Uu	2013-12-30 11:47:38.995514+00
xc2rju4h4kmtohi0d9bvx13jda0foxz7	ZDI2ZmJiYTIwMmM2MTUxMzUzNWQ0M2ZlNDgwYzVkODRlOTNkNTUxNzqAAn1xAShVEl9hdXRoX3VzZXJfYmFja2VuZHECVSlkamFuZ28uY29udHJpYi5hdXRoLmJhY2tlbmRzLk1vZGVsQmFja2VuZHEDVQ1fYXV0aF91c2VyX2lkcQRLAnUu	2013-12-28 06:36:13.016292+00
lftxg3q4u3b1dde1g56wwgjs85grk5e9	NWU4YjgyZTgzODRhZjFiMTBlNjE3ZTczMDc2MmY5NGU3ZjgwNzhjZTqAAn1xAShYDwAAAF9zZXNzaW9uX2V4cGlyeXECSoBTOwBVEl9hdXRoX3VzZXJfYmFja2VuZHEDVSlkamFuZ28uY29udHJpYi5hdXRoLmJhY2tlbmRzLk1vZGVsQmFja2VuZHEEVQ1fYXV0aF91c2VyX2lkcQVLAXUu	2014-06-12 19:27:55.285771+00
76kyofmgxsgfr2i3dgr35n8vmq0pdw3p	ZDI2ZmJiYTIwMmM2MTUxMzUzNWQ0M2ZlNDgwYzVkODRlOTNkNTUxNzqAAn1xAShVEl9hdXRoX3VzZXJfYmFja2VuZHECVSlkamFuZ28uY29udHJpYi5hdXRoLmJhY2tlbmRzLk1vZGVsQmFja2VuZHEDVQ1fYXV0aF91c2VyX2lkcQRLAnUu	2014-01-15 19:24:49.311396+00
xouwqtx7zjs71clnyonvehy4151tajp0	ZDI2ZmJiYTIwMmM2MTUxMzUzNWQ0M2ZlNDgwYzVkODRlOTNkNTUxNzqAAn1xAShVEl9hdXRoX3VzZXJfYmFja2VuZHECVSlkamFuZ28uY29udHJpYi5hdXRoLmJhY2tlbmRzLk1vZGVsQmFja2VuZHEDVQ1fYXV0aF91c2VyX2lkcQRLAnUu	2014-01-19 07:18:46.833259+00
a6jzz6fcx51wvsxqsjksygnya52dmh3x	YmMxMTEzZjU1OTIwNjhlN2JiODM5NjFmMWEyZGNkZWM1NjAyZWY0ZjqAAn1xAShVEl9hdXRoX3VzZXJfYmFja2VuZHECVSlkamFuZ28uY29udHJpYi5hdXRoLmJhY2tlbmRzLk1vZGVsQmFja2VuZHEDVQ1fYXV0aF91c2VyX2lkcQRLBXUu	2014-01-20 18:33:08.871244+00
o4kwe6gxkuqysbrgvxss8wu4m0qt0x1q	ZTQwYWU0NTllOGI5MzMxN2FiNzM3N2U1ZjY1NGFhYzE5OGY2M2U0YTqAAn1xAShVEl9hdXRoX3VzZXJfYmFja2VuZHECVSlkamFuZ28uY29udHJpYi5hdXRoLmJhY2tlbmRzLk1vZGVsQmFja2VuZHEDVQ1fYXV0aF91c2VyX2lkcQRLAXUu	2014-01-27 16:12:26.236124+00
qtwzi00a0m99icyrgzy6qyixwoo58zhk	MTA1YTE1ZDkxMDc2NmZkYTM5OTlmYTAxNmRmY2ViMDUyNTY2OWFhMDqAAn1xAVgKAAAAdGVzdGNvb2tpZVgGAAAAd29ya2VkcQJzLg==	2014-06-21 00:13:33.356172+00
6cchkfnk5u78zi6d15wekl7omeswfl0a	ZDI2ZmJiYTIwMmM2MTUxMzUzNWQ0M2ZlNDgwYzVkODRlOTNkNTUxNzqAAn1xAShVEl9hdXRoX3VzZXJfYmFja2VuZHECVSlkamFuZ28uY29udHJpYi5hdXRoLmJhY2tlbmRzLk1vZGVsQmFja2VuZHEDVQ1fYXV0aF91c2VyX2lkcQRLAnUu	2014-01-29 11:04:28.012746+00
iro611avrj8j63fpcv2w0a89vbpjg8v6	ZTQwYWU0NTllOGI5MzMxN2FiNzM3N2U1ZjY1NGFhYzE5OGY2M2U0YTqAAn1xAShVEl9hdXRoX3VzZXJfYmFja2VuZHECVSlkamFuZ28uY29udHJpYi5hdXRoLmJhY2tlbmRzLk1vZGVsQmFja2VuZHEDVQ1fYXV0aF91c2VyX2lkcQRLAXUu	2014-02-01 05:32:26.474897+00
ed3f74m8aax450fsndlwqo66ogzdbrwh	YmMxMTEzZjU1OTIwNjhlN2JiODM5NjFmMWEyZGNkZWM1NjAyZWY0ZjqAAn1xAShVEl9hdXRoX3VzZXJfYmFja2VuZHECVSlkamFuZ28uY29udHJpYi5hdXRoLmJhY2tlbmRzLk1vZGVsQmFja2VuZHEDVQ1fYXV0aF91c2VyX2lkcQRLBXUu	2014-02-09 21:57:07.859781+00
0z2rsho7gh4476dfrwy7ut1b9ln5c5w4	Njc3MDkyMTgwNDk1YzZlZmQ0YmUxNTM1M2E4MDNlMTcxZGI4NTFmMTqAAn1xAVgKAAAAdGVzdGNvb2tpZXECWAYAAAB3b3JrZWRxA3Mu	2014-02-25 13:47:22.668267+00
tx7xpyhc2pr61zh7k5pi296ga20bapta	NzcyMDU5YjQ0YmU5NzU0ODMzNmUzYzQ5ZTM2YmQyYjVkYmMyMDFkZTqAAn1xAShYDwAAAF9zZXNzaW9uX2V4cGlyeXECSoBTOwBVEl9hdXRoX3VzZXJfYmFja2VuZHEDVSlkamFuZ28uY29udHJpYi5hdXRoLmJhY2tlbmRzLk1vZGVsQmFja2VuZHEEVQ1fYXV0aF91c2VyX2lkcQVLBXUu	2014-04-15 22:13:17.203802+00
6qqqwxjgbznbo9x04edp0ucf79x22ayv	ZWRiNzAwM2Y2NWRlNTM3YzQ0OGJhMWFlZWU0OTI2MWE0ZmRjNDBhYjqAAn1xAShYDwAAAF9zZXNzaW9uX2V4cGlyeXECSoBTOwBVEl9hdXRoX3VzZXJfYmFja2VuZHEDVSlkamFuZ28uY29udHJpYi5hdXRoLmJhY2tlbmRzLk1vZGVsQmFja2VuZHEEVQ1fYXV0aF91c2VyX2lkcQVLCXUu	2014-03-29 08:03:13.601175+00
lw333p5yebo4xmgb70y7pbf7nmm5ykwg	NWU4YjgyZTgzODRhZjFiMTBlNjE3ZTczMDc2MmY5NGU3ZjgwNzhjZTqAAn1xAShYDwAAAF9zZXNzaW9uX2V4cGlyeXECSoBTOwBVEl9hdXRoX3VzZXJfYmFja2VuZHEDVSlkamFuZ28uY29udHJpYi5hdXRoLmJhY2tlbmRzLk1vZGVsQmFja2VuZHEEVQ1fYXV0aF91c2VyX2lkcQVLAXUu	2014-04-03 18:58:14.876644+00
cnpl7u3528b2r7wa5ggfhyjcubr197d3	MTUyZmRlNzIzZjIyY2QxYzBiOWM3YjA4NzE2MmI2Mjg2NGVlODcxMjqAAn1xAShVEl9hdXRoX3VzZXJfYmFja2VuZHECVSlkamFuZ28uY29udHJpYi5hdXRoLmJhY2tlbmRzLk1vZGVsQmFja2VuZHEDVQ1fYXV0aF91c2VyX2lkcQRLDHUu	2014-03-05 20:15:55.734767+00
avjhfq8i6wwikewt0ofzc5r23mt4l0oh	NjkwZGE3N2QyYmU1N2EzYjFjODZiN2YwNjc1ZGI3NWM1NWMzNDgzOTqAAn1xAShYDwAAAF9zZXNzaW9uX2V4cGlyeXECSoBTOwBVEl9hdXRoX3VzZXJfYmFja2VuZHEDVSlkamFuZ28uY29udHJpYi5hdXRoLmJhY2tlbmRzLk1vZGVsQmFja2VuZHEEVQ1fYXV0aF91c2VyX2lkcQVLAnUu	2014-04-06 14:57:59.748587+00
zd9azpfkyt62t0omhh0gzb8udomee4ke	Y2JhNDYwMDJmNjA1NmE4ZTQ2YjlmZjYwOThmMGE5MzhmNmFkMmUxYzqAAn1xAShYDwAAAF9zZXNzaW9uX2V4cGlyeXECSoBTOwBVEl9hdXRoX3VzZXJfYmFja2VuZHEDVSlkamFuZ28uY29udHJpYi5hdXRoLmJhY2tlbmRzLk1vZGVsQmFja2VuZHEEVQ1fYXV0aF91c2VyX2lkcQVLFHUu	2014-04-06 17:05:59.518493+00
fq8p3kr6xyd5mk2uzfs0qlcvkkip1a2d	ZTQwYWU0NTllOGI5MzMxN2FiNzM3N2U1ZjY1NGFhYzE5OGY2M2U0YTqAAn1xAShVEl9hdXRoX3VzZXJfYmFja2VuZHECVSlkamFuZ28uY29udHJpYi5hdXRoLmJhY2tlbmRzLk1vZGVsQmFja2VuZHEDVQ1fYXV0aF91c2VyX2lkcQRLAXUu	2013-12-28 18:46:39.146977+00
rdjx6hw0xpirrzuua429cuqkv58b6qzu	ZTQwYWU0NTllOGI5MzMxN2FiNzM3N2U1ZjY1NGFhYzE5OGY2M2U0YTqAAn1xAShVEl9hdXRoX3VzZXJfYmFja2VuZHECVSlkamFuZ28uY29udHJpYi5hdXRoLmJhY2tlbmRzLk1vZGVsQmFja2VuZHEDVQ1fYXV0aF91c2VyX2lkcQRLAXUu	2014-01-02 05:35:03.955254+00
lx7fu0q1110vg06d73iwpzxept15jeho	NjkwZGE3N2QyYmU1N2EzYjFjODZiN2YwNjc1ZGI3NWM1NWMzNDgzOTqAAn1xAShYDwAAAF9zZXNzaW9uX2V4cGlyeXECSoBTOwBVEl9hdXRoX3VzZXJfYmFja2VuZHEDVSlkamFuZ28uY29udHJpYi5hdXRoLmJhY2tlbmRzLk1vZGVsQmFja2VuZHEEVQ1fYXV0aF91c2VyX2lkcQVLAnUu	2014-05-31 08:22:56.63826+00
u5dn8v7yq5km5cofuxfmeu3dgngf58ux	ZDI2ZmJiYTIwMmM2MTUxMzUzNWQ0M2ZlNDgwYzVkODRlOTNkNTUxNzqAAn1xAShVEl9hdXRoX3VzZXJfYmFja2VuZHECVSlkamFuZ28uY29udHJpYi5hdXRoLmJhY2tlbmRzLk1vZGVsQmFja2VuZHEDVQ1fYXV0aF91c2VyX2lkcQRLAnUu	2014-01-13 17:29:48.665151+00
vivm8jhzllat7vkch3emqgpkls7pd8uh	Njc3MDkyMTgwNDk1YzZlZmQ0YmUxNTM1M2E4MDNlMTcxZGI4NTFmMTqAAn1xAVgKAAAAdGVzdGNvb2tpZXECWAYAAAB3b3JrZWRxA3Mu	2014-05-12 20:57:23.775186+00
w24cp1cq7av56tc5wdb3z1a79nrr1i3v	NWU4YjgyZTgzODRhZjFiMTBlNjE3ZTczMDc2MmY5NGU3ZjgwNzhjZTqAAn1xAShYDwAAAF9zZXNzaW9uX2V4cGlyeXECSoBTOwBVEl9hdXRoX3VzZXJfYmFja2VuZHEDVSlkamFuZ28uY29udHJpYi5hdXRoLmJhY2tlbmRzLk1vZGVsQmFja2VuZHEEVQ1fYXV0aF91c2VyX2lkcQVLAXUu	2014-04-11 18:55:22.939004+00
c28v3wg9ll2foz0tkegcaawvjv8aipph	Njc3MDkyMTgwNDk1YzZlZmQ0YmUxNTM1M2E4MDNlMTcxZGI4NTFmMTqAAn1xAVgKAAAAdGVzdGNvb2tpZXECWAYAAAB3b3JrZWRxA3Mu	2014-01-20 18:39:41.159504+00
qjbzg98l6hvqinnqd4r5t5s9bg5bwtrc	YTUxZmNkMDVmNjBiZTVkZmMxZjJhZjJmMzI1MmJkODE4ZDMzMTE1ODqAAn1xAShYDwAAAF9zZXNzaW9uX2V4cGlyeXECSoBTOwBVEl9hdXRoX3VzZXJfYmFja2VuZHEDVSlkamFuZ28uY29udHJpYi5hdXRoLmJhY2tlbmRzLk1vZGVsQmFja2VuZHEEVQ1fYXV0aF91c2VyX2lkcQVLE3Uu	2014-04-13 13:17:49.54987+00
t4eodp08z10frgc5kajlg4wp8z2gex70	Njc3MDkyMTgwNDk1YzZlZmQ0YmUxNTM1M2E4MDNlMTcxZGI4NTFmMTqAAn1xAVgKAAAAdGVzdGNvb2tpZXECWAYAAAB3b3JrZWRxA3Mu	2014-01-29 11:25:53.092949+00
ylnfhzbapaz17widnz48tunjcfsht1z6	ZDI2ZmJiYTIwMmM2MTUxMzUzNWQ0M2ZlNDgwYzVkODRlOTNkNTUxNzqAAn1xAShVEl9hdXRoX3VzZXJfYmFja2VuZHECVSlkamFuZ28uY29udHJpYi5hdXRoLmJhY2tlbmRzLk1vZGVsQmFja2VuZHEDVQ1fYXV0aF91c2VyX2lkcQRLAnUu	2014-02-17 20:03:51.413207+00
707lb32wzul693rshem729icd9k12kxj	MTA1YTE1ZDkxMDc2NmZkYTM5OTlmYTAxNmRmY2ViMDUyNTY2OWFhMDqAAn1xAVgKAAAAdGVzdGNvb2tpZVgGAAAAd29ya2VkcQJzLg==	2014-04-15 12:54:36.099605+00
nyujr2yg8frx8dusau6ok28wwzeofrg5	Njc3MDkyMTgwNDk1YzZlZmQ0YmUxNTM1M2E4MDNlMTcxZGI4NTFmMTqAAn1xAVgKAAAAdGVzdGNvb2tpZXECWAYAAAB3b3JrZWRxA3Mu	2014-01-14 10:32:05.700606+00
sqz0dnwlt3y8amw5l2wkrfa8vd0r4amf	NmI4MGNmMzQ2N2VhZmRhMjI0ZWQzMGFmZTEyMjlmNTA5MWYyNDkxMTqAAn1xAS4=	2014-04-30 09:47:37.056805+00
1yptrzccxndttbj5dtchcaajew8blzxx	ZTQwYWU0NTllOGI5MzMxN2FiNzM3N2U1ZjY1NGFhYzE5OGY2M2U0YTqAAn1xAShVEl9hdXRoX3VzZXJfYmFja2VuZHECVSlkamFuZ28uY29udHJpYi5hdXRoLmJhY2tlbmRzLk1vZGVsQmFja2VuZHEDVQ1fYXV0aF91c2VyX2lkcQRLAXUu	2014-01-19 07:16:35.778582+00
diagm0a6e9ilipogm5ydr5z4jidsh4lf	MmIzZTkzOTYxZTI1MGUzMTQ5NjM4YTY5MTUwNDQwNjM5ZjJiZDBmYTqAAn1xAShVEl9hdXRoX3VzZXJfYmFja2VuZHECVSlkamFuZ28uY29udHJpYi5hdXRoLmJhY2tlbmRzLk1vZGVsQmFja2VuZHEDVQ1fYXV0aF91c2VyX2lkcQRLA3Uu	2014-01-20 17:46:49.356307+00
1ong5kewjov9nelns4zf4sdwwjc32o9d	Njc3MDkyMTgwNDk1YzZlZmQ0YmUxNTM1M2E4MDNlMTcxZGI4NTFmMTqAAn1xAVgKAAAAdGVzdGNvb2tpZXECWAYAAAB3b3JrZWRxA3Mu	2014-01-21 20:16:32.700088+00
la9rw3hji8pnqqkxidxg3ssjcn3v23js	NmI4MGNmMzQ2N2VhZmRhMjI0ZWQzMGFmZTEyMjlmNTA5MWYyNDkxMTqAAn1xAS4=	2014-05-18 09:53:53.878195+00
50gt6xtuknz0z31wa5p7vskojyqtk443	ZDI2ZmJiYTIwMmM2MTUxMzUzNWQ0M2ZlNDgwYzVkODRlOTNkNTUxNzqAAn1xAShVEl9hdXRoX3VzZXJfYmFja2VuZHECVSlkamFuZ28uY29udHJpYi5hdXRoLmJhY2tlbmRzLk1vZGVsQmFja2VuZHEDVQ1fYXV0aF91c2VyX2lkcQRLAnUu	2014-01-29 10:53:04.101412+00
dy9l9pcnr4tvvdarfx1lw2g571eq6qcp	NzM3ZjhjMDRkNWJiNWFkZDAzOTQxMmMyMzQ0ODhiNTFiMzIxNjc2ZjqAAn1xAShYCgAAAHRlc3Rjb29raWVYBgAAAHdvcmtlZHECWA8AAABfc2Vzc2lvbl9leHBpcnlKgFM7AHUu	2014-04-14 14:24:28.392843+00
15ncknuhfmnlhnp3lcwzufa7i7ooe9zc	ODU2ZTUyZjkxZjE1Mzk4MjljMjA0YjRmYmFmOGNhZGEwYWFiYzJiYTqAAn1xAShVEl9hdXRoX3VzZXJfYmFja2VuZHECVSlkamFuZ28uY29udHJpYi5hdXRoLmJhY2tlbmRzLk1vZGVsQmFja2VuZHEDVQ1fYXV0aF91c2VyX2lkcQRLCXUu	2014-01-30 15:58:35.844863+00
e802r43ylfwr7el0v1g84ctns3o9ibdc	YmMxMTEzZjU1OTIwNjhlN2JiODM5NjFmMWEyZGNkZWM1NjAyZWY0ZjqAAn1xAShVEl9hdXRoX3VzZXJfYmFja2VuZHECVSlkamFuZ28uY29udHJpYi5hdXRoLmJhY2tlbmRzLk1vZGVsQmFja2VuZHEDVQ1fYXV0aF91c2VyX2lkcQRLBXUu	2014-02-07 21:55:42.695541+00
oowo8pzkez8p0omlxw6rb271z2ack0xi	NjkwZGE3N2QyYmU1N2EzYjFjODZiN2YwNjc1ZGI3NWM1NWMzNDgzOTqAAn1xAShYDwAAAF9zZXNzaW9uX2V4cGlyeXECSoBTOwBVEl9hdXRoX3VzZXJfYmFja2VuZHEDVSlkamFuZ28uY29udHJpYi5hdXRoLmJhY2tlbmRzLk1vZGVsQmFja2VuZHEEVQ1fYXV0aF91c2VyX2lkcQVLAnUu	2014-07-24 04:16:06.587928+00
xvus1427l9vljyfx1g600d22te2v6zjv	ZTQwYWU0NTllOGI5MzMxN2FiNzM3N2U1ZjY1NGFhYzE5OGY2M2U0YTqAAn1xAShVEl9hdXRoX3VzZXJfYmFja2VuZHECVSlkamFuZ28uY29udHJpYi5hdXRoLmJhY2tlbmRzLk1vZGVsQmFja2VuZHEDVQ1fYXV0aF91c2VyX2lkcQRLAXUu	2014-02-10 18:34:43.500296+00
6igofs4mbsllurp11q7vtk152q84kjri	NWU4YjgyZTgzODRhZjFiMTBlNjE3ZTczMDc2MmY5NGU3ZjgwNzhjZTqAAn1xAShYDwAAAF9zZXNzaW9uX2V4cGlyeXECSoBTOwBVEl9hdXRoX3VzZXJfYmFja2VuZHEDVSlkamFuZ28uY29udHJpYi5hdXRoLmJhY2tlbmRzLk1vZGVsQmFja2VuZHEEVQ1fYXV0aF91c2VyX2lkcQVLAXUu	2014-03-29 08:01:47.127347+00
ver3je6xlzcvw1373pvxhlltl1qv8zq4	MjhjMGZlODBhOWVhZmJjMGFlMDczY2YzMmYwZmM4ZDQ4ODFiOTY3ZDqAAn1xAShVEl9hdXRoX3VzZXJfYmFja2VuZHECVSlkamFuZ28uY29udHJpYi5hdXRoLmJhY2tlbmRzLk1vZGVsQmFja2VuZHEDVQ1fYXV0aF91c2VyX2lkcQRLClgPAAAAX3Nlc3Npb25fZXhwaXJ5SoBTOwB1Lg==	2014-04-03 18:32:25.314768+00
19zkjwpwk95xtx594js631zqc6zg0xva	NjkwZGE3N2QyYmU1N2EzYjFjODZiN2YwNjc1ZGI3NWM1NWMzNDgzOTqAAn1xAShYDwAAAF9zZXNzaW9uX2V4cGlyeXECSoBTOwBVEl9hdXRoX3VzZXJfYmFja2VuZHEDVSlkamFuZ28uY29udHJpYi5hdXRoLmJhY2tlbmRzLk1vZGVsQmFja2VuZHEEVQ1fYXV0aF91c2VyX2lkcQVLAnUu	2014-04-04 13:14:17.463582+00
7axs8gv3lu61bntoojkp31irt09jmxbc	Njc3MDkyMTgwNDk1YzZlZmQ0YmUxNTM1M2E4MDNlMTcxZGI4NTFmMTqAAn1xAVgKAAAAdGVzdGNvb2tpZXECWAYAAAB3b3JrZWRxA3Mu	2013-12-30 12:09:29.417738+00
ozgdbbb2pi5nhmt4einqg3nc8tsgxz3t	Mjc5ZDkwNGU0ZTY4ODQ2NGM4YTNhMGM0NDZhNzMzMGI3ZWRkMWJhZTqAAn1xAShYCgAAAHRlc3Rjb29raWVxAlgGAAAAd29ya2VkcQNVDV9hdXRoX3VzZXJfaWRLAlUSX2F1dGhfdXNlcl9iYWNrZW5kVSlkamFuZ28uY29udHJpYi5hdXRoLmJhY2tlbmRzLk1vZGVsQmFja2VuZHUu	2013-12-31 08:48:57.225985+00
l21oh58gkyxxbmdjeuaw38tzzylx87v7	ZmJmYTgwM2Y2ODgzODdkODJjMzBkMmU1ZjhiZjFhYWIxZmQwZTZhMjqAAn1xAShVEl9hdXRoX3VzZXJfYmFja2VuZHECVSlkamFuZ28uY29udHJpYi5hdXRoLmJhY2tlbmRzLk1vZGVsQmFja2VuZHEDVQ1fYXV0aF91c2VyX2lkcQRLCHUu	2013-12-30 18:08:42.317879+00
xlyszjb92cihq4zwgfiayitcikpkqq7o	ZTQwYWU0NTllOGI5MzMxN2FiNzM3N2U1ZjY1NGFhYzE5OGY2M2U0YTqAAn1xAShVEl9hdXRoX3VzZXJfYmFja2VuZHECVSlkamFuZ28uY29udHJpYi5hdXRoLmJhY2tlbmRzLk1vZGVsQmFja2VuZHEDVQ1fYXV0aF91c2VyX2lkcQRLAXUu	2014-01-13 14:12:20.458415+00
k907metej4vdo52qwtefds5ccr9dzcxg	ZmY1YzdjMzQxMjk0ZThiZTdmZjFlNzQwOTQ5MDllNjc4YzJiZjg4ZjqAAn1xAShYDwAAAF9zZXNzaW9uX2V4cGlyeXECSoBTOwBVEl9hdXRoX3VzZXJfYmFja2VuZHEDVSlkamFuZ28uY29udHJpYi5hdXRoLmJhY2tlbmRzLk1vZGVsQmFja2VuZHEEVQ1fYXV0aF91c2VyX2lkcQVLF3Uu	2014-04-08 06:21:11.989853+00
ndmoezecm6ysl3nysfgcpxsamdx3jvny	NmI4MGNmMzQ2N2VhZmRhMjI0ZWQzMGFmZTEyMjlmNTA5MWYyNDkxMTqAAn1xAS4=	2014-06-03 08:04:40.792846+00
c1kn7bxzihgpf373s3op70kum95xirk3	Njc3MDkyMTgwNDk1YzZlZmQ0YmUxNTM1M2E4MDNlMTcxZGI4NTFmMTqAAn1xAVgKAAAAdGVzdGNvb2tpZXECWAYAAAB3b3JrZWRxA3Mu	2014-02-17 13:24:58.412267+00
w5sw2d7e721kyd232adfdhfmtm9d567f	ZTQwYWU0NTllOGI5MzMxN2FiNzM3N2U1ZjY1NGFhYzE5OGY2M2U0YTqAAn1xAShVEl9hdXRoX3VzZXJfYmFja2VuZHECVSlkamFuZ28uY29udHJpYi5hdXRoLmJhY2tlbmRzLk1vZGVsQmFja2VuZHEDVQ1fYXV0aF91c2VyX2lkcQRLAXUu	2014-02-25 07:30:47.326407+00
q5wgf50ymq6c0a0vpch8f4uundhr2jtx	M2Q1N2Q1NTE3ZjYwY2FkYzc5ZjM5NDhhNWE5MGY5M2IyOWVlYmQ3NzqAAn1xAShVEl9hdXRoX3VzZXJfYmFja2VuZHECVSlkamFuZ28uY29udHJpYi5hdXRoLmJhY2tlbmRzLk1vZGVsQmFja2VuZHEDVQ1fYXV0aF91c2VyX2lkcQRLC3Uu	2014-03-04 14:50:25.008376+00
rv9jn1hbuxlc473ey4ddxru69l4pyla4	NWU4YjgyZTgzODRhZjFiMTBlNjE3ZTczMDc2MmY5NGU3ZjgwNzhjZTqAAn1xAShYDwAAAF9zZXNzaW9uX2V4cGlyeXECSoBTOwBVEl9hdXRoX3VzZXJfYmFja2VuZHEDVSlkamFuZ28uY29udHJpYi5hdXRoLmJhY2tlbmRzLk1vZGVsQmFja2VuZHEEVQ1fYXV0aF91c2VyX2lkcQVLAXUu	2014-08-16 00:12:34.044732+00
t56vy2w81lkcebntbwrvvizx5d82sh7z	Njc3MDkyMTgwNDk1YzZlZmQ0YmUxNTM1M2E4MDNlMTcxZGI4NTFmMTqAAn1xAVgKAAAAdGVzdGNvb2tpZXECWAYAAAB3b3JrZWRxA3Mu	2014-08-05 08:58:23.522615+00
emz1vinlrp4fyq6l6st588azr1sz9rq7	Njc3MDkyMTgwNDk1YzZlZmQ0YmUxNTM1M2E4MDNlMTcxZGI4NTFmMTqAAn1xAVgKAAAAdGVzdGNvb2tpZXECWAYAAAB3b3JrZWRxA3Mu	2014-08-16 06:54:46.090214+00
mohc24b2xcxfs1t8qaojlwamxg23h8uf	Njc3MDkyMTgwNDk1YzZlZmQ0YmUxNTM1M2E4MDNlMTcxZGI4NTFmMTqAAn1xAVgKAAAAdGVzdGNvb2tpZXECWAYAAAB3b3JrZWRxA3Mu	2014-09-01 12:06:10.984537+00
olw8qqam80iwma497169y1gnj2jb27z2	ZTQwYWU0NTllOGI5MzMxN2FiNzM3N2U1ZjY1NGFhYzE5OGY2M2U0YTqAAn1xAShVEl9hdXRoX3VzZXJfYmFja2VuZHECVSlkamFuZ28uY29udHJpYi5hdXRoLmJhY2tlbmRzLk1vZGVsQmFja2VuZHEDVQ1fYXV0aF91c2VyX2lkcQRLAXUu	2014-09-05 13:53:32.845334+00
o1fdjfh3hkvxmcn84yvmlml6nngt3lq9	Njc3MDkyMTgwNDk1YzZlZmQ0YmUxNTM1M2E4MDNlMTcxZGI4NTFmMTqAAn1xAVgKAAAAdGVzdGNvb2tpZXECWAYAAAB3b3JrZWRxA3Mu	2014-09-12 19:10:13.62897+00
vsmtf0k72ais8dx2jvdjilroej1bisoz	Njc3MDkyMTgwNDk1YzZlZmQ0YmUxNTM1M2E4MDNlMTcxZGI4NTFmMTqAAn1xAVgKAAAAdGVzdGNvb2tpZXECWAYAAAB3b3JrZWRxA3Mu	2014-09-12 21:39:09.839667+00
1oxch3sze0dhsxcqn3egus3uca1fkb5u	Njc3MDkyMTgwNDk1YzZlZmQ0YmUxNTM1M2E4MDNlMTcxZGI4NTFmMTqAAn1xAVgKAAAAdGVzdGNvb2tpZXECWAYAAAB3b3JrZWRxA3Mu	2014-09-12 21:40:43.673224+00
3mh51jwhzrc95d4f0n50sw11u120vmku	Njc3MDkyMTgwNDk1YzZlZmQ0YmUxNTM1M2E4MDNlMTcxZGI4NTFmMTqAAn1xAVgKAAAAdGVzdGNvb2tpZXECWAYAAAB3b3JrZWRxA3Mu	2014-09-12 21:53:19.367285+00
bisf8vu1oiz5hh0endl9rkxkz1y46wjc	Njc3MDkyMTgwNDk1YzZlZmQ0YmUxNTM1M2E4MDNlMTcxZGI4NTFmMTqAAn1xAVgKAAAAdGVzdGNvb2tpZXECWAYAAAB3b3JrZWRxA3Mu	2014-09-12 21:57:06.775417+00
27i5e8z81fn3wza925a3b7qi641b42ps	Njc3MDkyMTgwNDk1YzZlZmQ0YmUxNTM1M2E4MDNlMTcxZGI4NTFmMTqAAn1xAVgKAAAAdGVzdGNvb2tpZXECWAYAAAB3b3JrZWRxA3Mu	2014-09-12 22:00:54.153144+00
jj4nmuw5vqx7xbe6ecyyj5sytpghlwwr	Njc3MDkyMTgwNDk1YzZlZmQ0YmUxNTM1M2E4MDNlMTcxZGI4NTFmMTqAAn1xAVgKAAAAdGVzdGNvb2tpZXECWAYAAAB3b3JrZWRxA3Mu	2014-09-13 20:07:32.748538+00
qs1lnze53b1i06l9a6vrdrmp67zj2yu4	Njc3MDkyMTgwNDk1YzZlZmQ0YmUxNTM1M2E4MDNlMTcxZGI4NTFmMTqAAn1xAVgKAAAAdGVzdGNvb2tpZXECWAYAAAB3b3JrZWRxA3Mu	2014-09-13 20:15:15.633068+00
f2qvqrvjb6ku86ydlqx99e62ieewn8yx	Njc3MDkyMTgwNDk1YzZlZmQ0YmUxNTM1M2E4MDNlMTcxZGI4NTFmMTqAAn1xAVgKAAAAdGVzdGNvb2tpZXECWAYAAAB3b3JrZWRxA3Mu	2014-09-13 20:15:51.577292+00
pgcqtkq3j463osyj6cxclz3yku5v6h4y	Njc3MDkyMTgwNDk1YzZlZmQ0YmUxNTM1M2E4MDNlMTcxZGI4NTFmMTqAAn1xAVgKAAAAdGVzdGNvb2tpZXECWAYAAAB3b3JrZWRxA3Mu	2014-09-13 20:16:11.395859+00
e6phmu5xsgmm7e12s6i0cmcu6s9aaevk	Njc3MDkyMTgwNDk1YzZlZmQ0YmUxNTM1M2E4MDNlMTcxZGI4NTFmMTqAAn1xAVgKAAAAdGVzdGNvb2tpZXECWAYAAAB3b3JrZWRxA3Mu	2014-09-13 20:26:30.562878+00
znkq9ffqq8ud8ba6pzz7mxd8ym6xphjz	Njc3MDkyMTgwNDk1YzZlZmQ0YmUxNTM1M2E4MDNlMTcxZGI4NTFmMTqAAn1xAVgKAAAAdGVzdGNvb2tpZXECWAYAAAB3b3JrZWRxA3Mu	2014-09-13 20:26:47.982492+00
wimx300h79xsl5cqd31lyd57nj454zlx	Njc3MDkyMTgwNDk1YzZlZmQ0YmUxNTM1M2E4MDNlMTcxZGI4NTFmMTqAAn1xAVgKAAAAdGVzdGNvb2tpZXECWAYAAAB3b3JrZWRxA3Mu	2014-09-13 20:27:02.703484+00
l4so6qute4ybf7880as9ynepcwaokifm	Njc3MDkyMTgwNDk1YzZlZmQ0YmUxNTM1M2E4MDNlMTcxZGI4NTFmMTqAAn1xAVgKAAAAdGVzdGNvb2tpZXECWAYAAAB3b3JrZWRxA3Mu	2014-09-13 20:27:18.027882+00
xnqlt6hleb1mwprj59o5etfbg82lun0b	Njc3MDkyMTgwNDk1YzZlZmQ0YmUxNTM1M2E4MDNlMTcxZGI4NTFmMTqAAn1xAVgKAAAAdGVzdGNvb2tpZXECWAYAAAB3b3JrZWRxA3Mu	2014-09-13 20:27:33.768279+00
daua7uct0ii8yjset865ysy315dn0dpp	Njc3MDkyMTgwNDk1YzZlZmQ0YmUxNTM1M2E4MDNlMTcxZGI4NTFmMTqAAn1xAVgKAAAAdGVzdGNvb2tpZXECWAYAAAB3b3JrZWRxA3Mu	2014-09-13 20:27:49.981849+00
guxsp4phbu4xmo6mr0b5xj6fiq5w72kj	Njc3MDkyMTgwNDk1YzZlZmQ0YmUxNTM1M2E4MDNlMTcxZGI4NTFmMTqAAn1xAVgKAAAAdGVzdGNvb2tpZXECWAYAAAB3b3JrZWRxA3Mu	2014-09-13 20:28:06.69782+00
hylaxg9ugq4jwk7x71kttl1gtcudh6tu	Njc3MDkyMTgwNDk1YzZlZmQ0YmUxNTM1M2E4MDNlMTcxZGI4NTFmMTqAAn1xAVgKAAAAdGVzdGNvb2tpZXECWAYAAAB3b3JrZWRxA3Mu	2014-09-13 20:28:23.97733+00
3yod5tz7ocor1aenyl7czxa1muhhtwr3	Njc3MDkyMTgwNDk1YzZlZmQ0YmUxNTM1M2E4MDNlMTcxZGI4NTFmMTqAAn1xAVgKAAAAdGVzdGNvb2tpZXECWAYAAAB3b3JrZWRxA3Mu	2014-09-13 20:28:51.129265+00
hmvf2g2ikpvhx4ecwkme3ccc94w0qqp9	Njc3MDkyMTgwNDk1YzZlZmQ0YmUxNTM1M2E4MDNlMTcxZGI4NTFmMTqAAn1xAVgKAAAAdGVzdGNvb2tpZXECWAYAAAB3b3JrZWRxA3Mu	2014-09-13 20:29:25.649424+00
00ir7y1mffkkb3jxyx7xyugl4e3nsuh7	Njc3MDkyMTgwNDk1YzZlZmQ0YmUxNTM1M2E4MDNlMTcxZGI4NTFmMTqAAn1xAVgKAAAAdGVzdGNvb2tpZXECWAYAAAB3b3JrZWRxA3Mu	2014-09-13 20:29:59.610711+00
k7ha8pywwe6ss8y3of8166nzx6vq0rus	Njc3MDkyMTgwNDk1YzZlZmQ0YmUxNTM1M2E4MDNlMTcxZGI4NTFmMTqAAn1xAVgKAAAAdGVzdGNvb2tpZXECWAYAAAB3b3JrZWRxA3Mu	2014-09-13 20:30:33.646358+00
fmmc5uy05y23unbsrbhbtdbiis9j3j9y	Njc3MDkyMTgwNDk1YzZlZmQ0YmUxNTM1M2E4MDNlMTcxZGI4NTFmMTqAAn1xAVgKAAAAdGVzdGNvb2tpZXECWAYAAAB3b3JrZWRxA3Mu	2014-09-13 20:31:07.705098+00
9ey9ez2lwszze804ume9l710a1x94l42	Njc3MDkyMTgwNDk1YzZlZmQ0YmUxNTM1M2E4MDNlMTcxZGI4NTFmMTqAAn1xAVgKAAAAdGVzdGNvb2tpZXECWAYAAAB3b3JrZWRxA3Mu	2014-09-13 20:31:41.76696+00
hnyjoy8xeb5am19dnncfmf3grk81iw4e	Njc3MDkyMTgwNDk1YzZlZmQ0YmUxNTM1M2E4MDNlMTcxZGI4NTFmMTqAAn1xAVgKAAAAdGVzdGNvb2tpZXECWAYAAAB3b3JrZWRxA3Mu	2014-09-13 20:37:17.091008+00
nw7aaw3vuhcap67di3donjztpqllqftm	Njc3MDkyMTgwNDk1YzZlZmQ0YmUxNTM1M2E4MDNlMTcxZGI4NTFmMTqAAn1xAVgKAAAAdGVzdGNvb2tpZXECWAYAAAB3b3JrZWRxA3Mu	2014-09-13 20:59:28.71533+00
68x5a98rpikfk5rcuembo6rpmp56f04g	Njc3MDkyMTgwNDk1YzZlZmQ0YmUxNTM1M2E4MDNlMTcxZGI4NTFmMTqAAn1xAVgKAAAAdGVzdGNvb2tpZXECWAYAAAB3b3JrZWRxA3Mu	2014-09-13 20:59:42.500104+00
3nsae0cc89yiu1gpbkvyrioyofaca2ie	Njc3MDkyMTgwNDk1YzZlZmQ0YmUxNTM1M2E4MDNlMTcxZGI4NTFmMTqAAn1xAVgKAAAAdGVzdGNvb2tpZXECWAYAAAB3b3JrZWRxA3Mu	2014-09-13 20:59:52.887742+00
vozd4iptuvz7exgg2i8frpccmjhnowul	Njc3MDkyMTgwNDk1YzZlZmQ0YmUxNTM1M2E4MDNlMTcxZGI4NTFmMTqAAn1xAVgKAAAAdGVzdGNvb2tpZXECWAYAAAB3b3JrZWRxA3Mu	2014-09-13 21:00:00.682707+00
bumdtbqx09w5mr74r5hicafgce9og4qo	Njc3MDkyMTgwNDk1YzZlZmQ0YmUxNTM1M2E4MDNlMTcxZGI4NTFmMTqAAn1xAVgKAAAAdGVzdGNvb2tpZXECWAYAAAB3b3JrZWRxA3Mu	2014-09-13 21:09:57.907846+00
rho5w2lqdk1uhqtn699xepv9amj6m9kn	Njc3MDkyMTgwNDk1YzZlZmQ0YmUxNTM1M2E4MDNlMTcxZGI4NTFmMTqAAn1xAVgKAAAAdGVzdGNvb2tpZXECWAYAAAB3b3JrZWRxA3Mu	2014-09-13 21:09:58.683291+00
jpgmmwgoe1hgrkxh4xkk3xhyrspmrzo7	Njc3MDkyMTgwNDk1YzZlZmQ0YmUxNTM1M2E4MDNlMTcxZGI4NTFmMTqAAn1xAVgKAAAAdGVzdGNvb2tpZXECWAYAAAB3b3JrZWRxA3Mu	2014-09-13 21:10:00.447809+00
s7287mudptnrhknrlm67pj89xxwjxwkw	Njc3MDkyMTgwNDk1YzZlZmQ0YmUxNTM1M2E4MDNlMTcxZGI4NTFmMTqAAn1xAVgKAAAAdGVzdGNvb2tpZXECWAYAAAB3b3JrZWRxA3Mu	2014-09-13 21:10:15.532988+00
nt2o25buzd1e1abm627lgunrquza1t16	Njc3MDkyMTgwNDk1YzZlZmQ0YmUxNTM1M2E4MDNlMTcxZGI4NTFmMTqAAn1xAVgKAAAAdGVzdGNvb2tpZXECWAYAAAB3b3JrZWRxA3Mu	2014-09-13 21:10:32.252724+00
ua06f4e6r1zcz9lp8qfphzbxj100uek0	Njc3MDkyMTgwNDk1YzZlZmQ0YmUxNTM1M2E4MDNlMTcxZGI4NTFmMTqAAn1xAVgKAAAAdGVzdGNvb2tpZXECWAYAAAB3b3JrZWRxA3Mu	2014-09-13 21:10:52.150687+00
ovrqztyleorue26qd18wkk7jzx98q0kb	Njc3MDkyMTgwNDk1YzZlZmQ0YmUxNTM1M2E4MDNlMTcxZGI4NTFmMTqAAn1xAVgKAAAAdGVzdGNvb2tpZXECWAYAAAB3b3JrZWRxA3Mu	2014-09-13 21:11:09.549376+00
7rydm97kmzxactn430b6kn5slybiwxdg	Njc3MDkyMTgwNDk1YzZlZmQ0YmUxNTM1M2E4MDNlMTcxZGI4NTFmMTqAAn1xAVgKAAAAdGVzdGNvb2tpZXECWAYAAAB3b3JrZWRxA3Mu	2014-09-13 21:11:27.430074+00
iqflalke6zf2hhdf3oo4ltfzwsp7vkmm	Njc3MDkyMTgwNDk1YzZlZmQ0YmUxNTM1M2E4MDNlMTcxZGI4NTFmMTqAAn1xAVgKAAAAdGVzdGNvb2tpZXECWAYAAAB3b3JrZWRxA3Mu	2014-09-13 21:11:44.861766+00
xiqkunszdnbu2fdyc47w3vair6xb9exi	Njc3MDkyMTgwNDk1YzZlZmQ0YmUxNTM1M2E4MDNlMTcxZGI4NTFmMTqAAn1xAVgKAAAAdGVzdGNvb2tpZXECWAYAAAB3b3JrZWRxA3Mu	2014-09-13 21:12:02.30287+00
ykrwuh7axm9rctme69ddbcb3as34x08x	Njc3MDkyMTgwNDk1YzZlZmQ0YmUxNTM1M2E4MDNlMTcxZGI4NTFmMTqAAn1xAVgKAAAAdGVzdGNvb2tpZXECWAYAAAB3b3JrZWRxA3Mu	2014-09-13 21:12:19.745766+00
qg0zlefdk5inmp29yz99fzxc2qgqsaun	Njc3MDkyMTgwNDk1YzZlZmQ0YmUxNTM1M2E4MDNlMTcxZGI4NTFmMTqAAn1xAVgKAAAAdGVzdGNvb2tpZXECWAYAAAB3b3JrZWRxA3Mu	2014-09-13 21:12:37.190396+00
7r3r1lgt1ry9l0a87nbgkfe6hcygqddy	Njc3MDkyMTgwNDk1YzZlZmQ0YmUxNTM1M2E4MDNlMTcxZGI4NTFmMTqAAn1xAVgKAAAAdGVzdGNvb2tpZXECWAYAAAB3b3JrZWRxA3Mu	2014-09-13 21:12:54.640947+00
s8mkkdgpete4omkouwdsgpeuh8i22c00	Njc3MDkyMTgwNDk1YzZlZmQ0YmUxNTM1M2E4MDNlMTcxZGI4NTFmMTqAAn1xAVgKAAAAdGVzdGNvb2tpZXECWAYAAAB3b3JrZWRxA3Mu	2014-09-13 21:13:12.101146+00
4qiby0u2x8blprgt73tsevaksl1vcr16	Njc3MDkyMTgwNDk1YzZlZmQ0YmUxNTM1M2E4MDNlMTcxZGI4NTFmMTqAAn1xAVgKAAAAdGVzdGNvb2tpZXECWAYAAAB3b3JrZWRxA3Mu	2014-09-13 21:13:29.547577+00
d2rn4eutxqn5n13z1jditb0kyeenzy2m	Njc3MDkyMTgwNDk1YzZlZmQ0YmUxNTM1M2E4MDNlMTcxZGI4NTFmMTqAAn1xAVgKAAAAdGVzdGNvb2tpZXECWAYAAAB3b3JrZWRxA3Mu	2014-09-13 21:13:46.983888+00
bu9b8ckxzuoxhpqtn0efro398ykffr2g	Njc3MDkyMTgwNDk1YzZlZmQ0YmUxNTM1M2E4MDNlMTcxZGI4NTFmMTqAAn1xAVgKAAAAdGVzdGNvb2tpZXECWAYAAAB3b3JrZWRxA3Mu	2014-09-13 21:14:04.4338+00
4w6vi5v96go419rot9gszzkzf6z1seva	Njc3MDkyMTgwNDk1YzZlZmQ0YmUxNTM1M2E4MDNlMTcxZGI4NTFmMTqAAn1xAVgKAAAAdGVzdGNvb2tpZXECWAYAAAB3b3JrZWRxA3Mu	2014-09-13 21:14:21.893536+00
hh1bv8e0dclbums7kt4rwy42isd4w87h	Njc3MDkyMTgwNDk1YzZlZmQ0YmUxNTM1M2E4MDNlMTcxZGI4NTFmMTqAAn1xAVgKAAAAdGVzdGNvb2tpZXECWAYAAAB3b3JrZWRxA3Mu	2014-09-13 22:05:52.820998+00
28orohnv536pei5c2pwvo2nkvqd49xfh	Njc3MDkyMTgwNDk1YzZlZmQ0YmUxNTM1M2E4MDNlMTcxZGI4NTFmMTqAAn1xAVgKAAAAdGVzdGNvb2tpZXECWAYAAAB3b3JrZWRxA3Mu	2014-09-13 22:11:36.231285+00
xeznnedwbpvzrqwnsg6dtgpcnx1feuqn	Njc3MDkyMTgwNDk1YzZlZmQ0YmUxNTM1M2E4MDNlMTcxZGI4NTFmMTqAAn1xAVgKAAAAdGVzdGNvb2tpZXECWAYAAAB3b3JrZWRxA3Mu	2014-09-13 22:16:14.47351+00
85r4x3w0foykgb1etzgvl2vwu7v38je6	Njc3MDkyMTgwNDk1YzZlZmQ0YmUxNTM1M2E4MDNlMTcxZGI4NTFmMTqAAn1xAVgKAAAAdGVzdGNvb2tpZXECWAYAAAB3b3JrZWRxA3Mu	2014-09-13 22:17:05.931276+00
ufiszye2wdku6s5wc1zr60qxi0i23171	Njc3MDkyMTgwNDk1YzZlZmQ0YmUxNTM1M2E4MDNlMTcxZGI4NTFmMTqAAn1xAVgKAAAAdGVzdGNvb2tpZXECWAYAAAB3b3JrZWRxA3Mu	2014-09-13 22:18:35.63625+00
1kre3slj6bwcpniv8t2f3dz0k5vag3a3	Njc3MDkyMTgwNDk1YzZlZmQ0YmUxNTM1M2E4MDNlMTcxZGI4NTFmMTqAAn1xAVgKAAAAdGVzdGNvb2tpZXECWAYAAAB3b3JrZWRxA3Mu	2014-09-13 22:19:58.78172+00
f1riy3rzfjbs6r2con9glus4uil5f443	Njc3MDkyMTgwNDk1YzZlZmQ0YmUxNTM1M2E4MDNlMTcxZGI4NTFmMTqAAn1xAVgKAAAAdGVzdGNvb2tpZXECWAYAAAB3b3JrZWRxA3Mu	2014-09-13 22:38:04.101236+00
6kmdlwfa5n6tij1rfuqj10cpaew00fkq	Njc3MDkyMTgwNDk1YzZlZmQ0YmUxNTM1M2E4MDNlMTcxZGI4NTFmMTqAAn1xAVgKAAAAdGVzdGNvb2tpZXECWAYAAAB3b3JrZWRxA3Mu	2014-09-13 23:44:03.914356+00
243o9qqz129qe8d11z0krthhjg1t5xob	Njc3MDkyMTgwNDk1YzZlZmQ0YmUxNTM1M2E4MDNlMTcxZGI4NTFmMTqAAn1xAVgKAAAAdGVzdGNvb2tpZXECWAYAAAB3b3JrZWRxA3Mu	2014-09-14 00:07:32.049142+00
2b3umetgnvr2z3c1kt7924whjcfv55bw	Njc3MDkyMTgwNDk1YzZlZmQ0YmUxNTM1M2E4MDNlMTcxZGI4NTFmMTqAAn1xAVgKAAAAdGVzdGNvb2tpZXECWAYAAAB3b3JrZWRxA3Mu	2014-09-14 00:17:53.633248+00
l48m7w441icx42m66l56xj1bldho09tg	Njc3MDkyMTgwNDk1YzZlZmQ0YmUxNTM1M2E4MDNlMTcxZGI4NTFmMTqAAn1xAVgKAAAAdGVzdGNvb2tpZXECWAYAAAB3b3JrZWRxA3Mu	2014-09-14 00:18:29.490615+00
bvy56kis86455fa4vnzh3p0tew5swsz4	Njc3MDkyMTgwNDk1YzZlZmQ0YmUxNTM1M2E4MDNlMTcxZGI4NTFmMTqAAn1xAVgKAAAAdGVzdGNvb2tpZXECWAYAAAB3b3JrZWRxA3Mu	2014-09-14 00:18:56.952656+00
xl9mrfhhxhsyze562hxnnzj6gb6fof9a	Njc3MDkyMTgwNDk1YzZlZmQ0YmUxNTM1M2E4MDNlMTcxZGI4NTFmMTqAAn1xAVgKAAAAdGVzdGNvb2tpZXECWAYAAAB3b3JrZWRxA3Mu	2014-09-14 00:19:26.248345+00
lq2rm06rb66pfpvg3pliuo6q4w9kftiz	Njc3MDkyMTgwNDk1YzZlZmQ0YmUxNTM1M2E4MDNlMTcxZGI4NTFmMTqAAn1xAVgKAAAAdGVzdGNvb2tpZXECWAYAAAB3b3JrZWRxA3Mu	2014-09-14 00:28:02.357362+00
sngivl25d8xtlm49kd1znb7wb7k6pj7q	Njc3MDkyMTgwNDk1YzZlZmQ0YmUxNTM1M2E4MDNlMTcxZGI4NTFmMTqAAn1xAVgKAAAAdGVzdGNvb2tpZXECWAYAAAB3b3JrZWRxA3Mu	2014-09-14 00:28:03.545299+00
fanir16rl7s9c811r4a4ouk7owy2nkoi	Njc3MDkyMTgwNDk1YzZlZmQ0YmUxNTM1M2E4MDNlMTcxZGI4NTFmMTqAAn1xAVgKAAAAdGVzdGNvb2tpZXECWAYAAAB3b3JrZWRxA3Mu	2014-09-14 00:32:08.077546+00
7r6hsayp3xd4bg4we53brg5vutveat4w	Njc3MDkyMTgwNDk1YzZlZmQ0YmUxNTM1M2E4MDNlMTcxZGI4NTFmMTqAAn1xAVgKAAAAdGVzdGNvb2tpZXECWAYAAAB3b3JrZWRxA3Mu	2014-09-14 00:33:17.515512+00
iuv7gjierorcyxrvgbkwv4kvaz1g2g5x	Njc3MDkyMTgwNDk1YzZlZmQ0YmUxNTM1M2E4MDNlMTcxZGI4NTFmMTqAAn1xAVgKAAAAdGVzdGNvb2tpZXECWAYAAAB3b3JrZWRxA3Mu	2014-09-14 00:34:25.754248+00
sm81kjgsqxni5d4fx187jgxv5mmvic99	Njc3MDkyMTgwNDk1YzZlZmQ0YmUxNTM1M2E4MDNlMTcxZGI4NTFmMTqAAn1xAVgKAAAAdGVzdGNvb2tpZXECWAYAAAB3b3JrZWRxA3Mu	2014-09-14 00:35:35.469711+00
4u8hfy7ug0d5fbzzc2xudnpcsz70ufqc	Njc3MDkyMTgwNDk1YzZlZmQ0YmUxNTM1M2E4MDNlMTcxZGI4NTFmMTqAAn1xAVgKAAAAdGVzdGNvb2tpZXECWAYAAAB3b3JrZWRxA3Mu	2014-09-14 00:38:59.090899+00
ou5tgmhtmiramleoltk4vnmhh4h7a7ff	Njc3MDkyMTgwNDk1YzZlZmQ0YmUxNTM1M2E4MDNlMTcxZGI4NTFmMTqAAn1xAVgKAAAAdGVzdGNvb2tpZXECWAYAAAB3b3JrZWRxA3Mu	2014-09-14 00:39:12.428295+00
hartcyl6txle5ci9dr3ih5993u9f29ic	Njc3MDkyMTgwNDk1YzZlZmQ0YmUxNTM1M2E4MDNlMTcxZGI4NTFmMTqAAn1xAVgKAAAAdGVzdGNvb2tpZXECWAYAAAB3b3JrZWRxA3Mu	2014-09-14 00:40:20.472325+00
9k3zqo8kiid5zfhjporl8dtokdchj6m7	Njc3MDkyMTgwNDk1YzZlZmQ0YmUxNTM1M2E4MDNlMTcxZGI4NTFmMTqAAn1xAVgKAAAAdGVzdGNvb2tpZXECWAYAAAB3b3JrZWRxA3Mu	2014-09-14 00:40:45.929561+00
r6z70yi0sm5rxouwstt6qp0udccetqeq	Njc3MDkyMTgwNDk1YzZlZmQ0YmUxNTM1M2E4MDNlMTcxZGI4NTFmMTqAAn1xAVgKAAAAdGVzdGNvb2tpZXECWAYAAAB3b3JrZWRxA3Mu	2014-09-14 01:07:01.10016+00
pv1cc8olanco4fst71bw2xccimlyewbm	Njc3MDkyMTgwNDk1YzZlZmQ0YmUxNTM1M2E4MDNlMTcxZGI4NTFmMTqAAn1xAVgKAAAAdGVzdGNvb2tpZXECWAYAAAB3b3JrZWRxA3Mu	2014-09-14 02:09:01.647595+00
5n1gvf1ol7mdei3lmolir3o7l0xm7nnp	Njc3MDkyMTgwNDk1YzZlZmQ0YmUxNTM1M2E4MDNlMTcxZGI4NTFmMTqAAn1xAVgKAAAAdGVzdGNvb2tpZXECWAYAAAB3b3JrZWRxA3Mu	2014-09-14 02:33:09.854926+00
kv5seu841u2h9ux9nqsezoaajkp4kavq	Njc3MDkyMTgwNDk1YzZlZmQ0YmUxNTM1M2E4MDNlMTcxZGI4NTFmMTqAAn1xAVgKAAAAdGVzdGNvb2tpZXECWAYAAAB3b3JrZWRxA3Mu	2014-09-14 02:53:52.937015+00
m6c9vovaff5fxvi403pcj2w6h9jk71zn	Njc3MDkyMTgwNDk1YzZlZmQ0YmUxNTM1M2E4MDNlMTcxZGI4NTFmMTqAAn1xAVgKAAAAdGVzdGNvb2tpZXECWAYAAAB3b3JrZWRxA3Mu	2014-09-14 03:04:06.797736+00
v9lm757tfmb4ndd8uqmqrjse8yob4ybe	Njc3MDkyMTgwNDk1YzZlZmQ0YmUxNTM1M2E4MDNlMTcxZGI4NTFmMTqAAn1xAVgKAAAAdGVzdGNvb2tpZXECWAYAAAB3b3JrZWRxA3Mu	2014-09-14 03:14:20.627605+00
5ymawcg39wxkkp5uushchahhfl1027i9	Njc3MDkyMTgwNDk1YzZlZmQ0YmUxNTM1M2E4MDNlMTcxZGI4NTFmMTqAAn1xAVgKAAAAdGVzdGNvb2tpZXECWAYAAAB3b3JrZWRxA3Mu	2014-09-14 03:24:34.684881+00
da4ttsqeednshk2qofbjfapgl2hv1spt	Njc3MDkyMTgwNDk1YzZlZmQ0YmUxNTM1M2E4MDNlMTcxZGI4NTFmMTqAAn1xAVgKAAAAdGVzdGNvb2tpZXECWAYAAAB3b3JrZWRxA3Mu	2014-09-14 03:35:56.633282+00
j6ew1jlykb9c28kw36iu231ejl3aex8x	Njc3MDkyMTgwNDk1YzZlZmQ0YmUxNTM1M2E4MDNlMTcxZGI4NTFmMTqAAn1xAVgKAAAAdGVzdGNvb2tpZXECWAYAAAB3b3JrZWRxA3Mu	2014-09-14 03:38:35.774908+00
vubchmu6bjgq3kn3yshuqr9sx88l8w3p	Njc3MDkyMTgwNDk1YzZlZmQ0YmUxNTM1M2E4MDNlMTcxZGI4NTFmMTqAAn1xAVgKAAAAdGVzdGNvb2tpZXECWAYAAAB3b3JrZWRxA3Mu	2014-09-14 03:49:57.867918+00
m5ntwukk5sbtjddcsbtqqchg2ufzt1l6	Njc3MDkyMTgwNDk1YzZlZmQ0YmUxNTM1M2E4MDNlMTcxZGI4NTFmMTqAAn1xAVgKAAAAdGVzdGNvb2tpZXECWAYAAAB3b3JrZWRxA3Mu	2014-09-14 05:40:26.068257+00
vylmmoanedea6suz6r7yxsq8abe737rn	Njc3MDkyMTgwNDk1YzZlZmQ0YmUxNTM1M2E4MDNlMTcxZGI4NTFmMTqAAn1xAVgKAAAAdGVzdGNvb2tpZXECWAYAAAB3b3JrZWRxA3Mu	2014-09-14 05:42:16.307976+00
949jo0pwtn00ucenaoi1cxn7hh5chyap	Njc3MDkyMTgwNDk1YzZlZmQ0YmUxNTM1M2E4MDNlMTcxZGI4NTFmMTqAAn1xAVgKAAAAdGVzdGNvb2tpZXECWAYAAAB3b3JrZWRxA3Mu	2014-09-14 05:47:35.146032+00
il1qkfj8qo3y6130d5a3h4i33kfgeqgw	Njc3MDkyMTgwNDk1YzZlZmQ0YmUxNTM1M2E4MDNlMTcxZGI4NTFmMTqAAn1xAVgKAAAAdGVzdGNvb2tpZXECWAYAAAB3b3JrZWRxA3Mu	2014-09-14 05:55:31.927297+00
ju76oshcvsypzdme8kogfqahbzpo9xyy	Njc3MDkyMTgwNDk1YzZlZmQ0YmUxNTM1M2E4MDNlMTcxZGI4NTFmMTqAAn1xAVgKAAAAdGVzdGNvb2tpZXECWAYAAAB3b3JrZWRxA3Mu	2014-09-14 05:58:48.576233+00
ffg1b4pnl71wfye6vdmtu90koctnhhk2	Njc3MDkyMTgwNDk1YzZlZmQ0YmUxNTM1M2E4MDNlMTcxZGI4NTFmMTqAAn1xAVgKAAAAdGVzdGNvb2tpZXECWAYAAAB3b3JrZWRxA3Mu	2014-09-14 06:12:17.160945+00
jqflalcup9whrxd6lonoiudc2p878yne	Njc3MDkyMTgwNDk1YzZlZmQ0YmUxNTM1M2E4MDNlMTcxZGI4NTFmMTqAAn1xAVgKAAAAdGVzdGNvb2tpZXECWAYAAAB3b3JrZWRxA3Mu	2014-09-14 06:12:32.606453+00
et7aafjs4qak2hohbke384qdbslzp0aw	Njc3MDkyMTgwNDk1YzZlZmQ0YmUxNTM1M2E4MDNlMTcxZGI4NTFmMTqAAn1xAVgKAAAAdGVzdGNvb2tpZXECWAYAAAB3b3JrZWRxA3Mu	2014-09-14 07:04:48.377638+00
sn32qeko3b94bp7tymnpc6s68l5kf0nz	Njc3MDkyMTgwNDk1YzZlZmQ0YmUxNTM1M2E4MDNlMTcxZGI4NTFmMTqAAn1xAVgKAAAAdGVzdGNvb2tpZXECWAYAAAB3b3JrZWRxA3Mu	2014-09-14 07:05:27.495432+00
uef4kc96fv2g4bgfktko177pr02cdfsu	Njc3MDkyMTgwNDk1YzZlZmQ0YmUxNTM1M2E4MDNlMTcxZGI4NTFmMTqAAn1xAVgKAAAAdGVzdGNvb2tpZXECWAYAAAB3b3JrZWRxA3Mu	2014-09-14 11:50:59.959619+00
gtbsq7rfmqbqz73s667n26tn1ta4z8da	Njc3MDkyMTgwNDk1YzZlZmQ0YmUxNTM1M2E4MDNlMTcxZGI4NTFmMTqAAn1xAVgKAAAAdGVzdGNvb2tpZXECWAYAAAB3b3JrZWRxA3Mu	2014-09-14 12:00:57.426569+00
llv8dxgamcy9uxr2gij6q3z8xmpr389l	Njc3MDkyMTgwNDk1YzZlZmQ0YmUxNTM1M2E4MDNlMTcxZGI4NTFmMTqAAn1xAVgKAAAAdGVzdGNvb2tpZXECWAYAAAB3b3JrZWRxA3Mu	2014-09-14 12:00:57.921747+00
72bi9jvaqipmdlgxur1rup80ju6lwu17	Njc3MDkyMTgwNDk1YzZlZmQ0YmUxNTM1M2E4MDNlMTcxZGI4NTFmMTqAAn1xAVgKAAAAdGVzdGNvb2tpZXECWAYAAAB3b3JrZWRxA3Mu	2014-09-14 12:01:01.054451+00
1i1o6xl3mga9ln13cko1w4f36tr9s163	Njc3MDkyMTgwNDk1YzZlZmQ0YmUxNTM1M2E4MDNlMTcxZGI4NTFmMTqAAn1xAVgKAAAAdGVzdGNvb2tpZXECWAYAAAB3b3JrZWRxA3Mu	2014-09-14 12:02:29.139377+00
nzpehz3qw9oono56fve9gm31ugdp0tv5	Njc3MDkyMTgwNDk1YzZlZmQ0YmUxNTM1M2E4MDNlMTcxZGI4NTFmMTqAAn1xAVgKAAAAdGVzdGNvb2tpZXECWAYAAAB3b3JrZWRxA3Mu	2014-09-14 12:04:40.382785+00
wke7yhumkuq2icyrojg49j16hq2vmwwx	Njc3MDkyMTgwNDk1YzZlZmQ0YmUxNTM1M2E4MDNlMTcxZGI4NTFmMTqAAn1xAVgKAAAAdGVzdGNvb2tpZXECWAYAAAB3b3JrZWRxA3Mu	2014-09-14 12:06:29.097457+00
iy0a471ge7afutdcu6osyqpzb6jd1cy6	Njc3MDkyMTgwNDk1YzZlZmQ0YmUxNTM1M2E4MDNlMTcxZGI4NTFmMTqAAn1xAVgKAAAAdGVzdGNvb2tpZXECWAYAAAB3b3JrZWRxA3Mu	2014-09-14 12:12:15.44745+00
9ecg3pf7tqgi619bw49hrenamez9l67h	Njc3MDkyMTgwNDk1YzZlZmQ0YmUxNTM1M2E4MDNlMTcxZGI4NTFmMTqAAn1xAVgKAAAAdGVzdGNvb2tpZXECWAYAAAB3b3JrZWRxA3Mu	2014-09-14 12:12:32.043067+00
un31uofy3fd1zv10zbh9t1ebzhf5ycuh	Njc3MDkyMTgwNDk1YzZlZmQ0YmUxNTM1M2E4MDNlMTcxZGI4NTFmMTqAAn1xAVgKAAAAdGVzdGNvb2tpZXECWAYAAAB3b3JrZWRxA3Mu	2014-09-14 13:41:11.742563+00
7b30qvojjx6q0l0wogir2rylnt4jm7cp	Njc3MDkyMTgwNDk1YzZlZmQ0YmUxNTM1M2E4MDNlMTcxZGI4NTFmMTqAAn1xAVgKAAAAdGVzdGNvb2tpZXECWAYAAAB3b3JrZWRxA3Mu	2014-09-14 14:12:28.601248+00
skq04aqjkn79ivd7aa91nt35gd7mta4a	Njc3MDkyMTgwNDk1YzZlZmQ0YmUxNTM1M2E4MDNlMTcxZGI4NTFmMTqAAn1xAVgKAAAAdGVzdGNvb2tpZXECWAYAAAB3b3JrZWRxA3Mu	2014-09-14 15:28:15.688797+00
yk5c8mp56ivj8uipbx8mdt3uj05shvmi	Njc3MDkyMTgwNDk1YzZlZmQ0YmUxNTM1M2E4MDNlMTcxZGI4NTFmMTqAAn1xAVgKAAAAdGVzdGNvb2tpZXECWAYAAAB3b3JrZWRxA3Mu	2014-09-14 15:29:49.30268+00
s2hfvmdkmwamn2q0wnliyii3728xn9z2	Njc3MDkyMTgwNDk1YzZlZmQ0YmUxNTM1M2E4MDNlMTcxZGI4NTFmMTqAAn1xAVgKAAAAdGVzdGNvb2tpZXECWAYAAAB3b3JrZWRxA3Mu	2014-09-14 16:36:57.501946+00
rrtzwaga7jzt9tvfnb5wzin1irkwncym	Njc3MDkyMTgwNDk1YzZlZmQ0YmUxNTM1M2E4MDNlMTcxZGI4NTFmMTqAAn1xAVgKAAAAdGVzdGNvb2tpZXECWAYAAAB3b3JrZWRxA3Mu	2014-09-14 16:51:14.537119+00
gjm30840aik1g28gmh185d323xqrk2uw	Njc3MDkyMTgwNDk1YzZlZmQ0YmUxNTM1M2E4MDNlMTcxZGI4NTFmMTqAAn1xAVgKAAAAdGVzdGNvb2tpZXECWAYAAAB3b3JrZWRxA3Mu	2014-09-14 16:58:13.919832+00
3agevuzek918h2nxvmc29ceuwfjg5toi	Njc3MDkyMTgwNDk1YzZlZmQ0YmUxNTM1M2E4MDNlMTcxZGI4NTFmMTqAAn1xAVgKAAAAdGVzdGNvb2tpZXECWAYAAAB3b3JrZWRxA3Mu	2014-09-14 16:59:22.726345+00
p9qf425f8h405xtc1bvmbdc4d6xzf4i9	Njc3MDkyMTgwNDk1YzZlZmQ0YmUxNTM1M2E4MDNlMTcxZGI4NTFmMTqAAn1xAVgKAAAAdGVzdGNvb2tpZXECWAYAAAB3b3JrZWRxA3Mu	2014-09-14 17:02:00.001236+00
fu998s43mjwzf1lwwty586y4j4sqkdbs	Njc3MDkyMTgwNDk1YzZlZmQ0YmUxNTM1M2E4MDNlMTcxZGI4NTFmMTqAAn1xAVgKAAAAdGVzdGNvb2tpZXECWAYAAAB3b3JrZWRxA3Mu	2014-09-14 20:18:38.433148+00
rhe5jdam93mtbiw12rjv57d0tpzsf36h	Njc3MDkyMTgwNDk1YzZlZmQ0YmUxNTM1M2E4MDNlMTcxZGI4NTFmMTqAAn1xAVgKAAAAdGVzdGNvb2tpZXECWAYAAAB3b3JrZWRxA3Mu	2014-09-15 02:22:10.193976+00
tk8krtyz37air6ue0byr19nw38e3q0nx	Njc3MDkyMTgwNDk1YzZlZmQ0YmUxNTM1M2E4MDNlMTcxZGI4NTFmMTqAAn1xAVgKAAAAdGVzdGNvb2tpZXECWAYAAAB3b3JrZWRxA3Mu	2014-09-15 04:07:56.339002+00
2vphnexdfm4343pgksm9xjg24p1yuojg	Njc3MDkyMTgwNDk1YzZlZmQ0YmUxNTM1M2E4MDNlMTcxZGI4NTFmMTqAAn1xAVgKAAAAdGVzdGNvb2tpZXECWAYAAAB3b3JrZWRxA3Mu	2014-09-15 08:43:47.016217+00
417qrbf4fnytc0qu89l5udhsqbdvaagy	Njc3MDkyMTgwNDk1YzZlZmQ0YmUxNTM1M2E4MDNlMTcxZGI4NTFmMTqAAn1xAVgKAAAAdGVzdGNvb2tpZXECWAYAAAB3b3JrZWRxA3Mu	2014-09-15 08:59:55.373692+00
2oma15thwcdcif0d94v09yxlg6156169	Njc3MDkyMTgwNDk1YzZlZmQ0YmUxNTM1M2E4MDNlMTcxZGI4NTFmMTqAAn1xAVgKAAAAdGVzdGNvb2tpZXECWAYAAAB3b3JrZWRxA3Mu	2014-09-15 09:20:25.934945+00
xvkl9zx44cfrc58vk3kp2oo4am4f8i25	Njc3MDkyMTgwNDk1YzZlZmQ0YmUxNTM1M2E4MDNlMTcxZGI4NTFmMTqAAn1xAVgKAAAAdGVzdGNvb2tpZXECWAYAAAB3b3JrZWRxA3Mu	2014-09-15 09:41:32.061675+00
alycs520ex0xf228of4tm39jo8p15ypa	Njc3MDkyMTgwNDk1YzZlZmQ0YmUxNTM1M2E4MDNlMTcxZGI4NTFmMTqAAn1xAVgKAAAAdGVzdGNvb2tpZXECWAYAAAB3b3JrZWRxA3Mu	2014-09-15 11:54:30.612502+00
zi1a9gyczqi23jqk5z0gt9u351sz8wuk	Njc3MDkyMTgwNDk1YzZlZmQ0YmUxNTM1M2E4MDNlMTcxZGI4NTFmMTqAAn1xAVgKAAAAdGVzdGNvb2tpZXECWAYAAAB3b3JrZWRxA3Mu	2014-09-15 13:09:00.169637+00
q2oz5qtch585ky3zrt9y9en9s7c1ugkb	Njc3MDkyMTgwNDk1YzZlZmQ0YmUxNTM1M2E4MDNlMTcxZGI4NTFmMTqAAn1xAVgKAAAAdGVzdGNvb2tpZXECWAYAAAB3b3JrZWRxA3Mu	2014-09-15 13:10:11.88728+00
xsaoppvz8t74mqsk5bkct5b3pgf6z4o5	Njc3MDkyMTgwNDk1YzZlZmQ0YmUxNTM1M2E4MDNlMTcxZGI4NTFmMTqAAn1xAVgKAAAAdGVzdGNvb2tpZXECWAYAAAB3b3JrZWRxA3Mu	2014-09-15 13:25:08.640748+00
0dj3vi1ye0kmrytzqat2i1bye6gdsree	Njc3MDkyMTgwNDk1YzZlZmQ0YmUxNTM1M2E4MDNlMTcxZGI4NTFmMTqAAn1xAVgKAAAAdGVzdGNvb2tpZXECWAYAAAB3b3JrZWRxA3Mu	2014-09-15 13:40:09.558718+00
56ki9slmnz26l062aj2bzo1lyt2fv0cr	Njc3MDkyMTgwNDk1YzZlZmQ0YmUxNTM1M2E4MDNlMTcxZGI4NTFmMTqAAn1xAVgKAAAAdGVzdGNvb2tpZXECWAYAAAB3b3JrZWRxA3Mu	2014-09-15 13:42:49.50124+00
lh8n32ooo5xisl67o1wag5ziv5sclxgn	Njc3MDkyMTgwNDk1YzZlZmQ0YmUxNTM1M2E4MDNlMTcxZGI4NTFmMTqAAn1xAVgKAAAAdGVzdGNvb2tpZXECWAYAAAB3b3JrZWRxA3Mu	2014-09-15 13:51:56.516667+00
f8m8af0v6em1q8g1uu3eaa8oezr8dulj	Njc3MDkyMTgwNDk1YzZlZmQ0YmUxNTM1M2E4MDNlMTcxZGI4NTFmMTqAAn1xAVgKAAAAdGVzdGNvb2tpZXECWAYAAAB3b3JrZWRxA3Mu	2014-09-15 13:55:04.649342+00
rud94h25942c8bzh12oayj7cg8jm1dqp	Njc3MDkyMTgwNDk1YzZlZmQ0YmUxNTM1M2E4MDNlMTcxZGI4NTFmMTqAAn1xAVgKAAAAdGVzdGNvb2tpZXECWAYAAAB3b3JrZWRxA3Mu	2014-09-15 13:58:14.202157+00
j11dzaaxhdujrfitgp4gfmchh5jvetpi	Njc3MDkyMTgwNDk1YzZlZmQ0YmUxNTM1M2E4MDNlMTcxZGI4NTFmMTqAAn1xAVgKAAAAdGVzdGNvb2tpZXECWAYAAAB3b3JrZWRxA3Mu	2014-09-15 14:10:36.474622+00
yxt3ppeus9360pag0xew9zgkzmn69wv8	Njc3MDkyMTgwNDk1YzZlZmQ0YmUxNTM1M2E4MDNlMTcxZGI4NTFmMTqAAn1xAVgKAAAAdGVzdGNvb2tpZXECWAYAAAB3b3JrZWRxA3Mu	2014-09-15 14:14:17.827356+00
scogrfql4zux6gtoy4l8ynlk6ujbjz28	Njc3MDkyMTgwNDk1YzZlZmQ0YmUxNTM1M2E4MDNlMTcxZGI4NTFmMTqAAn1xAVgKAAAAdGVzdGNvb2tpZXECWAYAAAB3b3JrZWRxA3Mu	2014-09-15 14:30:08.11564+00
m2lonkbvye3xrez3jg00zfe3w55ahwl3	Njc3MDkyMTgwNDk1YzZlZmQ0YmUxNTM1M2E4MDNlMTcxZGI4NTFmMTqAAn1xAVgKAAAAdGVzdGNvb2tpZXECWAYAAAB3b3JrZWRxA3Mu	2014-09-15 14:52:42.28374+00
4mqcnzz14l9g9znzf6d2o1hgnhe6gwif	Njc3MDkyMTgwNDk1YzZlZmQ0YmUxNTM1M2E4MDNlMTcxZGI4NTFmMTqAAn1xAVgKAAAAdGVzdGNvb2tpZXECWAYAAAB3b3JrZWRxA3Mu	2014-09-15 15:05:42.338186+00
x9jrcos5fjupxd3533e4r2abfxdnb4cg	Njc3MDkyMTgwNDk1YzZlZmQ0YmUxNTM1M2E4MDNlMTcxZGI4NTFmMTqAAn1xAVgKAAAAdGVzdGNvb2tpZXECWAYAAAB3b3JrZWRxA3Mu	2014-09-15 15:15:09.363663+00
0afulqw6kcawzetu5srmt8zl6j63ng4q	Njc3MDkyMTgwNDk1YzZlZmQ0YmUxNTM1M2E4MDNlMTcxZGI4NTFmMTqAAn1xAVgKAAAAdGVzdGNvb2tpZXECWAYAAAB3b3JrZWRxA3Mu	2014-09-15 15:29:39.007083+00
13bxq439xo5drziskhm1nqc4rrrh0o2d	Njc3MDkyMTgwNDk1YzZlZmQ0YmUxNTM1M2E4MDNlMTcxZGI4NTFmMTqAAn1xAVgKAAAAdGVzdGNvb2tpZXECWAYAAAB3b3JrZWRxA3Mu	2014-09-15 15:42:07.481284+00
65lyu0wfs88f2xoklgbaki0idy1no48u	Njc3MDkyMTgwNDk1YzZlZmQ0YmUxNTM1M2E4MDNlMTcxZGI4NTFmMTqAAn1xAVgKAAAAdGVzdGNvb2tpZXECWAYAAAB3b3JrZWRxA3Mu	2014-09-15 15:47:10.873781+00
lxghcq7s3nz7uoehvmxnorrpcouldv4n	Njc3MDkyMTgwNDk1YzZlZmQ0YmUxNTM1M2E4MDNlMTcxZGI4NTFmMTqAAn1xAVgKAAAAdGVzdGNvb2tpZXECWAYAAAB3b3JrZWRxA3Mu	2014-09-15 16:05:08.612726+00
dcqykqxg54ajp1ys3ovaueaadi3avza9	Njc3MDkyMTgwNDk1YzZlZmQ0YmUxNTM1M2E4MDNlMTcxZGI4NTFmMTqAAn1xAVgKAAAAdGVzdGNvb2tpZXECWAYAAAB3b3JrZWRxA3Mu	2014-09-15 16:20:14.887681+00
zv2eo34s0vp98y9ouls3ug7sviqnthcq	Njc3MDkyMTgwNDk1YzZlZmQ0YmUxNTM1M2E4MDNlMTcxZGI4NTFmMTqAAn1xAVgKAAAAdGVzdGNvb2tpZXECWAYAAAB3b3JrZWRxA3Mu	2014-09-15 16:28:42.027096+00
nzj6w4vfiqus4ri6bbjcrabs71aixyur	Njc3MDkyMTgwNDk1YzZlZmQ0YmUxNTM1M2E4MDNlMTcxZGI4NTFmMTqAAn1xAVgKAAAAdGVzdGNvb2tpZXECWAYAAAB3b3JrZWRxA3Mu	2014-09-15 16:35:11.383385+00
bw1zfqxidww35paufm26uocybof5wr4i	Njc3MDkyMTgwNDk1YzZlZmQ0YmUxNTM1M2E4MDNlMTcxZGI4NTFmMTqAAn1xAVgKAAAAdGVzdGNvb2tpZXECWAYAAAB3b3JrZWRxA3Mu	2014-09-15 16:37:17.636153+00
vtwktnl75ctx4105jz7vtj0lhqkpcvmp	Njc3MDkyMTgwNDk1YzZlZmQ0YmUxNTM1M2E4MDNlMTcxZGI4NTFmMTqAAn1xAVgKAAAAdGVzdGNvb2tpZXECWAYAAAB3b3JrZWRxA3Mu	2014-09-15 16:48:00.545461+00
a8ow0vc2udx993a7zai5tfd81vr6mgjy	Njc3MDkyMTgwNDk1YzZlZmQ0YmUxNTM1M2E4MDNlMTcxZGI4NTFmMTqAAn1xAVgKAAAAdGVzdGNvb2tpZXECWAYAAAB3b3JrZWRxA3Mu	2014-09-15 17:06:24.895159+00
lk057epe1sdl0fwpgcpf4nvvqvppztgk	Njc3MDkyMTgwNDk1YzZlZmQ0YmUxNTM1M2E4MDNlMTcxZGI4NTFmMTqAAn1xAVgKAAAAdGVzdGNvb2tpZXECWAYAAAB3b3JrZWRxA3Mu	2014-09-15 17:10:55.740901+00
0czah9p2w1v4fhlz32z6njbo6mbf6pze	Njc3MDkyMTgwNDk1YzZlZmQ0YmUxNTM1M2E4MDNlMTcxZGI4NTFmMTqAAn1xAVgKAAAAdGVzdGNvb2tpZXECWAYAAAB3b3JrZWRxA3Mu	2014-09-15 17:30:24.882383+00
u3sdb5k0j3qi5plwhacbzgp3jk9hrz0e	Njc3MDkyMTgwNDk1YzZlZmQ0YmUxNTM1M2E4MDNlMTcxZGI4NTFmMTqAAn1xAVgKAAAAdGVzdGNvb2tpZXECWAYAAAB3b3JrZWRxA3Mu	2014-09-15 18:07:37.563392+00
7wzvnrbgd97f3yyhbs51ui5q4laecr3w	Njc3MDkyMTgwNDk1YzZlZmQ0YmUxNTM1M2E4MDNlMTcxZGI4NTFmMTqAAn1xAVgKAAAAdGVzdGNvb2tpZXECWAYAAAB3b3JrZWRxA3Mu	2014-09-15 18:47:00.979292+00
7y3c3lmctq5h9awwoh9xjsg5uya9gbll	Njc3MDkyMTgwNDk1YzZlZmQ0YmUxNTM1M2E4MDNlMTcxZGI4NTFmMTqAAn1xAVgKAAAAdGVzdGNvb2tpZXECWAYAAAB3b3JrZWRxA3Mu	2014-09-15 19:17:40.618101+00
9unf3iw46x48prntjhb8wwmg3hhgvmnu	Njc3MDkyMTgwNDk1YzZlZmQ0YmUxNTM1M2E4MDNlMTcxZGI4NTFmMTqAAn1xAVgKAAAAdGVzdGNvb2tpZXECWAYAAAB3b3JrZWRxA3Mu	2014-09-15 19:21:12.168387+00
8sbgyuynr5rswctx0je6tp6fropnblw7	Njc3MDkyMTgwNDk1YzZlZmQ0YmUxNTM1M2E4MDNlMTcxZGI4NTFmMTqAAn1xAVgKAAAAdGVzdGNvb2tpZXECWAYAAAB3b3JrZWRxA3Mu	2014-09-15 20:12:59.244765+00
de7idwpskz3u3c1ew4plylehirivks5b	Njc3MDkyMTgwNDk1YzZlZmQ0YmUxNTM1M2E4MDNlMTcxZGI4NTFmMTqAAn1xAVgKAAAAdGVzdGNvb2tpZXECWAYAAAB3b3JrZWRxA3Mu	2014-09-15 21:06:36.23643+00
hyzjv2whkldup6pskyt911e392vcire4	Njc3MDkyMTgwNDk1YzZlZmQ0YmUxNTM1M2E4MDNlMTcxZGI4NTFmMTqAAn1xAVgKAAAAdGVzdGNvb2tpZXECWAYAAAB3b3JrZWRxA3Mu	2014-09-15 21:21:25.961539+00
g41ie0bupsk9tek5csnhe2hjpt2cr9cc	Njc3MDkyMTgwNDk1YzZlZmQ0YmUxNTM1M2E4MDNlMTcxZGI4NTFmMTqAAn1xAVgKAAAAdGVzdGNvb2tpZXECWAYAAAB3b3JrZWRxA3Mu	2014-09-15 22:10:57.961167+00
o0k0ys1ouhxninf4y2rx2xc5w3dpdvgg	Njc3MDkyMTgwNDk1YzZlZmQ0YmUxNTM1M2E4MDNlMTcxZGI4NTFmMTqAAn1xAVgKAAAAdGVzdGNvb2tpZXECWAYAAAB3b3JrZWRxA3Mu	2014-09-15 22:22:23.349118+00
evbceib9451jkz60xoiysj72m7ydiptw	Njc3MDkyMTgwNDk1YzZlZmQ0YmUxNTM1M2E4MDNlMTcxZGI4NTFmMTqAAn1xAVgKAAAAdGVzdGNvb2tpZXECWAYAAAB3b3JrZWRxA3Mu	2014-09-15 23:38:10.715693+00
kc7q3i24i6spcugs96n5o2a0lwvg9sjv	Njc3MDkyMTgwNDk1YzZlZmQ0YmUxNTM1M2E4MDNlMTcxZGI4NTFmMTqAAn1xAVgKAAAAdGVzdGNvb2tpZXECWAYAAAB3b3JrZWRxA3Mu	2014-09-16 00:53:58.087452+00
j3hsoypwhrpdb73gnesnr85qfxhir28r	Njc3MDkyMTgwNDk1YzZlZmQ0YmUxNTM1M2E4MDNlMTcxZGI4NTFmMTqAAn1xAVgKAAAAdGVzdGNvb2tpZXECWAYAAAB3b3JrZWRxA3Mu	2014-09-16 01:32:12.600069+00
pdtviawrkohxyvgve3dvtrfyyim20qjy	Njc3MDkyMTgwNDk1YzZlZmQ0YmUxNTM1M2E4MDNlMTcxZGI4NTFmMTqAAn1xAVgKAAAAdGVzdGNvb2tpZXECWAYAAAB3b3JrZWRxA3Mu	2014-09-16 01:48:33.394177+00
h07hrx6ctrfbfpj1o9zfgar8jo06yo7y	Njc3MDkyMTgwNDk1YzZlZmQ0YmUxNTM1M2E4MDNlMTcxZGI4NTFmMTqAAn1xAVgKAAAAdGVzdGNvb2tpZXECWAYAAAB3b3JrZWRxA3Mu	2014-09-16 02:07:35.82439+00
q9vd2c2elfckaech26w55pms9vocme8s	Njc3MDkyMTgwNDk1YzZlZmQ0YmUxNTM1M2E4MDNlMTcxZGI4NTFmMTqAAn1xAVgKAAAAdGVzdGNvb2tpZXECWAYAAAB3b3JrZWRxA3Mu	2014-09-16 02:16:26.052683+00
qycfk6zrjouixqbativ58kohkphx4j66	Njc3MDkyMTgwNDk1YzZlZmQ0YmUxNTM1M2E4MDNlMTcxZGI4NTFmMTqAAn1xAVgKAAAAdGVzdGNvb2tpZXECWAYAAAB3b3JrZWRxA3Mu	2014-09-16 02:51:43.855031+00
ntydpv7s94plni6wcs401ug2lf05lnk7	Njc3MDkyMTgwNDk1YzZlZmQ0YmUxNTM1M2E4MDNlMTcxZGI4NTFmMTqAAn1xAVgKAAAAdGVzdGNvb2tpZXECWAYAAAB3b3JrZWRxA3Mu	2014-09-16 03:18:17.603361+00
lh66vnn24r1hkotu1op5nfr5wiry0fz2	Njc3MDkyMTgwNDk1YzZlZmQ0YmUxNTM1M2E4MDNlMTcxZGI4NTFmMTqAAn1xAVgKAAAAdGVzdGNvb2tpZXECWAYAAAB3b3JrZWRxA3Mu	2014-09-16 03:25:43.178929+00
99z201jveg21drsou1yvgjzrz4htv611	Njc3MDkyMTgwNDk1YzZlZmQ0YmUxNTM1M2E4MDNlMTcxZGI4NTFmMTqAAn1xAVgKAAAAdGVzdGNvb2tpZXECWAYAAAB3b3JrZWRxA3Mu	2014-09-16 03:36:42.211186+00
bjzmo8byao13glsmu1sdvlcbw2hcordk	Njc3MDkyMTgwNDk1YzZlZmQ0YmUxNTM1M2E4MDNlMTcxZGI4NTFmMTqAAn1xAVgKAAAAdGVzdGNvb2tpZXECWAYAAAB3b3JrZWRxA3Mu	2014-09-16 03:39:32.361514+00
dipyab9zsk2jfdu5mbh53l277w8v4332	Njc3MDkyMTgwNDk1YzZlZmQ0YmUxNTM1M2E4MDNlMTcxZGI4NTFmMTqAAn1xAVgKAAAAdGVzdGNvb2tpZXECWAYAAAB3b3JrZWRxA3Mu	2014-09-16 03:58:03.753148+00
ji8ty0luzucv3tuzz50jmcw9g153x26j	Njc3MDkyMTgwNDk1YzZlZmQ0YmUxNTM1M2E4MDNlMTcxZGI4NTFmMTqAAn1xAVgKAAAAdGVzdGNvb2tpZXECWAYAAAB3b3JrZWRxA3Mu	2014-09-16 05:08:45.851243+00
ugbgsqibz858o59phuxm4y08lt9zcnh5	Njc3MDkyMTgwNDk1YzZlZmQ0YmUxNTM1M2E4MDNlMTcxZGI4NTFmMTqAAn1xAVgKAAAAdGVzdGNvb2tpZXECWAYAAAB3b3JrZWRxA3Mu	2014-09-16 05:12:07.604424+00
fieix4eig2d2yvsbyszd0wnk51fh4mfl	Njc3MDkyMTgwNDk1YzZlZmQ0YmUxNTM1M2E4MDNlMTcxZGI4NTFmMTqAAn1xAVgKAAAAdGVzdGNvb2tpZXECWAYAAAB3b3JrZWRxA3Mu	2014-09-16 05:13:10.379212+00
hs7h8aq93857aojzwklog125xjpealm4	Njc3MDkyMTgwNDk1YzZlZmQ0YmUxNTM1M2E4MDNlMTcxZGI4NTFmMTqAAn1xAVgKAAAAdGVzdGNvb2tpZXECWAYAAAB3b3JrZWRxA3Mu	2014-09-16 05:30:46.188372+00
tj5wvwatgz0et7j79oeie4wunfytyg50	Njc3MDkyMTgwNDk1YzZlZmQ0YmUxNTM1M2E4MDNlMTcxZGI4NTFmMTqAAn1xAVgKAAAAdGVzdGNvb2tpZXECWAYAAAB3b3JrZWRxA3Mu	2014-09-16 06:01:41.559925+00
vf04bcvx4yyzihugv9h9c7lvz8arp51x	Njc3MDkyMTgwNDk1YzZlZmQ0YmUxNTM1M2E4MDNlMTcxZGI4NTFmMTqAAn1xAVgKAAAAdGVzdGNvb2tpZXECWAYAAAB3b3JrZWRxA3Mu	2014-09-16 06:19:22.210866+00
11vaq0qjdcgdzq5cqx42qvswcd4wgs6s	Njc3MDkyMTgwNDk1YzZlZmQ0YmUxNTM1M2E4MDNlMTcxZGI4NTFmMTqAAn1xAVgKAAAAdGVzdGNvb2tpZXECWAYAAAB3b3JrZWRxA3Mu	2014-09-16 06:37:09.104983+00
w2bz5uph3j6qsk1jaqc9tuacrbexp88s	Njc3MDkyMTgwNDk1YzZlZmQ0YmUxNTM1M2E4MDNlMTcxZGI4NTFmMTqAAn1xAVgKAAAAdGVzdGNvb2tpZXECWAYAAAB3b3JrZWRxA3Mu	2014-09-16 06:50:17.763063+00
44nrg54dphzp10jpztd5euasgthvxg63	Njc3MDkyMTgwNDk1YzZlZmQ0YmUxNTM1M2E4MDNlMTcxZGI4NTFmMTqAAn1xAVgKAAAAdGVzdGNvb2tpZXECWAYAAAB3b3JrZWRxA3Mu	2014-09-16 06:59:15.063644+00
idhtlymavnnvrvplxj9wp11zz0b5awc4	Njc3MDkyMTgwNDk1YzZlZmQ0YmUxNTM1M2E4MDNlMTcxZGI4NTFmMTqAAn1xAVgKAAAAdGVzdGNvb2tpZXECWAYAAAB3b3JrZWRxA3Mu	2014-09-16 07:47:52.994227+00
kvjlc41w84ml8vveqvebct9shncwazq1	Njc3MDkyMTgwNDk1YzZlZmQ0YmUxNTM1M2E4MDNlMTcxZGI4NTFmMTqAAn1xAVgKAAAAdGVzdGNvb2tpZXECWAYAAAB3b3JrZWRxA3Mu	2014-09-16 13:46:16.445923+00
4wym8qlypfof3c70rpfwaccr2boh49zv	Njc3MDkyMTgwNDk1YzZlZmQ0YmUxNTM1M2E4MDNlMTcxZGI4NTFmMTqAAn1xAVgKAAAAdGVzdGNvb2tpZXECWAYAAAB3b3JrZWRxA3Mu	2014-09-16 13:49:55.210098+00
ytpadvguyh0a5z5de6dc06wqhacce76f	Njc3MDkyMTgwNDk1YzZlZmQ0YmUxNTM1M2E4MDNlMTcxZGI4NTFmMTqAAn1xAVgKAAAAdGVzdGNvb2tpZXECWAYAAAB3b3JrZWRxA3Mu	2014-09-16 13:53:34.823425+00
7l8chym11nljks88wdor253n145wl9b6	Njc3MDkyMTgwNDk1YzZlZmQ0YmUxNTM1M2E4MDNlMTcxZGI4NTFmMTqAAn1xAVgKAAAAdGVzdGNvb2tpZXECWAYAAAB3b3JrZWRxA3Mu	2014-09-16 14:06:22.099794+00
pmbb08l5evrn6mtlop8i74wunwyxchih	Njc3MDkyMTgwNDk1YzZlZmQ0YmUxNTM1M2E4MDNlMTcxZGI4NTFmMTqAAn1xAVgKAAAAdGVzdGNvb2tpZXECWAYAAAB3b3JrZWRxA3Mu	2014-09-16 14:17:19.693324+00
l7rgz268dbzvt0qu4y08el0khdojwb21	Njc3MDkyMTgwNDk1YzZlZmQ0YmUxNTM1M2E4MDNlMTcxZGI4NTFmMTqAAn1xAVgKAAAAdGVzdGNvb2tpZXECWAYAAAB3b3JrZWRxA3Mu	2014-09-16 14:20:58.766449+00
q0jem1bjl18813fz9rglhjedmplasjzf	Njc3MDkyMTgwNDk1YzZlZmQ0YmUxNTM1M2E4MDNlMTcxZGI4NTFmMTqAAn1xAVgKAAAAdGVzdGNvb2tpZXECWAYAAAB3b3JrZWRxA3Mu	2014-09-16 14:24:37.991146+00
vrhnj4czmf7uyeyvuriug204fbqp00u2	Njc3MDkyMTgwNDk1YzZlZmQ0YmUxNTM1M2E4MDNlMTcxZGI4NTFmMTqAAn1xAVgKAAAAdGVzdGNvb2tpZXECWAYAAAB3b3JrZWRxA3Mu	2014-09-16 14:45:56.824054+00
jagcd2rb4ao9smzb0tb9gxfvyigghvkv	Njc3MDkyMTgwNDk1YzZlZmQ0YmUxNTM1M2E4MDNlMTcxZGI4NTFmMTqAAn1xAVgKAAAAdGVzdGNvb2tpZXECWAYAAAB3b3JrZWRxA3Mu	2014-09-16 15:01:10.087648+00
zl4li22abts6ntq855fhiyhe5st1r67p	Njc3MDkyMTgwNDk1YzZlZmQ0YmUxNTM1M2E4MDNlMTcxZGI4NTFmMTqAAn1xAVgKAAAAdGVzdGNvb2tpZXECWAYAAAB3b3JrZWRxA3Mu	2014-09-16 15:20:55.361489+00
i10jv77899wvgzq58gvtxzwh3soyxjz5	Njc3MDkyMTgwNDk1YzZlZmQ0YmUxNTM1M2E4MDNlMTcxZGI4NTFmMTqAAn1xAVgKAAAAdGVzdGNvb2tpZXECWAYAAAB3b3JrZWRxA3Mu	2014-09-16 15:21:15.50973+00
nynirpild3veg88hor9cw1fkmcmy9yk5	Njc3MDkyMTgwNDk1YzZlZmQ0YmUxNTM1M2E4MDNlMTcxZGI4NTFmMTqAAn1xAVgKAAAAdGVzdGNvb2tpZXECWAYAAAB3b3JrZWRxA3Mu	2014-09-16 15:41:21.102836+00
ae9bo1nddbdghiai0sf6b0kkbdjf8k23	Njc3MDkyMTgwNDk1YzZlZmQ0YmUxNTM1M2E4MDNlMTcxZGI4NTFmMTqAAn1xAVgKAAAAdGVzdGNvb2tpZXECWAYAAAB3b3JrZWRxA3Mu	2014-09-16 15:55:57.810546+00
fv8fe5nlh82ol1o24aywqp3e674sc0vl	Njc3MDkyMTgwNDk1YzZlZmQ0YmUxNTM1M2E4MDNlMTcxZGI4NTFmMTqAAn1xAVgKAAAAdGVzdGNvb2tpZXECWAYAAAB3b3JrZWRxA3Mu	2014-09-16 15:57:47.501685+00
8xoo8qxve11jue6axcgcjv29ii8ftkbq	Njc3MDkyMTgwNDk1YzZlZmQ0YmUxNTM1M2E4MDNlMTcxZGI4NTFmMTqAAn1xAVgKAAAAdGVzdGNvb2tpZXECWAYAAAB3b3JrZWRxA3Mu	2014-09-16 16:06:55.54826+00
1vbx4b0nxnj5n4gyxcrfto01wcycp3wa	Njc3MDkyMTgwNDk1YzZlZmQ0YmUxNTM1M2E4MDNlMTcxZGI4NTFmMTqAAn1xAVgKAAAAdGVzdGNvb2tpZXECWAYAAAB3b3JrZWRxA3Mu	2014-09-16 16:10:34.006111+00
l0h3cr0qc3h71n6xdtevvoz14y9uxcy4	Njc3MDkyMTgwNDk1YzZlZmQ0YmUxNTM1M2E4MDNlMTcxZGI4NTFmMTqAAn1xAVgKAAAAdGVzdGNvb2tpZXECWAYAAAB3b3JrZWRxA3Mu	2014-09-16 16:23:21.854595+00
s0som2jaolkp6iaiti86ylcymo7umjeu	Njc3MDkyMTgwNDk1YzZlZmQ0YmUxNTM1M2E4MDNlMTcxZGI4NTFmMTqAAn1xAVgKAAAAdGVzdGNvb2tpZXECWAYAAAB3b3JrZWRxA3Mu	2014-09-16 16:25:11.449091+00
e9dn35eo14anc508cc8sru4y777yaqqb	Njc3MDkyMTgwNDk1YzZlZmQ0YmUxNTM1M2E4MDNlMTcxZGI4NTFmMTqAAn1xAVgKAAAAdGVzdGNvb2tpZXECWAYAAAB3b3JrZWRxA3Mu	2014-09-16 16:27:01.055808+00
cwqheclv81wm71wrcysurzi0mlx9i3c9	Njc3MDkyMTgwNDk1YzZlZmQ0YmUxNTM1M2E4MDNlMTcxZGI4NTFmMTqAAn1xAVgKAAAAdGVzdGNvb2tpZXECWAYAAAB3b3JrZWRxA3Mu	2014-09-16 16:32:29.863773+00
kchc2tlkeq51zzsllgy67op65ipnse8e	Njc3MDkyMTgwNDk1YzZlZmQ0YmUxNTM1M2E4MDNlMTcxZGI4NTFmMTqAAn1xAVgKAAAAdGVzdGNvb2tpZXECWAYAAAB3b3JrZWRxA3Mu	2014-09-16 16:36:09.04355+00
zvj18b22xy3y5iese12230hafocfdmgq	Njc3MDkyMTgwNDk1YzZlZmQ0YmUxNTM1M2E4MDNlMTcxZGI4NTFmMTqAAn1xAVgKAAAAdGVzdGNvb2tpZXECWAYAAAB3b3JrZWRxA3Mu	2014-09-16 16:41:37.846777+00
fmfntbmbif4xdxqfly3v0ieowlgnrdpd	Njc3MDkyMTgwNDk1YzZlZmQ0YmUxNTM1M2E4MDNlMTcxZGI4NTFmMTqAAn1xAVgKAAAAdGVzdGNvb2tpZXECWAYAAAB3b3JrZWRxA3Mu	2014-09-16 16:59:49.431213+00
v573qc6ocm4yha5kyhbwhlyrskf77q1r	Njc3MDkyMTgwNDk1YzZlZmQ0YmUxNTM1M2E4MDNlMTcxZGI4NTFmMTqAAn1xAVgKAAAAdGVzdGNvb2tpZXECWAYAAAB3b3JrZWRxA3Mu	2014-09-16 17:05:19.192783+00
e11t6tn20k0vvdu16s2lqzm0uzq7w9g7	Njc3MDkyMTgwNDk1YzZlZmQ0YmUxNTM1M2E4MDNlMTcxZGI4NTFmMTqAAn1xAVgKAAAAdGVzdGNvb2tpZXECWAYAAAB3b3JrZWRxA3Mu	2014-09-16 17:10:43.885984+00
mbb4q9sy7a6ncsbzof6vk2ru7blc8pr9	Njc3MDkyMTgwNDk1YzZlZmQ0YmUxNTM1M2E4MDNlMTcxZGI4NTFmMTqAAn1xAVgKAAAAdGVzdGNvb2tpZXECWAYAAAB3b3JrZWRxA3Mu	2014-09-16 17:11:54.382499+00
liqy5f0nv7if47wujr7ufthxa4mlu3q0	Njc3MDkyMTgwNDk1YzZlZmQ0YmUxNTM1M2E4MDNlMTcxZGI4NTFmMTqAAn1xAVgKAAAAdGVzdGNvb2tpZXECWAYAAAB3b3JrZWRxA3Mu	2014-09-16 17:18:02.543296+00
7uyi7oy01y5mngwa0uplgkziw516bpcj	Njc3MDkyMTgwNDk1YzZlZmQ0YmUxNTM1M2E4MDNlMTcxZGI4NTFmMTqAAn1xAVgKAAAAdGVzdGNvb2tpZXECWAYAAAB3b3JrZWRxA3Mu	2014-09-16 18:01:54.419992+00
5bte2lpw06zqqzi5azdmatrs5c8jcylg	Njc3MDkyMTgwNDk1YzZlZmQ0YmUxNTM1M2E4MDNlMTcxZGI4NTFmMTqAAn1xAVgKAAAAdGVzdGNvb2tpZXECWAYAAAB3b3JrZWRxA3Mu	2014-09-16 18:25:40.020691+00
sd9cs65e8aezmm6nne0jgtniigh0xbd1	Njc3MDkyMTgwNDk1YzZlZmQ0YmUxNTM1M2E4MDNlMTcxZGI4NTFmMTqAAn1xAVgKAAAAdGVzdGNvb2tpZXECWAYAAAB3b3JrZWRxA3Mu	2014-09-16 18:32:58.683187+00
74qx79rvn8s838qk7iupkhnc2bdmgy3b	Njc3MDkyMTgwNDk1YzZlZmQ0YmUxNTM1M2E4MDNlMTcxZGI4NTFmMTqAAn1xAVgKAAAAdGVzdGNvb2tpZXECWAYAAAB3b3JrZWRxA3Mu	2014-09-16 18:43:56.669451+00
hsd0xa84h5svp2lnb537r5do5ryykhwm	Njc3MDkyMTgwNDk1YzZlZmQ0YmUxNTM1M2E4MDNlMTcxZGI4NTFmMTqAAn1xAVgKAAAAdGVzdGNvb2tpZXECWAYAAAB3b3JrZWRxA3Mu	2014-09-16 18:45:46.371338+00
u0ioowr9butmr8yn3brdnqv1g3bairof	Njc3MDkyMTgwNDk1YzZlZmQ0YmUxNTM1M2E4MDNlMTcxZGI4NTFmMTqAAn1xAVgKAAAAdGVzdGNvb2tpZXECWAYAAAB3b3JrZWRxA3Mu	2014-09-16 18:47:35.998943+00
78ko9a7ae4c9eexiycil14hqcx8jll4u	Njc3MDkyMTgwNDk1YzZlZmQ0YmUxNTM1M2E4MDNlMTcxZGI4NTFmMTqAAn1xAVgKAAAAdGVzdGNvb2tpZXECWAYAAAB3b3JrZWRxA3Mu	2014-09-16 18:51:15.351119+00
in9yhbe6v1bqt4o05njoqf9blg066lee	Njc3MDkyMTgwNDk1YzZlZmQ0YmUxNTM1M2E4MDNlMTcxZGI4NTFmMTqAAn1xAVgKAAAAdGVzdGNvb2tpZXECWAYAAAB3b3JrZWRxA3Mu	2014-09-16 18:53:04.995743+00
75z5iqbpyfwadxswn1nprlr3v0fdvbck	Njc3MDkyMTgwNDk1YzZlZmQ0YmUxNTM1M2E4MDNlMTcxZGI4NTFmMTqAAn1xAVgKAAAAdGVzdGNvb2tpZXECWAYAAAB3b3JrZWRxA3Mu	2014-09-16 19:21:51.962136+00
mp5oj372mpa3q781rdr5j0g992rp1861	Njc3MDkyMTgwNDk1YzZlZmQ0YmUxNTM1M2E4MDNlMTcxZGI4NTFmMTqAAn1xAVgKAAAAdGVzdGNvb2tpZXECWAYAAAB3b3JrZWRxA3Mu	2014-09-16 19:26:19.109921+00
knbdf30oxr6z8xz2vxlpg4cs9jc21whd	Njc3MDkyMTgwNDk1YzZlZmQ0YmUxNTM1M2E4MDNlMTcxZGI4NTFmMTqAAn1xAVgKAAAAdGVzdGNvb2tpZXECWAYAAAB3b3JrZWRxA3Mu	2014-09-16 19:27:48.235278+00
542ub3d5b56bz8zpgzwttgtap4q8u90x	Njc3MDkyMTgwNDk1YzZlZmQ0YmUxNTM1M2E4MDNlMTcxZGI4NTFmMTqAAn1xAVgKAAAAdGVzdGNvb2tpZXECWAYAAAB3b3JrZWRxA3Mu	2014-09-16 19:39:41.130751+00
7d5f8mhnta6894j81084gbbe28frwyu5	Njc3MDkyMTgwNDk1YzZlZmQ0YmUxNTM1M2E4MDNlMTcxZGI4NTFmMTqAAn1xAVgKAAAAdGVzdGNvb2tpZXECWAYAAAB3b3JrZWRxA3Mu	2014-09-16 19:51:34.054515+00
fmhpf0t4hjzka5hq0d778lf8n5amh70q	Njc3MDkyMTgwNDk1YzZlZmQ0YmUxNTM1M2E4MDNlMTcxZGI4NTFmMTqAAn1xAVgKAAAAdGVzdGNvb2tpZXECWAYAAAB3b3JrZWRxA3Mu	2014-09-16 19:57:30.485997+00
brpchsh5mh7w97s3toe4z8728f5mc1bg	Njc3MDkyMTgwNDk1YzZlZmQ0YmUxNTM1M2E4MDNlMTcxZGI4NTFmMTqAAn1xAVgKAAAAdGVzdGNvb2tpZXECWAYAAAB3b3JrZWRxA3Mu	2014-09-16 20:00:28.680164+00
e8ur5ax5grklh9nw6pg0wrtxi5vk1acx	Njc3MDkyMTgwNDk1YzZlZmQ0YmUxNTM1M2E4MDNlMTcxZGI4NTFmMTqAAn1xAVgKAAAAdGVzdGNvb2tpZXECWAYAAAB3b3JrZWRxA3Mu	2014-09-16 20:06:25.180705+00
pg75etx118k3r34ptetx6vvrciyn2gp7	Njc3MDkyMTgwNDk1YzZlZmQ0YmUxNTM1M2E4MDNlMTcxZGI4NTFmMTqAAn1xAVgKAAAAdGVzdGNvb2tpZXECWAYAAAB3b3JrZWRxA3Mu	2014-09-16 20:21:16.531196+00
gptmfsw8p5pzzsj36zxprg7vtvziu1ck	Njc3MDkyMTgwNDk1YzZlZmQ0YmUxNTM1M2E4MDNlMTcxZGI4NTFmMTqAAn1xAVgKAAAAdGVzdGNvb2tpZXECWAYAAAB3b3JrZWRxA3Mu	2014-09-16 20:24:14.986262+00
fn6u5ou18djmgdewlvnay41q5jp9153p	Njc3MDkyMTgwNDk1YzZlZmQ0YmUxNTM1M2E4MDNlMTcxZGI4NTFmMTqAAn1xAVgKAAAAdGVzdGNvb2tpZXECWAYAAAB3b3JrZWRxA3Mu	2014-09-16 20:34:39.099696+00
9th9ooswbz8pbc5ktsnwy5af1lre4yho	Njc3MDkyMTgwNDk1YzZlZmQ0YmUxNTM1M2E4MDNlMTcxZGI4NTFmMTqAAn1xAVgKAAAAdGVzdGNvb2tpZXECWAYAAAB3b3JrZWRxA3Mu	2014-09-16 20:37:37.591291+00
ueozlh5swnympwjs9we1hykrrm0lohuw	Njc3MDkyMTgwNDk1YzZlZmQ0YmUxNTM1M2E4MDNlMTcxZGI4NTFmMTqAAn1xAVgKAAAAdGVzdGNvb2tpZXECWAYAAAB3b3JrZWRxA3Mu	2014-09-16 20:39:06.856934+00
yt56k3cqg2ko4clam23grsywbld1t9ld	Njc3MDkyMTgwNDk1YzZlZmQ0YmUxNTM1M2E4MDNlMTcxZGI4NTFmMTqAAn1xAVgKAAAAdGVzdGNvb2tpZXECWAYAAAB3b3JrZWRxA3Mu	2014-09-16 20:40:36.095668+00
exbls58k1da92t02qetej8hzb7rxquuw	Njc3MDkyMTgwNDk1YzZlZmQ0YmUxNTM1M2E4MDNlMTcxZGI4NTFmMTqAAn1xAVgKAAAAdGVzdGNvb2tpZXECWAYAAAB3b3JrZWRxA3Mu	2014-09-16 20:54:02.318125+00
vk0p2agbbywzv80o9f8v48p36x0opzyu	Njc3MDkyMTgwNDk1YzZlZmQ0YmUxNTM1M2E4MDNlMTcxZGI4NTFmMTqAAn1xAVgKAAAAdGVzdGNvb2tpZXECWAYAAAB3b3JrZWRxA3Mu	2014-09-16 20:55:32.643158+00
t864ymqmcdtrhx0jzpeu70rgg46lxg2y	Njc3MDkyMTgwNDk1YzZlZmQ0YmUxNTM1M2E4MDNlMTcxZGI4NTFmMTqAAn1xAVgKAAAAdGVzdGNvb2tpZXECWAYAAAB3b3JrZWRxA3Mu	2014-09-16 21:00:10.475001+00
4l92lj6cooo5e1eeuxwo0hyqlehjgzwq	Njc3MDkyMTgwNDk1YzZlZmQ0YmUxNTM1M2E4MDNlMTcxZGI4NTFmMTqAAn1xAVgKAAAAdGVzdGNvb2tpZXECWAYAAAB3b3JrZWRxA3Mu	2014-09-17 03:31:47.970265+00
o0stg777ep0kd8qn0h24ui3bfguektgg	Njc3MDkyMTgwNDk1YzZlZmQ0YmUxNTM1M2E4MDNlMTcxZGI4NTFmMTqAAn1xAVgKAAAAdGVzdGNvb2tpZXECWAYAAAB3b3JrZWRxA3Mu	2014-09-17 04:17:49.470484+00
icf1leapip4lbj0ee3oxitnazvrrrjfm	Njc3MDkyMTgwNDk1YzZlZmQ0YmUxNTM1M2E4MDNlMTcxZGI4NTFmMTqAAn1xAVgKAAAAdGVzdGNvb2tpZXECWAYAAAB3b3JrZWRxA3Mu	2014-09-17 04:22:20.705983+00
nr1tqx8o0187evdnaboh4nu9htze2gi9	Njc3MDkyMTgwNDk1YzZlZmQ0YmUxNTM1M2E4MDNlMTcxZGI4NTFmMTqAAn1xAVgKAAAAdGVzdGNvb2tpZXECWAYAAAB3b3JrZWRxA3Mu	2014-09-17 05:17:34.581556+00
4u244nw7jpfvh3t6i2s1pxwt468sd1t8	Njc3MDkyMTgwNDk1YzZlZmQ0YmUxNTM1M2E4MDNlMTcxZGI4NTFmMTqAAn1xAVgKAAAAdGVzdGNvb2tpZXECWAYAAAB3b3JrZWRxA3Mu	2014-09-17 05:22:04.645022+00
iift8a3e9ybu0rl7ts4omtti5zc7r0nf	Njc3MDkyMTgwNDk1YzZlZmQ0YmUxNTM1M2E4MDNlMTcxZGI4NTFmMTqAAn1xAVgKAAAAdGVzdGNvb2tpZXECWAYAAAB3b3JrZWRxA3Mu	2014-09-17 06:35:44.088881+00
trlpk4khjlmszr632qxm351n00t7gcs6	Njc3MDkyMTgwNDk1YzZlZmQ0YmUxNTM1M2E4MDNlMTcxZGI4NTFmMTqAAn1xAVgKAAAAdGVzdGNvb2tpZXECWAYAAAB3b3JrZWRxA3Mu	2014-09-17 07:18:01.040484+00
nvx0sj325mmgfe89oyb9qfuozuyeahft	Njc3MDkyMTgwNDk1YzZlZmQ0YmUxNTM1M2E4MDNlMTcxZGI4NTFmMTqAAn1xAVgKAAAAdGVzdGNvb2tpZXECWAYAAAB3b3JrZWRxA3Mu	2014-09-17 07:35:30.52775+00
bhqaks14sbqmckr35x3jatnhabtwhlil	Njc3MDkyMTgwNDk1YzZlZmQ0YmUxNTM1M2E4MDNlMTcxZGI4NTFmMTqAAn1xAVgKAAAAdGVzdGNvb2tpZXECWAYAAAB3b3JrZWRxA3Mu	2014-09-17 08:12:22.688788+00
0vsn1r0ldxp8l2evc6io43hpt9a3e6xr	Njc3MDkyMTgwNDk1YzZlZmQ0YmUxNTM1M2E4MDNlMTcxZGI4NTFmMTqAAn1xAVgKAAAAdGVzdGNvb2tpZXECWAYAAAB3b3JrZWRxA3Mu	2014-09-17 08:26:16.848383+00
tgi7dlw9relwavmf1g8yor2yr5da01v9	Njc3MDkyMTgwNDk1YzZlZmQ0YmUxNTM1M2E4MDNlMTcxZGI4NTFmMTqAAn1xAVgKAAAAdGVzdGNvb2tpZXECWAYAAAB3b3JrZWRxA3Mu	2014-09-17 08:40:25.249225+00
5a2gl8o39grju7rvmqmibv7uhl7kper1	Njc3MDkyMTgwNDk1YzZlZmQ0YmUxNTM1M2E4MDNlMTcxZGI4NTFmMTqAAn1xAVgKAAAAdGVzdGNvb2tpZXECWAYAAAB3b3JrZWRxA3Mu	2014-09-17 18:15:40.136134+00
q958lyiv9sgpexslrutevlstv0r8xioe	Njc3MDkyMTgwNDk1YzZlZmQ0YmUxNTM1M2E4MDNlMTcxZGI4NTFmMTqAAn1xAVgKAAAAdGVzdGNvb2tpZXECWAYAAAB3b3JrZWRxA3Mu	2014-09-17 18:23:57.927823+00
7w9wxzlzkiexvnliluul4t5x6xbg0aue	Njc3MDkyMTgwNDk1YzZlZmQ0YmUxNTM1M2E4MDNlMTcxZGI4NTFmMTqAAn1xAVgKAAAAdGVzdGNvb2tpZXECWAYAAAB3b3JrZWRxA3Mu	2014-09-17 18:57:21.512059+00
sbn5gsrlq87dzvl66qybujqtoxcpuahr	Njc3MDkyMTgwNDk1YzZlZmQ0YmUxNTM1M2E4MDNlMTcxZGI4NTFmMTqAAn1xAVgKAAAAdGVzdGNvb2tpZXECWAYAAAB3b3JrZWRxA3Mu	2014-09-17 19:22:19.613182+00
0gao5yctyyvl6lal6adrr892ft6m9vhm	Njc3MDkyMTgwNDk1YzZlZmQ0YmUxNTM1M2E4MDNlMTcxZGI4NTFmMTqAAn1xAVgKAAAAdGVzdGNvb2tpZXECWAYAAAB3b3JrZWRxA3Mu	2014-09-17 20:04:02.001644+00
fbu694suytm1nij8h102l4310chqsjw4	Njc3MDkyMTgwNDk1YzZlZmQ0YmUxNTM1M2E4MDNlMTcxZGI4NTFmMTqAAn1xAVgKAAAAdGVzdGNvb2tpZXECWAYAAAB3b3JrZWRxA3Mu	2014-09-17 20:12:25.682236+00
byilpyrmzhjtq832x73zc1zimo0dqbc4	Njc3MDkyMTgwNDk1YzZlZmQ0YmUxNTM1M2E4MDNlMTcxZGI4NTFmMTqAAn1xAVgKAAAAdGVzdGNvb2tpZXECWAYAAAB3b3JrZWRxA3Mu	2014-09-17 20:20:51.766092+00
yzaqn2kpxfc34vk1in372ssi76kpkxnd	Njc3MDkyMTgwNDk1YzZlZmQ0YmUxNTM1M2E4MDNlMTcxZGI4NTFmMTqAAn1xAVgKAAAAdGVzdGNvb2tpZXECWAYAAAB3b3JrZWRxA3Mu	2014-09-17 20:38:29.797982+00
5cf4boxjzg0polu7b28spb73ojvnogp7	Njc3MDkyMTgwNDk1YzZlZmQ0YmUxNTM1M2E4MDNlMTcxZGI4NTFmMTqAAn1xAVgKAAAAdGVzdGNvb2tpZXECWAYAAAB3b3JrZWRxA3Mu	2014-09-19 22:30:10.865656+00
9z31oq9ko4pw7mrdi0hsnc41kbgztjat	Njc3MDkyMTgwNDk1YzZlZmQ0YmUxNTM1M2E4MDNlMTcxZGI4NTFmMTqAAn1xAVgKAAAAdGVzdGNvb2tpZXECWAYAAAB3b3JrZWRxA3Mu	2014-09-19 23:45:58.501744+00
vahpcjdl9vn06ceeujqawdcaonekpvld	Njc3MDkyMTgwNDk1YzZlZmQ0YmUxNTM1M2E4MDNlMTcxZGI4NTFmMTqAAn1xAVgKAAAAdGVzdGNvb2tpZXECWAYAAAB3b3JrZWRxA3Mu	2014-09-20 01:01:45.653354+00
libqh2yy42lehyjx2s67rxrdsdsrc253	Njc3MDkyMTgwNDk1YzZlZmQ0YmUxNTM1M2E4MDNlMTcxZGI4NTFmMTqAAn1xAVgKAAAAdGVzdGNvb2tpZXECWAYAAAB3b3JrZWRxA3Mu	2014-09-20 02:17:32.966259+00
8oi1shjr5myhbc4ro95qc4sbhssxy68d	Njc3MDkyMTgwNDk1YzZlZmQ0YmUxNTM1M2E4MDNlMTcxZGI4NTFmMTqAAn1xAVgKAAAAdGVzdGNvb2tpZXECWAYAAAB3b3JrZWRxA3Mu	2014-09-20 03:33:20.49828+00
a0gvxo447ehcge4v2v9bnwcyjrf832g3	Njc3MDkyMTgwNDk1YzZlZmQ0YmUxNTM1M2E4MDNlMTcxZGI4NTFmMTqAAn1xAVgKAAAAdGVzdGNvb2tpZXECWAYAAAB3b3JrZWRxA3Mu	2014-09-20 04:49:08.759445+00
lh5e4fzex2kv73u8ucqkgvaseuzdgu4a	Njc3MDkyMTgwNDk1YzZlZmQ0YmUxNTM1M2E4MDNlMTcxZGI4NTFmMTqAAn1xAVgKAAAAdGVzdGNvb2tpZXECWAYAAAB3b3JrZWRxA3Mu	2014-09-20 06:05:12.877735+00
a7rg1b3w0wgcl36dbb5oqzjjso1x2m5s	Njc3MDkyMTgwNDk1YzZlZmQ0YmUxNTM1M2E4MDNlMTcxZGI4NTFmMTqAAn1xAVgKAAAAdGVzdGNvb2tpZXECWAYAAAB3b3JrZWRxA3Mu	2014-09-20 07:20:42.609425+00
3f7newxtwi7xb5ezzzm24tvmkd79zf1s	Njc3MDkyMTgwNDk1YzZlZmQ0YmUxNTM1M2E4MDNlMTcxZGI4NTFmMTqAAn1xAVgKAAAAdGVzdGNvb2tpZXECWAYAAAB3b3JrZWRxA3Mu	2014-09-20 08:36:29.929964+00
fd5gu1gkmrc7n6u0pzvsxnzzupfkhw5y	Njc3MDkyMTgwNDk1YzZlZmQ0YmUxNTM1M2E4MDNlMTcxZGI4NTFmMTqAAn1xAVgKAAAAdGVzdGNvb2tpZXECWAYAAAB3b3JrZWRxA3Mu	2014-09-20 09:52:18.331252+00
6x0vlyesi76kqd5cukznq79qe1u93tqs	Njc3MDkyMTgwNDk1YzZlZmQ0YmUxNTM1M2E4MDNlMTcxZGI4NTFmMTqAAn1xAVgKAAAAdGVzdGNvb2tpZXECWAYAAAB3b3JrZWRxA3Mu	2014-09-20 11:08:04.598406+00
d2b34pcdtht0m8l4lgrh4gf2dksvi474	Njc3MDkyMTgwNDk1YzZlZmQ0YmUxNTM1M2E4MDNlMTcxZGI4NTFmMTqAAn1xAVgKAAAAdGVzdGNvb2tpZXECWAYAAAB3b3JrZWRxA3Mu	2014-09-20 12:23:52.11181+00
1m713z8urn8p0axk5d21cj4b44spl1tz	Njc3MDkyMTgwNDk1YzZlZmQ0YmUxNTM1M2E4MDNlMTcxZGI4NTFmMTqAAn1xAVgKAAAAdGVzdGNvb2tpZXECWAYAAAB3b3JrZWRxA3Mu	2014-09-20 13:40:22.35368+00
dtyxcnqoa7dta3r3wp8fb41ghpj89ck9	Njc3MDkyMTgwNDk1YzZlZmQ0YmUxNTM1M2E4MDNlMTcxZGI4NTFmMTqAAn1xAVgKAAAAdGVzdGNvb2tpZXECWAYAAAB3b3JrZWRxA3Mu	2014-09-20 14:55:26.587002+00
bdlg1p8jq9pwyvwpvhcs51tegrs2a5cu	Njc3MDkyMTgwNDk1YzZlZmQ0YmUxNTM1M2E4MDNlMTcxZGI4NTFmMTqAAn1xAVgKAAAAdGVzdGNvb2tpZXECWAYAAAB3b3JrZWRxA3Mu	2014-09-20 16:11:14.182492+00
0wvow9n643x88zd601ffgtq1y8suxz3i	Njc3MDkyMTgwNDk1YzZlZmQ0YmUxNTM1M2E4MDNlMTcxZGI4NTFmMTqAAn1xAVgKAAAAdGVzdGNvb2tpZXECWAYAAAB3b3JrZWRxA3Mu	2014-09-20 17:27:01.76117+00
6108d01tlxglxhvmac9puggx64djqt6h	Njc3MDkyMTgwNDk1YzZlZmQ0YmUxNTM1M2E4MDNlMTcxZGI4NTFmMTqAAn1xAVgKAAAAdGVzdGNvb2tpZXECWAYAAAB3b3JrZWRxA3Mu	2014-09-20 18:42:48.799727+00
nzu7gt0avg1hs00r46ah6uhz0jv96zez	Njc3MDkyMTgwNDk1YzZlZmQ0YmUxNTM1M2E4MDNlMTcxZGI4NTFmMTqAAn1xAVgKAAAAdGVzdGNvb2tpZXECWAYAAAB3b3JrZWRxA3Mu	2014-09-20 19:58:36.104863+00
g7qq29b4ra4yvupa130ywbmokgdezlt2	Njc3MDkyMTgwNDk1YzZlZmQ0YmUxNTM1M2E4MDNlMTcxZGI4NTFmMTqAAn1xAVgKAAAAdGVzdGNvb2tpZXECWAYAAAB3b3JrZWRxA3Mu	2014-09-20 21:14:23.547194+00
owtr50fmfv082dloeo7eajp9vt2xh84e	Njc3MDkyMTgwNDk1YzZlZmQ0YmUxNTM1M2E4MDNlMTcxZGI4NTFmMTqAAn1xAVgKAAAAdGVzdGNvb2tpZXECWAYAAAB3b3JrZWRxA3Mu	2014-09-20 22:30:20.044943+00
9o5m5h6pbww3ity6w95el4vs9lpqefva	Njc3MDkyMTgwNDk1YzZlZmQ0YmUxNTM1M2E4MDNlMTcxZGI4NTFmMTqAAn1xAVgKAAAAdGVzdGNvb2tpZXECWAYAAAB3b3JrZWRxA3Mu	2014-09-20 23:45:58.321639+00
pbiso91yhch3hamww6mw84iecckj5v6f	Njc3MDkyMTgwNDk1YzZlZmQ0YmUxNTM1M2E4MDNlMTcxZGI4NTFmMTqAAn1xAVgKAAAAdGVzdGNvb2tpZXECWAYAAAB3b3JrZWRxA3Mu	2014-09-21 01:01:45.736898+00
y7lg3atlag5gnad3bvfjsmsvxfbpfuab	Njc3MDkyMTgwNDk1YzZlZmQ0YmUxNTM1M2E4MDNlMTcxZGI4NTFmMTqAAn1xAVgKAAAAdGVzdGNvb2tpZXECWAYAAAB3b3JrZWRxA3Mu	2014-09-21 02:17:33.085989+00
sz8epbpy7bfjk0do3ey0mylmq48tkco5	Njc3MDkyMTgwNDk1YzZlZmQ0YmUxNTM1M2E4MDNlMTcxZGI4NTFmMTqAAn1xAVgKAAAAdGVzdGNvb2tpZXECWAYAAAB3b3JrZWRxA3Mu	2014-09-21 03:33:20.495119+00
53ovodyr7vvju75jbfk3v188wm73z6vl	Njc3MDkyMTgwNDk1YzZlZmQ0YmUxNTM1M2E4MDNlMTcxZGI4NTFmMTqAAn1xAVgKAAAAdGVzdGNvb2tpZXECWAYAAAB3b3JrZWRxA3Mu	2014-09-21 04:49:08.661755+00
jxyqh5slx8mz8s5nqvg8u0uxaljqvczv	Njc3MDkyMTgwNDk1YzZlZmQ0YmUxNTM1M2E4MDNlMTcxZGI4NTFmMTqAAn1xAVgKAAAAdGVzdGNvb2tpZXECWAYAAAB3b3JrZWRxA3Mu	2014-09-21 06:04:55.324054+00
2tenkjbqya9a8po3a4v1s9efuodkuzbk	Njc3MDkyMTgwNDk1YzZlZmQ0YmUxNTM1M2E4MDNlMTcxZGI4NTFmMTqAAn1xAVgKAAAAdGVzdGNvb2tpZXECWAYAAAB3b3JrZWRxA3Mu	2014-09-21 07:20:42.549666+00
cf044xuky4rvoi743u6jk3bwi7l29v06	Njc3MDkyMTgwNDk1YzZlZmQ0YmUxNTM1M2E4MDNlMTcxZGI4NTFmMTqAAn1xAVgKAAAAdGVzdGNvb2tpZXECWAYAAAB3b3JrZWRxA3Mu	2014-09-21 08:36:29.865403+00
t0vvjw4d0dh33px420orgc5d3njt8654	Njc3MDkyMTgwNDk1YzZlZmQ0YmUxNTM1M2E4MDNlMTcxZGI4NTFmMTqAAn1xAVgKAAAAdGVzdGNvb2tpZXECWAYAAAB3b3JrZWRxA3Mu	2014-09-21 09:52:17.183271+00
u4d8d7vvrthf3qte4tw0dgpniac1fnv0	Njc3MDkyMTgwNDk1YzZlZmQ0YmUxNTM1M2E4MDNlMTcxZGI4NTFmMTqAAn1xAVgKAAAAdGVzdGNvb2tpZXECWAYAAAB3b3JrZWRxA3Mu	2014-09-21 11:08:05.661036+00
j4qwsnu8xvwtisa3ukn6kf6i1wq3q88z	Njc3MDkyMTgwNDk1YzZlZmQ0YmUxNTM1M2E4MDNlMTcxZGI4NTFmMTqAAn1xAVgKAAAAdGVzdGNvb2tpZXECWAYAAAB3b3JrZWRxA3Mu	2014-09-21 12:23:51.990801+00
0l93bzbh247lb8bkw2wzy8cam3cqx5a2	Njc3MDkyMTgwNDk1YzZlZmQ0YmUxNTM1M2E4MDNlMTcxZGI4NTFmMTqAAn1xAVgKAAAAdGVzdGNvb2tpZXECWAYAAAB3b3JrZWRxA3Mu	2014-09-21 13:40:16.762289+00
hyutgp6vwu46lsxoon826x4cmnenjw1b	Njc3MDkyMTgwNDk1YzZlZmQ0YmUxNTM1M2E4MDNlMTcxZGI4NTFmMTqAAn1xAVgKAAAAdGVzdGNvb2tpZXECWAYAAAB3b3JrZWRxA3Mu	2014-09-21 14:55:26.72681+00
h7b5996nwbhhynpqbyahh4pxs1xu0fg5	Njc3MDkyMTgwNDk1YzZlZmQ0YmUxNTM1M2E4MDNlMTcxZGI4NTFmMTqAAn1xAVgKAAAAdGVzdGNvb2tpZXECWAYAAAB3b3JrZWRxA3Mu	2014-09-21 21:14:23.39683+00
i5dqc4sgwlk61hxuc1y3ryfymcomd4w5	Njc3MDkyMTgwNDk1YzZlZmQ0YmUxNTM1M2E4MDNlMTcxZGI4NTFmMTqAAn1xAVgKAAAAdGVzdGNvb2tpZXECWAYAAAB3b3JrZWRxA3Mu	2014-09-21 22:30:11.02733+00
y4ssburd4j5ab0m81jfhej834tq85i43	Njc3MDkyMTgwNDk1YzZlZmQ0YmUxNTM1M2E4MDNlMTcxZGI4NTFmMTqAAn1xAVgKAAAAdGVzdGNvb2tpZXECWAYAAAB3b3JrZWRxA3Mu	2014-09-21 23:45:58.342643+00
3eo9gam7vhmrpsk12yttw9ivrhz6ejd4	Njc3MDkyMTgwNDk1YzZlZmQ0YmUxNTM1M2E4MDNlMTcxZGI4NTFmMTqAAn1xAVgKAAAAdGVzdGNvb2tpZXECWAYAAAB3b3JrZWRxA3Mu	2014-09-22 01:01:45.617855+00
dnltk4xesqhexi4lkno47o45g6e8y09l	Njc3MDkyMTgwNDk1YzZlZmQ0YmUxNTM1M2E4MDNlMTcxZGI4NTFmMTqAAn1xAVgKAAAAdGVzdGNvb2tpZXECWAYAAAB3b3JrZWRxA3Mu	2014-09-22 02:17:33.367842+00
ftgd2g46lpczcvsw8zdqie95h70k0tb9	Njc3MDkyMTgwNDk1YzZlZmQ0YmUxNTM1M2E4MDNlMTcxZGI4NTFmMTqAAn1xAVgKAAAAdGVzdGNvb2tpZXECWAYAAAB3b3JrZWRxA3Mu	2014-09-22 03:33:20.2606+00
fmaxsnbsq6h7g8atnoz4dib06uskvtta	Njc3MDkyMTgwNDk1YzZlZmQ0YmUxNTM1M2E4MDNlMTcxZGI4NTFmMTqAAn1xAVgKAAAAdGVzdGNvb2tpZXECWAYAAAB3b3JrZWRxA3Mu	2014-09-22 04:49:07.880532+00
10k2yinqwtuqmkbca2zrcieilvlh56wp	Njc3MDkyMTgwNDk1YzZlZmQ0YmUxNTM1M2E4MDNlMTcxZGI4NTFmMTqAAn1xAVgKAAAAdGVzdGNvb2tpZXECWAYAAAB3b3JrZWRxA3Mu	2014-09-22 06:05:08.3581+00
kmwe1725y62ts1ab7emje0lepyr2bh9u	Njc3MDkyMTgwNDk1YzZlZmQ0YmUxNTM1M2E4MDNlMTcxZGI4NTFmMTqAAn1xAVgKAAAAdGVzdGNvb2tpZXECWAYAAAB3b3JrZWRxA3Mu	2014-09-23 04:07:54.038866+00
qlbcnsa41pe1vnemjwnbp1tigfrs4uxv	Njc3MDkyMTgwNDk1YzZlZmQ0YmUxNTM1M2E4MDNlMTcxZGI4NTFmMTqAAn1xAVgKAAAAdGVzdGNvb2tpZXECWAYAAAB3b3JrZWRxA3Mu	2014-09-24 04:45:35.831481+00
6yrespwxli663s9z7kym6ql8tzumc6hs	Njc3MDkyMTgwNDk1YzZlZmQ0YmUxNTM1M2E4MDNlMTcxZGI4NTFmMTqAAn1xAVgKAAAAdGVzdGNvb2tpZXECWAYAAAB3b3JrZWRxA3Mu	2014-09-24 06:01:23.390049+00
1woboputazwysxlzsiadnybhy24lwns9	Njc3MDkyMTgwNDk1YzZlZmQ0YmUxNTM1M2E4MDNlMTcxZGI4NTFmMTqAAn1xAVgKAAAAdGVzdGNvb2tpZXECWAYAAAB3b3JrZWRxA3Mu	2014-09-24 07:17:10.749288+00
1tyqyk7p26tgdb374tjgm439g7hk26u4	Njc3MDkyMTgwNDk1YzZlZmQ0YmUxNTM1M2E4MDNlMTcxZGI4NTFmMTqAAn1xAVgKAAAAdGVzdGNvb2tpZXECWAYAAAB3b3JrZWRxA3Mu	2014-09-24 08:32:59.127331+00
xjqfkb0zpzl3f2no9g2dmxnz299rah8b	Njc3MDkyMTgwNDk1YzZlZmQ0YmUxNTM1M2E4MDNlMTcxZGI4NTFmMTqAAn1xAVgKAAAAdGVzdGNvb2tpZXECWAYAAAB3b3JrZWRxA3Mu	2014-09-24 09:48:46.457025+00
zik8ro0xqqdb89qlj0deqf0xykqyrwn8	Njc3MDkyMTgwNDk1YzZlZmQ0YmUxNTM1M2E4MDNlMTcxZGI4NTFmMTqAAn1xAVgKAAAAdGVzdGNvb2tpZXECWAYAAAB3b3JrZWRxA3Mu	2014-09-25 11:06:01.942563+00
stiq2adra804oess3j9ywketbfl63w9o	Njc3MDkyMTgwNDk1YzZlZmQ0YmUxNTM1M2E4MDNlMTcxZGI4NTFmMTqAAn1xAVgKAAAAdGVzdGNvb2tpZXECWAYAAAB3b3JrZWRxA3Mu	2014-09-25 12:20:27.339215+00
bnrncpz9bdcykyterpooi0xvdb7895bu	Njc3MDkyMTgwNDk1YzZlZmQ0YmUxNTM1M2E4MDNlMTcxZGI4NTFmMTqAAn1xAVgKAAAAdGVzdGNvb2tpZXECWAYAAAB3b3JrZWRxA3Mu	2014-09-25 13:36:07.94558+00
48z4layzfdxw3ev4sxv8klkiab9jtk9d	Njc3MDkyMTgwNDk1YzZlZmQ0YmUxNTM1M2E4MDNlMTcxZGI4NTFmMTqAAn1xAVgKAAAAdGVzdGNvb2tpZXECWAYAAAB3b3JrZWRxA3Mu	2014-09-25 14:51:55.005625+00
3mgurbwx1lg7yt2vy5uwn7tno9mzzt91	Njc3MDkyMTgwNDk1YzZlZmQ0YmUxNTM1M2E4MDNlMTcxZGI4NTFmMTqAAn1xAVgKAAAAdGVzdGNvb2tpZXECWAYAAAB3b3JrZWRxA3Mu	2014-09-25 16:07:43.319641+00
rg2ornamx5ppu8yg28cfclmj6d9nwmev	Njc3MDkyMTgwNDk1YzZlZmQ0YmUxNTM1M2E4MDNlMTcxZGI4NTFmMTqAAn1xAVgKAAAAdGVzdGNvb2tpZXECWAYAAAB3b3JrZWRxA3Mu	2014-09-25 18:21:29.789001+00
ol5aa7ta6ickga8dyy0zqp6w4m0qt6nz	Njc3MDkyMTgwNDk1YzZlZmQ0YmUxNTM1M2E4MDNlMTcxZGI4NTFmMTqAAn1xAVgKAAAAdGVzdGNvb2tpZXECWAYAAAB3b3JrZWRxA3Mu	2014-09-28 06:09:59.905211+00
lwdf1q5qtr21yibx1ofbgxt1044llgrn	Njc3MDkyMTgwNDk1YzZlZmQ0YmUxNTM1M2E4MDNlMTcxZGI4NTFmMTqAAn1xAVgKAAAAdGVzdGNvb2tpZXECWAYAAAB3b3JrZWRxA3Mu	2014-09-28 06:15:33.404695+00
lu9likzxq7eo65xc9ueu1f8ajk6ilt3s	Njc3MDkyMTgwNDk1YzZlZmQ0YmUxNTM1M2E4MDNlMTcxZGI4NTFmMTqAAn1xAVgKAAAAdGVzdGNvb2tpZXECWAYAAAB3b3JrZWRxA3Mu	2014-10-05 08:55:05.680846+00
kd0rlkzfxaggpwknp8vwj3nq5dv5ofkw	Njc3MDkyMTgwNDk1YzZlZmQ0YmUxNTM1M2E4MDNlMTcxZGI4NTFmMTqAAn1xAVgKAAAAdGVzdGNvb2tpZXECWAYAAAB3b3JrZWRxA3Mu	2014-10-05 08:59:49.419825+00
9na58zkqnxqmxkt3irx8wbu7gs1p8fka	Njc3MDkyMTgwNDk1YzZlZmQ0YmUxNTM1M2E4MDNlMTcxZGI4NTFmMTqAAn1xAVgKAAAAdGVzdGNvb2tpZXECWAYAAAB3b3JrZWRxA3Mu	2014-10-07 03:34:56.531675+00
v50q6eu2xh3yf7o7lm9aloksvo0i1a0n	Njc3MDkyMTgwNDk1YzZlZmQ0YmUxNTM1M2E4MDNlMTcxZGI4NTFmMTqAAn1xAVgKAAAAdGVzdGNvb2tpZXECWAYAAAB3b3JrZWRxA3Mu	2014-10-08 22:30:14.272501+00
xaav7kwshikghssnj8937g98kuorsddn	Njc3MDkyMTgwNDk1YzZlZmQ0YmUxNTM1M2E4MDNlMTcxZGI4NTFmMTqAAn1xAVgKAAAAdGVzdGNvb2tpZXECWAYAAAB3b3JrZWRxA3Mu	2014-10-08 22:34:49.053379+00
fmczn6wvzk4k919ux7pl7r35xlkewil4	Njc3MDkyMTgwNDk1YzZlZmQ0YmUxNTM1M2E4MDNlMTcxZGI4NTFmMTqAAn1xAVgKAAAAdGVzdGNvb2tpZXECWAYAAAB3b3JrZWRxA3Mu	2014-10-17 20:04:50.785969+00
rcj4o5vou06zwx4jnd0cfekh5jifee6k	Njc3MDkyMTgwNDk1YzZlZmQ0YmUxNTM1M2E4MDNlMTcxZGI4NTFmMTqAAn1xAVgKAAAAdGVzdGNvb2tpZXECWAYAAAB3b3JrZWRxA3Mu	2014-10-17 20:09:50.789494+00
8shvibmxy4dhxyq3dm81t5r9bz6oz954	Njc3MDkyMTgwNDk1YzZlZmQ0YmUxNTM1M2E4MDNlMTcxZGI4NTFmMTqAAn1xAVgKAAAAdGVzdGNvb2tpZXECWAYAAAB3b3JrZWRxA3Mu	2014-10-19 14:49:49.461226+00
ycocflyy5rxp8d90seon1g1sdvgfwm87	Njc3MDkyMTgwNDk1YzZlZmQ0YmUxNTM1M2E4MDNlMTcxZGI4NTFmMTqAAn1xAVgKAAAAdGVzdGNvb2tpZXECWAYAAAB3b3JrZWRxA3Mu	2014-10-19 14:54:52.809873+00
nfi40x4p4e0vqka1yvp2uaipzd6fyib5	Njc3MDkyMTgwNDk1YzZlZmQ0YmUxNTM1M2E4MDNlMTcxZGI4NTFmMTqAAn1xAVgKAAAAdGVzdGNvb2tpZXECWAYAAAB3b3JrZWRxA3Mu	2014-11-02 22:05:53.380492+00
4iuif5wkaxgtx68jms3xog8eacsidam7	Njc3MDkyMTgwNDk1YzZlZmQ0YmUxNTM1M2E4MDNlMTcxZGI4NTFmMTqAAn1xAVgKAAAAdGVzdGNvb2tpZXECWAYAAAB3b3JrZWRxA3Mu	2014-11-11 12:22:59.879408+00
rb6u5tu9j684beelcou2to6rv7lv8pzt	Njc3MDkyMTgwNDk1YzZlZmQ0YmUxNTM1M2E4MDNlMTcxZGI4NTFmMTqAAn1xAVgKAAAAdGVzdGNvb2tpZXECWAYAAAB3b3JrZWRxA3Mu	2014-11-12 12:20:03.352671+00
falj6kzmoqt88a1ovqg9xgbvzb5h82kd	ZTQwYWU0NTllOGI5MzMxN2FiNzM3N2U1ZjY1NGFhYzE5OGY2M2U0YTqAAn1xAShVEl9hdXRoX3VzZXJfYmFja2VuZHECVSlkamFuZ28uY29udHJpYi5hdXRoLmJhY2tlbmRzLk1vZGVsQmFja2VuZHEDVQ1fYXV0aF91c2VyX2lkcQRLAXUu	2014-11-13 18:38:33.164274+00
bvoo3re4rcx3ksrvro2mvugy8wfivevy	ZTQwYWU0NTllOGI5MzMxN2FiNzM3N2U1ZjY1NGFhYzE5OGY2M2U0YTqAAn1xAShVEl9hdXRoX3VzZXJfYmFja2VuZHECVSlkamFuZ28uY29udHJpYi5hdXRoLmJhY2tlbmRzLk1vZGVsQmFja2VuZHEDVQ1fYXV0aF91c2VyX2lkcQRLAXUu	2014-11-14 06:33:01.375974+00
s1qhjaxpwj0tm6h93v6ijsj98pqmp4iu	Njc3MDkyMTgwNDk1YzZlZmQ0YmUxNTM1M2E4MDNlMTcxZGI4NTFmMTqAAn1xAVgKAAAAdGVzdGNvb2tpZXECWAYAAAB3b3JrZWRxA3Mu	2014-11-15 02:18:27.617653+00
l6vy7uededdrnkjq80fhc9r5hhb65n33	Njc3MDkyMTgwNDk1YzZlZmQ0YmUxNTM1M2E4MDNlMTcxZGI4NTFmMTqAAn1xAVgKAAAAdGVzdGNvb2tpZXECWAYAAAB3b3JrZWRxA3Mu	2014-11-17 01:48:44.327135+00
qtx82gut7n9ouyt716n2t5szkpjyd64u	Njc3MDkyMTgwNDk1YzZlZmQ0YmUxNTM1M2E4MDNlMTcxZGI4NTFmMTqAAn1xAVgKAAAAdGVzdGNvb2tpZXECWAYAAAB3b3JrZWRxA3Mu	2014-11-19 05:14:32.028999+00
avkdtwmal9xaf7qu6b8xqd1pegxf55v9	Njc3MDkyMTgwNDk1YzZlZmQ0YmUxNTM1M2E4MDNlMTcxZGI4NTFmMTqAAn1xAVgKAAAAdGVzdGNvb2tpZXECWAYAAAB3b3JrZWRxA3Mu	2014-11-19 20:24:29.748304+00
wj2k7ccyjgl4p114avfyqox9g2zjcksb	Njc3MDkyMTgwNDk1YzZlZmQ0YmUxNTM1M2E4MDNlMTcxZGI4NTFmMTqAAn1xAVgKAAAAdGVzdGNvb2tpZXECWAYAAAB3b3JrZWRxA3Mu	2014-11-20 19:12:41.014657+00
6pm9udbp3syzvhsdgakmeycco29d6al1	Njc3MDkyMTgwNDk1YzZlZmQ0YmUxNTM1M2E4MDNlMTcxZGI4NTFmMTqAAn1xAVgKAAAAdGVzdGNvb2tpZXECWAYAAAB3b3JrZWRxA3Mu	2014-12-18 13:36:20.889614+00
olrsn0ytt702j1meyf3dqwsppwhbv0i7	Njc3MDkyMTgwNDk1YzZlZmQ0YmUxNTM1M2E4MDNlMTcxZGI4NTFmMTqAAn1xAVgKAAAAdGVzdGNvb2tpZXECWAYAAAB3b3JrZWRxA3Mu	2014-12-19 23:16:57.996243+00
xh8xjyjyhklz3npx7p3f0z5dyv2oyy4v	Njc3MDkyMTgwNDk1YzZlZmQ0YmUxNTM1M2E4MDNlMTcxZGI4NTFmMTqAAn1xAVgKAAAAdGVzdGNvb2tpZXECWAYAAAB3b3JrZWRxA3Mu	2014-12-20 00:53:18.75638+00
cpvq9hqln4apv5noryw27m8zlxj0wga0	Njc3MDkyMTgwNDk1YzZlZmQ0YmUxNTM1M2E4MDNlMTcxZGI4NTFmMTqAAn1xAVgKAAAAdGVzdGNvb2tpZXECWAYAAAB3b3JrZWRxA3Mu	2014-12-21 03:20:53.659195+00
fjq036ygf0437ivhzfohd836jj1ompdv	Njc3MDkyMTgwNDk1YzZlZmQ0YmUxNTM1M2E4MDNlMTcxZGI4NTFmMTqAAn1xAVgKAAAAdGVzdGNvb2tpZXECWAYAAAB3b3JrZWRxA3Mu	2014-12-21 13:51:10.51734+00
1hp1mnel42xtsd25e3q1s93v8aqyyh14	Njc3MDkyMTgwNDk1YzZlZmQ0YmUxNTM1M2E4MDNlMTcxZGI4NTFmMTqAAn1xAVgKAAAAdGVzdGNvb2tpZXECWAYAAAB3b3JrZWRxA3Mu	2014-12-21 15:39:42.660204+00
obcpwyux1hykyxto88wd144t8s35tfbt	Njc3MDkyMTgwNDk1YzZlZmQ0YmUxNTM1M2E4MDNlMTcxZGI4NTFmMTqAAn1xAVgKAAAAdGVzdGNvb2tpZXECWAYAAAB3b3JrZWRxA3Mu	2014-12-22 05:06:13.678629+00
qn5tn1ibkqj4lv8tc9odt8j093doqt6a	Njc3MDkyMTgwNDk1YzZlZmQ0YmUxNTM1M2E4MDNlMTcxZGI4NTFmMTqAAn1xAVgKAAAAdGVzdGNvb2tpZXECWAYAAAB3b3JrZWRxA3Mu	2014-12-23 04:19:37.550902+00
awvmb2m3ogttp3tquh4hgeiyedqcirlh	ZDI2ZmJiYTIwMmM2MTUxMzUzNWQ0M2ZlNDgwYzVkODRlOTNkNTUxNzqAAn1xAShVEl9hdXRoX3VzZXJfYmFja2VuZHECVSlkamFuZ28uY29udHJpYi5hdXRoLmJhY2tlbmRzLk1vZGVsQmFja2VuZHEDVQ1fYXV0aF91c2VyX2lkcQRLAnUu	2014-12-23 13:50:04.906686+00
mxbed7t83lvkp22gls5vosajzki4z94p	ZTQwYWU0NTllOGI5MzMxN2FiNzM3N2U1ZjY1NGFhYzE5OGY2M2U0YTqAAn1xAShVEl9hdXRoX3VzZXJfYmFja2VuZHECVSlkamFuZ28uY29udHJpYi5hdXRoLmJhY2tlbmRzLk1vZGVsQmFja2VuZHEDVQ1fYXV0aF91c2VyX2lkcQRLAXUu	2014-12-26 20:57:16.464502+00
kco5dt1fxmvz7k4hd8pfnhtecu4reiv5	ZTAxMzc1N2M3ZGJkZTRiNjRlMGQzMWI5OTMwMjI3ZWMzOGNlZTc2MjqAAn1xAShVEl9hdXRoX3VzZXJfYmFja2VuZHECVSlkamFuZ28uY29udHJpYi5hdXRoLmJhY2tlbmRzLk1vZGVsQmFja2VuZHEDVQ1fYXV0aF91c2VyX2lkcQRLGnUu	2015-01-04 21:44:38.892448+00
frao0046vi3cvrz4wl2m9iii6rkhayk3	ZTAxMzc1N2M3ZGJkZTRiNjRlMGQzMWI5OTMwMjI3ZWMzOGNlZTc2MjqAAn1xAShVEl9hdXRoX3VzZXJfYmFja2VuZHECVSlkamFuZ28uY29udHJpYi5hdXRoLmJhY2tlbmRzLk1vZGVsQmFja2VuZHEDVQ1fYXV0aF91c2VyX2lkcQRLGnUu	2015-01-04 21:51:15.69347+00
8qczbtf317x7kz9kju365jdxsbhlquag	ZTAxMzc1N2M3ZGJkZTRiNjRlMGQzMWI5OTMwMjI3ZWMzOGNlZTc2MjqAAn1xAShVEl9hdXRoX3VzZXJfYmFja2VuZHECVSlkamFuZ28uY29udHJpYi5hdXRoLmJhY2tlbmRzLk1vZGVsQmFja2VuZHEDVQ1fYXV0aF91c2VyX2lkcQRLGnUu	2015-01-04 21:59:27.84793+00
pgx6m4p79dqy5rus1ikub4g49cdkitrc	ZTQwYWU0NTllOGI5MzMxN2FiNzM3N2U1ZjY1NGFhYzE5OGY2M2U0YTqAAn1xAShVEl9hdXRoX3VzZXJfYmFja2VuZHECVSlkamFuZ28uY29udHJpYi5hdXRoLmJhY2tlbmRzLk1vZGVsQmFja2VuZHEDVQ1fYXV0aF91c2VyX2lkcQRLAXUu	2015-01-06 19:56:20.019911+00
mn6qqlesaa5ao8amaesehg0z61yf6ku2	Njc3MDkyMTgwNDk1YzZlZmQ0YmUxNTM1M2E4MDNlMTcxZGI4NTFmMTqAAn1xAVgKAAAAdGVzdGNvb2tpZXECWAYAAAB3b3JrZWRxA3Mu	2015-01-08 20:24:32.321666+00
liuf6q6lklobyix3w670etyc8f1mlxpu	Njc3MDkyMTgwNDk1YzZlZmQ0YmUxNTM1M2E4MDNlMTcxZGI4NTFmMTqAAn1xAVgKAAAAdGVzdGNvb2tpZXECWAYAAAB3b3JrZWRxA3Mu	2015-01-11 23:16:47.68978+00
xjizvy5w1wx3wwdzaxm5ebte0mhskef1	Njc3MDkyMTgwNDk1YzZlZmQ0YmUxNTM1M2E4MDNlMTcxZGI4NTFmMTqAAn1xAVgKAAAAdGVzdGNvb2tpZXECWAYAAAB3b3JrZWRxA3Mu	2015-01-13 19:07:04.972868+00
tvx5bkimu49rsln9v7zgx2keyc22gbxq	Njc3MDkyMTgwNDk1YzZlZmQ0YmUxNTM1M2E4MDNlMTcxZGI4NTFmMTqAAn1xAVgKAAAAdGVzdGNvb2tpZXECWAYAAAB3b3JrZWRxA3Mu	2015-01-13 19:07:05.127479+00
cqbyiiyxxtflbrm9m0d9prtvcc4oxj6m	Njc3MDkyMTgwNDk1YzZlZmQ0YmUxNTM1M2E4MDNlMTcxZGI4NTFmMTqAAn1xAVgKAAAAdGVzdGNvb2tpZXECWAYAAAB3b3JrZWRxA3Mu	2015-01-15 04:12:25.500514+00
3bmx0h9ihg3w7hsp5ron7j33kczjr07h	Njc3MDkyMTgwNDk1YzZlZmQ0YmUxNTM1M2E4MDNlMTcxZGI4NTFmMTqAAn1xAVgKAAAAdGVzdGNvb2tpZXECWAYAAAB3b3JrZWRxA3Mu	2015-01-15 04:17:25.798814+00
0ep6m6bueelo3mcse18aqpxa47si8zqm	Njc3MDkyMTgwNDk1YzZlZmQ0YmUxNTM1M2E4MDNlMTcxZGI4NTFmMTqAAn1xAVgKAAAAdGVzdGNvb2tpZXECWAYAAAB3b3JrZWRxA3Mu	2015-01-16 00:55:32.023823+00
n9lmfxq3crheup8eg528j621r9h95pt6	Njc3MDkyMTgwNDk1YzZlZmQ0YmUxNTM1M2E4MDNlMTcxZGI4NTFmMTqAAn1xAVgKAAAAdGVzdGNvb2tpZXECWAYAAAB3b3JrZWRxA3Mu	2015-01-16 01:47:11.629136+00
6l6otkjhz7pm407bizyrpvwc6xhnh20b	ZDI2ZmJiYTIwMmM2MTUxMzUzNWQ0M2ZlNDgwYzVkODRlOTNkNTUxNzqAAn1xAShVEl9hdXRoX3VzZXJfYmFja2VuZHECVSlkamFuZ28uY29udHJpYi5hdXRoLmJhY2tlbmRzLk1vZGVsQmFja2VuZHEDVQ1fYXV0aF91c2VyX2lkcQRLAnUu	2015-01-19 20:16:33.345766+00
6z8snl58p1cezwavbika17d0bvgodti7	ZTQwYWU0NTllOGI5MzMxN2FiNzM3N2U1ZjY1NGFhYzE5OGY2M2U0YTqAAn1xAShVEl9hdXRoX3VzZXJfYmFja2VuZHECVSlkamFuZ28uY29udHJpYi5hdXRoLmJhY2tlbmRzLk1vZGVsQmFja2VuZHEDVQ1fYXV0aF91c2VyX2lkcQRLAXUu	2015-01-20 16:05:32.603637+00
7wn4xibavvlwtut4v5sz9lkbeyjy8ifh	MzA0YTg1NDBhN2UyMDBjODdmYTM3NGU0ZjJlN2MyNzYxZGY1MTRjYTqAAn1xAShVEl9hdXRoX3VzZXJfYmFja2VuZHECVSlkamFuZ28uY29udHJpYi5hdXRoLmJhY2tlbmRzLk1vZGVsQmFja2VuZHEDVQ1fYXV0aF91c2VyX2lkcQRLBnUu	2015-01-27 13:11:51.502612+00
67hsp5xbiz010jya6uij8kpufofriusb	Njc3MDkyMTgwNDk1YzZlZmQ0YmUxNTM1M2E4MDNlMTcxZGI4NTFmMTqAAn1xAVgKAAAAdGVzdGNvb2tpZXECWAYAAAB3b3JrZWRxA3Mu	2015-02-08 21:12:46.014284+00
6vxc14i5jzohn7oybue8zeigelwm8afg	Njc3MDkyMTgwNDk1YzZlZmQ0YmUxNTM1M2E4MDNlMTcxZGI4NTFmMTqAAn1xAVgKAAAAdGVzdGNvb2tpZXECWAYAAAB3b3JrZWRxA3Mu	2015-02-14 06:30:12.963434+00
xfg1tz9dvt4ahxwharenavz7zyi5xwto	Njc3MDkyMTgwNDk1YzZlZmQ0YmUxNTM1M2E4MDNlMTcxZGI4NTFmMTqAAn1xAVgKAAAAdGVzdGNvb2tpZXECWAYAAAB3b3JrZWRxA3Mu	2015-02-14 06:35:13.212034+00
ow9b5a4wmdh8zrht41m71next2tnqcow	Njc3MDkyMTgwNDk1YzZlZmQ0YmUxNTM1M2E4MDNlMTcxZGI4NTFmMTqAAn1xAVgKAAAAdGVzdGNvb2tpZXECWAYAAAB3b3JrZWRxA3Mu	2015-02-14 07:45:28.790027+00
y9jwh7oqnglxff98gk03wln7kb945vf9	ZGVmMjM5NWRkYTJjZDM5NDY3NzdjYTA5Y2ZmMTI1NDMyZWZkOTYwMDqAAn1xAShVEl9hdXRoX3VzZXJfYmFja2VuZHECVSlkamFuZ28uY29udHJpYi5hdXRoLmJhY2tlbmRzLk1vZGVsQmFja2VuZHEDVQ1fYXV0aF91c2VyX2lkcQRLG3Uu	2015-02-16 17:45:08.731574+00
akdvczet69kxkthy6bmchyabn9fvasbs	Njc3MDkyMTgwNDk1YzZlZmQ0YmUxNTM1M2E4MDNlMTcxZGI4NTFmMTqAAn1xAVgKAAAAdGVzdGNvb2tpZXECWAYAAAB3b3JrZWRxA3Mu	2015-02-19 16:10:13.232274+00
fvwlqn8kqxvzhrv5xfgskg757ju8hvyo	Njc3MDkyMTgwNDk1YzZlZmQ0YmUxNTM1M2E4MDNlMTcxZGI4NTFmMTqAAn1xAVgKAAAAdGVzdGNvb2tpZXECWAYAAAB3b3JrZWRxA3Mu	2015-02-19 16:15:10.429696+00
qv0rrzgi2boprg7078e9ngp5brsu7771	Njc3MDkyMTgwNDk1YzZlZmQ0YmUxNTM1M2E4MDNlMTcxZGI4NTFmMTqAAn1xAVgKAAAAdGVzdGNvb2tpZXECWAYAAAB3b3JrZWRxA3Mu	2015-02-19 16:15:14.66044+00
re2i5sphcw055muxb6pq2mzeerhttdti	Njc3MDkyMTgwNDk1YzZlZmQ0YmUxNTM1M2E4MDNlMTcxZGI4NTFmMTqAAn1xAVgKAAAAdGVzdGNvb2tpZXECWAYAAAB3b3JrZWRxA3Mu	2015-02-19 16:15:28.325248+00
s1e9cmub8me5m6gl7x26647j4bhb1tsx	Njc3MDkyMTgwNDk1YzZlZmQ0YmUxNTM1M2E4MDNlMTcxZGI4NTFmMTqAAn1xAVgKAAAAdGVzdGNvb2tpZXECWAYAAAB3b3JrZWRxA3Mu	2015-02-19 21:27:58.462635+00
mt4e2htlhr9ky4l6tdld2f0v7cosjisw	Njc3MDkyMTgwNDk1YzZlZmQ0YmUxNTM1M2E4MDNlMTcxZGI4NTFmMTqAAn1xAVgKAAAAdGVzdGNvb2tpZXECWAYAAAB3b3JrZWRxA3Mu	2015-02-19 22:21:04.485349+00
2avdb224e6ihuldflbgrx6kcztoqh7a2	Njc3MDkyMTgwNDk1YzZlZmQ0YmUxNTM1M2E4MDNlMTcxZGI4NTFmMTqAAn1xAVgKAAAAdGVzdGNvb2tpZXECWAYAAAB3b3JrZWRxA3Mu	2015-02-19 23:07:40.481123+00
4wj3oxgq4szoqk9momek7bgvutkb2zpw	Njc3MDkyMTgwNDk1YzZlZmQ0YmUxNTM1M2E4MDNlMTcxZGI4NTFmMTqAAn1xAVgKAAAAdGVzdGNvb2tpZXECWAYAAAB3b3JrZWRxA3Mu	2015-02-20 12:19:54.27167+00
t85vljujdygj60rxtoao5qhm27ajnh1v	Njc3MDkyMTgwNDk1YzZlZmQ0YmUxNTM1M2E4MDNlMTcxZGI4NTFmMTqAAn1xAVgKAAAAdGVzdGNvb2tpZXECWAYAAAB3b3JrZWRxA3Mu	2015-02-21 02:54:34.195073+00
hrj0khnbzxn6oosy3y7mbqftchvnp3jp	Njc3MDkyMTgwNDk1YzZlZmQ0YmUxNTM1M2E4MDNlMTcxZGI4NTFmMTqAAn1xAVgKAAAAdGVzdGNvb2tpZXECWAYAAAB3b3JrZWRxA3Mu	2015-02-21 10:15:57.601145+00
elg24v44a0fkpydg0lgebtk0zcdfc0vv	Njc3MDkyMTgwNDk1YzZlZmQ0YmUxNTM1M2E4MDNlMTcxZGI4NTFmMTqAAn1xAVgKAAAAdGVzdGNvb2tpZXECWAYAAAB3b3JrZWRxA3Mu	2015-02-22 07:24:32.660906+00
qmsznn95qkspasi34kgygkeaz365ntu1	Njc3MDkyMTgwNDk1YzZlZmQ0YmUxNTM1M2E4MDNlMTcxZGI4NTFmMTqAAn1xAVgKAAAAdGVzdGNvb2tpZXECWAYAAAB3b3JrZWRxA3Mu	2015-02-22 08:59:33.649477+00
sy107r06r2eycehnnd4p0sdshgluhad8	Njc3MDkyMTgwNDk1YzZlZmQ0YmUxNTM1M2E4MDNlMTcxZGI4NTFmMTqAAn1xAVgKAAAAdGVzdGNvb2tpZXECWAYAAAB3b3JrZWRxA3Mu	2015-02-22 14:52:27.181977+00
deuhict95og1z0r56fkv96idst6re2c0	Njc3MDkyMTgwNDk1YzZlZmQ0YmUxNTM1M2E4MDNlMTcxZGI4NTFmMTqAAn1xAVgKAAAAdGVzdGNvb2tpZXECWAYAAAB3b3JrZWRxA3Mu	2015-02-22 18:06:31.932138+00
1hkbm9ar0zwwb43ruto1ulczsxdybtcp	Njc3MDkyMTgwNDk1YzZlZmQ0YmUxNTM1M2E4MDNlMTcxZGI4NTFmMTqAAn1xAVgKAAAAdGVzdGNvb2tpZXECWAYAAAB3b3JrZWRxA3Mu	2015-02-22 19:54:24.585409+00
680y6l1tm42bknlqt4ic0ot35uc9uroo	Njc3MDkyMTgwNDk1YzZlZmQ0YmUxNTM1M2E4MDNlMTcxZGI4NTFmMTqAAn1xAVgKAAAAdGVzdGNvb2tpZXECWAYAAAB3b3JrZWRxA3Mu	2015-02-22 21:34:30.62224+00
hm1wxpyutfdytl2on0jw81vp9tgmaedk	Njc3MDkyMTgwNDk1YzZlZmQ0YmUxNTM1M2E4MDNlMTcxZGI4NTFmMTqAAn1xAVgKAAAAdGVzdGNvb2tpZXECWAYAAAB3b3JrZWRxA3Mu	2015-02-22 22:49:33.99129+00
5udqwx0g7dg83k30g0v2dns0ybcuvbln	Njc3MDkyMTgwNDk1YzZlZmQ0YmUxNTM1M2E4MDNlMTcxZGI4NTFmMTqAAn1xAVgKAAAAdGVzdGNvb2tpZXECWAYAAAB3b3JrZWRxA3Mu	2015-02-22 23:15:12.31146+00
15zlnq9pevj5a20tl9a7iqjv4wq4tzvg	Njc3MDkyMTgwNDk1YzZlZmQ0YmUxNTM1M2E4MDNlMTcxZGI4NTFmMTqAAn1xAVgKAAAAdGVzdGNvb2tpZXECWAYAAAB3b3JrZWRxA3Mu	2015-02-23 12:19:13.02364+00
vunkpxii0329c9tet0u89pd2qf2pkpum	Njc3MDkyMTgwNDk1YzZlZmQ0YmUxNTM1M2E4MDNlMTcxZGI4NTFmMTqAAn1xAVgKAAAAdGVzdGNvb2tpZXECWAYAAAB3b3JrZWRxA3Mu	2015-02-23 14:09:54.145492+00
6hqtynou86iedccs69oq2b6c4u3ufd3j	Njc3MDkyMTgwNDk1YzZlZmQ0YmUxNTM1M2E4MDNlMTcxZGI4NTFmMTqAAn1xAVgKAAAAdGVzdGNvb2tpZXECWAYAAAB3b3JrZWRxA3Mu	2015-02-23 16:52:43.3422+00
e17xmpddwlir25povn1u3cedf5eoakxd	Njc3MDkyMTgwNDk1YzZlZmQ0YmUxNTM1M2E4MDNlMTcxZGI4NTFmMTqAAn1xAVgKAAAAdGVzdGNvb2tpZXECWAYAAAB3b3JrZWRxA3Mu	2015-02-23 17:28:21.115065+00
gh3zgnssm37f1e0hp93ayhnikjw8sjsl	Njc3MDkyMTgwNDk1YzZlZmQ0YmUxNTM1M2E4MDNlMTcxZGI4NTFmMTqAAn1xAVgKAAAAdGVzdGNvb2tpZXECWAYAAAB3b3JrZWRxA3Mu	2015-02-23 18:03:58.870165+00
0290cikqaz47y1ny9nzjha3abv16whdp	YjcxNmQ2MmQ4MDE3NWE1NTZhOWQyZGUzZTUzY2EzZTUyNTI4NGNmNzqAAn1xAShYDwAAAF9zZXNzaW9uX2V4cGlyeXECSoBTOwBVEl9hdXRoX3VzZXJfYmFja2VuZHEDVSlkamFuZ28uY29udHJpYi5hdXRoLmJhY2tlbmRzLk1vZGVsQmFja2VuZHEEVQ1fYXV0aF91c2VyX2lkcQVLBnUu	2015-03-26 18:18:30.057996+00
ciicri9zlzg8vt8zbcqu824u9133c3x2	Njc3MDkyMTgwNDk1YzZlZmQ0YmUxNTM1M2E4MDNlMTcxZGI4NTFmMTqAAn1xAVgKAAAAdGVzdGNvb2tpZXECWAYAAAB3b3JrZWRxA3Mu	2015-02-23 18:39:36.596399+00
3uoytgjr11wvi24966lvzdfebzc7vxu2	Njc3MDkyMTgwNDk1YzZlZmQ0YmUxNTM1M2E4MDNlMTcxZGI4NTFmMTqAAn1xAVgKAAAAdGVzdGNvb2tpZXECWAYAAAB3b3JrZWRxA3Mu	2015-02-23 20:18:06.940549+00
te814r26qum9x1cpjetlqsyz65qmlkmt	Njc3MDkyMTgwNDk1YzZlZmQ0YmUxNTM1M2E4MDNlMTcxZGI4NTFmMTqAAn1xAVgKAAAAdGVzdGNvb2tpZXECWAYAAAB3b3JrZWRxA3Mu	2015-02-23 20:22:28.452128+00
a6zqpx2dcuq6q6dsftlr1vbudarnlvti	Njc3MDkyMTgwNDk1YzZlZmQ0YmUxNTM1M2E4MDNlMTcxZGI4NTFmMTqAAn1xAVgKAAAAdGVzdGNvb2tpZXECWAYAAAB3b3JrZWRxA3Mu	2015-02-24 11:37:47.421349+00
t0o1wrid5zcfwwhr6lqmf1c403x66gtd	Njc3MDkyMTgwNDk1YzZlZmQ0YmUxNTM1M2E4MDNlMTcxZGI4NTFmMTqAAn1xAVgKAAAAdGVzdGNvb2tpZXECWAYAAAB3b3JrZWRxA3Mu	2015-02-24 11:51:07.915288+00
05jgq8fb911evc6e2vdwwfkxasl1t4f6	Njc3MDkyMTgwNDk1YzZlZmQ0YmUxNTM1M2E4MDNlMTcxZGI4NTFmMTqAAn1xAVgKAAAAdGVzdGNvb2tpZXECWAYAAAB3b3JrZWRxA3Mu	2015-02-24 17:38:23.152018+00
31e329ot4xrzaxouyix07n064a7lxq12	Njc3MDkyMTgwNDk1YzZlZmQ0YmUxNTM1M2E4MDNlMTcxZGI4NTFmMTqAAn1xAVgKAAAAdGVzdGNvb2tpZXECWAYAAAB3b3JrZWRxA3Mu	2015-02-24 18:49:55.861292+00
hwzg5wrldrc2h30726knuu2cy4ful5jq	Njc3MDkyMTgwNDk1YzZlZmQ0YmUxNTM1M2E4MDNlMTcxZGI4NTFmMTqAAn1xAVgKAAAAdGVzdGNvb2tpZXECWAYAAAB3b3JrZWRxA3Mu	2015-02-24 20:41:51.158827+00
8nd651fmp40u3xgsiludhagbgt45gz1c	Njc3MDkyMTgwNDk1YzZlZmQ0YmUxNTM1M2E4MDNlMTcxZGI4NTFmMTqAAn1xAVgKAAAAdGVzdGNvb2tpZXECWAYAAAB3b3JrZWRxA3Mu	2015-02-24 21:03:52.327736+00
jkr50j60s0vfl1llrwytjutfacivlhay	Njc3MDkyMTgwNDk1YzZlZmQ0YmUxNTM1M2E4MDNlMTcxZGI4NTFmMTqAAn1xAVgKAAAAdGVzdGNvb2tpZXECWAYAAAB3b3JrZWRxA3Mu	2015-02-24 22:34:41.662132+00
tv6i8843c665s5h8ndupsxkytitr1go3	Njc3MDkyMTgwNDk1YzZlZmQ0YmUxNTM1M2E4MDNlMTcxZGI4NTFmMTqAAn1xAVgKAAAAdGVzdGNvb2tpZXECWAYAAAB3b3JrZWRxA3Mu	2015-02-25 01:45:18.14691+00
0efg2860n0hm330ojhvjm8phabd6t7ya	ZTQwYWU0NTllOGI5MzMxN2FiNzM3N2U1ZjY1NGFhYzE5OGY2M2U0YTqAAn1xAShVEl9hdXRoX3VzZXJfYmFja2VuZHECVSlkamFuZ28uY29udHJpYi5hdXRoLmJhY2tlbmRzLk1vZGVsQmFja2VuZHEDVQ1fYXV0aF91c2VyX2lkcQRLAXUu	2015-02-27 20:29:49.879443+00
o3f4fp39jzw7b6yqsembk1m4twvr61xu	Njc3MDkyMTgwNDk1YzZlZmQ0YmUxNTM1M2E4MDNlMTcxZGI4NTFmMTqAAn1xAVgKAAAAdGVzdGNvb2tpZXECWAYAAAB3b3JrZWRxA3Mu	2015-04-21 06:50:28.347366+00
rzbpdp23rbozfupo45dvw5tyiuf0qxlu	MzA0YTg1NDBhN2UyMDBjODdmYTM3NGU0ZjJlN2MyNzYxZGY1MTRjYTqAAn1xAShVEl9hdXRoX3VzZXJfYmFja2VuZHECVSlkamFuZ28uY29udHJpYi5hdXRoLmJhY2tlbmRzLk1vZGVsQmFja2VuZHEDVQ1fYXV0aF91c2VyX2lkcQRLBnUu	2015-03-01 09:49:56.957588+00
cijf0z68r633cld406h7wbrisvsygst7	ZDI2ZmJiYTIwMmM2MTUxMzUzNWQ0M2ZlNDgwYzVkODRlOTNkNTUxNzqAAn1xAShVEl9hdXRoX3VzZXJfYmFja2VuZHECVSlkamFuZ28uY29udHJpYi5hdXRoLmJhY2tlbmRzLk1vZGVsQmFja2VuZHEDVQ1fYXV0aF91c2VyX2lkcQRLAnUu	2015-03-01 09:50:16.864371+00
j4eo8hxdi9p9mkjzdbwi8mfv95mfiulm	MzA0YTg1NDBhN2UyMDBjODdmYTM3NGU0ZjJlN2MyNzYxZGY1MTRjYTqAAn1xAShVEl9hdXRoX3VzZXJfYmFja2VuZHECVSlkamFuZ28uY29udHJpYi5hdXRoLmJhY2tlbmRzLk1vZGVsQmFja2VuZHEDVQ1fYXV0aF91c2VyX2lkcQRLBnUu	2015-03-02 16:07:02.79064+00
opfm34xvsr5y2457jclvaiz3nv33o6kx	ZDI2ZmJiYTIwMmM2MTUxMzUzNWQ0M2ZlNDgwYzVkODRlOTNkNTUxNzqAAn1xAShVEl9hdXRoX3VzZXJfYmFja2VuZHECVSlkamFuZ28uY29udHJpYi5hdXRoLmJhY2tlbmRzLk1vZGVsQmFja2VuZHEDVQ1fYXV0aF91c2VyX2lkcQRLAnUu	2015-03-02 19:59:37.695624+00
1om6zyaanhtwyvyr9nf9hyx9kth6gvte	Njc3MDkyMTgwNDk1YzZlZmQ0YmUxNTM1M2E4MDNlMTcxZGI4NTFmMTqAAn1xAVgKAAAAdGVzdGNvb2tpZXECWAYAAAB3b3JrZWRxA3Mu	2015-03-02 21:35:19.703229+00
ji9020ar7butufqjvz9r74lvwsmu8adc	Njc3MDkyMTgwNDk1YzZlZmQ0YmUxNTM1M2E4MDNlMTcxZGI4NTFmMTqAAn1xAVgKAAAAdGVzdGNvb2tpZXECWAYAAAB3b3JrZWRxA3Mu	2015-03-03 18:11:02.620988+00
671q91yb3ft87v7cs5e6tj17xsvmgfmy	ZTQwYWU0NTllOGI5MzMxN2FiNzM3N2U1ZjY1NGFhYzE5OGY2M2U0YTqAAn1xAShVEl9hdXRoX3VzZXJfYmFja2VuZHECVSlkamFuZ28uY29udHJpYi5hdXRoLmJhY2tlbmRzLk1vZGVsQmFja2VuZHEDVQ1fYXV0aF91c2VyX2lkcQRLAXUu	2015-03-03 21:17:22.432481+00
zgqqojeyx9nhc7ccrn5dlux5py9tczph	Njc3MDkyMTgwNDk1YzZlZmQ0YmUxNTM1M2E4MDNlMTcxZGI4NTFmMTqAAn1xAVgKAAAAdGVzdGNvb2tpZXECWAYAAAB3b3JrZWRxA3Mu	2015-03-04 12:22:06.033387+00
xkthfa20yxbt3kfyceka0a822x9atppx	Njc3MDkyMTgwNDk1YzZlZmQ0YmUxNTM1M2E4MDNlMTcxZGI4NTFmMTqAAn1xAVgKAAAAdGVzdGNvb2tpZXECWAYAAAB3b3JrZWRxA3Mu	2015-03-04 19:52:08.558774+00
ku4gjevvhujdlnbcbi2csw8ucfrksz8x	Njc3MDkyMTgwNDk1YzZlZmQ0YmUxNTM1M2E4MDNlMTcxZGI4NTFmMTqAAn1xAVgKAAAAdGVzdGNvb2tpZXECWAYAAAB3b3JrZWRxA3Mu	2015-03-11 03:28:10.733067+00
emz4ggl2g31vlwx3zlxvgkig8ddmdhit	Njc3MDkyMTgwNDk1YzZlZmQ0YmUxNTM1M2E4MDNlMTcxZGI4NTFmMTqAAn1xAVgKAAAAdGVzdGNvb2tpZXECWAYAAAB3b3JrZWRxA3Mu	2015-03-11 08:27:51.924927+00
o6jwik3ng3zcc2i4f1bhih3p448e2mwv	Njc3MDkyMTgwNDk1YzZlZmQ0YmUxNTM1M2E4MDNlMTcxZGI4NTFmMTqAAn1xAVgKAAAAdGVzdGNvb2tpZXECWAYAAAB3b3JrZWRxA3Mu	2015-03-11 09:36:52.467135+00
e9ziec9ey5d9af8vb066wbg99n4nq6ie	Njc3MDkyMTgwNDk1YzZlZmQ0YmUxNTM1M2E4MDNlMTcxZGI4NTFmMTqAAn1xAVgKAAAAdGVzdGNvb2tpZXECWAYAAAB3b3JrZWRxA3Mu	2015-03-11 11:59:27.115315+00
nr7xceq4ymycgy8ev1tptmeyq0w5sfk9	Njc3MDkyMTgwNDk1YzZlZmQ0YmUxNTM1M2E4MDNlMTcxZGI4NTFmMTqAAn1xAVgKAAAAdGVzdGNvb2tpZXECWAYAAAB3b3JrZWRxA3Mu	2015-03-11 12:19:13.773744+00
3jgyz2dq7tuy0utpk1x6rldz443zpylc	Njc3MDkyMTgwNDk1YzZlZmQ0YmUxNTM1M2E4MDNlMTcxZGI4NTFmMTqAAn1xAVgKAAAAdGVzdGNvb2tpZXECWAYAAAB3b3JrZWRxA3Mu	2015-03-12 01:35:33.628797+00
2j15ytxsd8fxx7vazpkcadu100dw0oj3	ZTQwYWU0NTllOGI5MzMxN2FiNzM3N2U1ZjY1NGFhYzE5OGY2M2U0YTqAAn1xAShVEl9hdXRoX3VzZXJfYmFja2VuZHECVSlkamFuZ28uY29udHJpYi5hdXRoLmJhY2tlbmRzLk1vZGVsQmFja2VuZHEDVQ1fYXV0aF91c2VyX2lkcQRLAXUu	2015-03-12 10:46:03.236695+00
ql1bdeunoiemjnf9mjbfylr6i1soc970	Njc3MDkyMTgwNDk1YzZlZmQ0YmUxNTM1M2E4MDNlMTcxZGI4NTFmMTqAAn1xAVgKAAAAdGVzdGNvb2tpZXECWAYAAAB3b3JrZWRxA3Mu	2015-03-12 11:23:39.906475+00
8t3jsosb770n4260gdmije3li6v8giew	Njc3MDkyMTgwNDk1YzZlZmQ0YmUxNTM1M2E4MDNlMTcxZGI4NTFmMTqAAn1xAVgKAAAAdGVzdGNvb2tpZXECWAYAAAB3b3JrZWRxA3Mu	2015-03-12 18:15:18.755304+00
l5j2lrclbtdn6kq9a9vmx7qg8npo4fq7	ZTQwYWU0NTllOGI5MzMxN2FiNzM3N2U1ZjY1NGFhYzE5OGY2M2U0YTqAAn1xAShVEl9hdXRoX3VzZXJfYmFja2VuZHECVSlkamFuZ28uY29udHJpYi5hdXRoLmJhY2tlbmRzLk1vZGVsQmFja2VuZHEDVQ1fYXV0aF91c2VyX2lkcQRLAXUu	2015-03-12 18:45:35.472178+00
rz0590qu4xkz37yxia5sjavhelnyljfn	Njc3MDkyMTgwNDk1YzZlZmQ0YmUxNTM1M2E4MDNlMTcxZGI4NTFmMTqAAn1xAVgKAAAAdGVzdGNvb2tpZXECWAYAAAB3b3JrZWRxA3Mu	2015-03-13 20:34:35.380791+00
h58cs1hnv80nxojcj7t8xyo3mkrgo6tc	Njc3MDkyMTgwNDk1YzZlZmQ0YmUxNTM1M2E4MDNlMTcxZGI4NTFmMTqAAn1xAVgKAAAAdGVzdGNvb2tpZXECWAYAAAB3b3JrZWRxA3Mu	2015-03-15 13:01:24.570827+00
vm1bxvf55rmjtmryrpir30oz3ua1ipdm	ZTQwYWU0NTllOGI5MzMxN2FiNzM3N2U1ZjY1NGFhYzE5OGY2M2U0YTqAAn1xAShVEl9hdXRoX3VzZXJfYmFja2VuZHECVSlkamFuZ28uY29udHJpYi5hdXRoLmJhY2tlbmRzLk1vZGVsQmFja2VuZHEDVQ1fYXV0aF91c2VyX2lkcQRLAXUu	2015-03-20 19:19:00.718582+00
9jhlw0phbn0yh510cllk0qubj3vs4wif	MzA0YTg1NDBhN2UyMDBjODdmYTM3NGU0ZjJlN2MyNzYxZGY1MTRjYTqAAn1xAShVEl9hdXRoX3VzZXJfYmFja2VuZHECVSlkamFuZ28uY29udHJpYi5hdXRoLmJhY2tlbmRzLk1vZGVsQmFja2VuZHEDVQ1fYXV0aF91c2VyX2lkcQRLBnUu	2015-03-21 11:00:31.507274+00
awqr4o2qgw76jd91wd39uv6s50o8l9r9	ZDI2ZmJiYTIwMmM2MTUxMzUzNWQ0M2ZlNDgwYzVkODRlOTNkNTUxNzqAAn1xAShVEl9hdXRoX3VzZXJfYmFja2VuZHECVSlkamFuZ28uY29udHJpYi5hdXRoLmJhY2tlbmRzLk1vZGVsQmFja2VuZHEDVQ1fYXV0aF91c2VyX2lkcQRLAnUu	2015-03-23 18:35:59.451933+00
536j56tjjg5v0k8l2a7tz0nmt71vao8n	NDdiY2I3ZGM4MDU3Njk2MGJjMTAxOGRmMTFhNjhjMjRkZDBiYzIyNzqAAn1xAShYDwAAAF9zZXNzaW9uX2V4cGlyeXECSoBTOwBVEl9hdXRoX3VzZXJfYmFja2VuZHEDVSlkamFuZ28uY29udHJpYi5hdXRoLmJhY2tlbmRzLk1vZGVsQmFja2VuZHEEVQ1fYXV0aF91c2VyX2lkcQVLA3Uu	2015-04-23 19:10:30.926153+00
u4z0bcv1zn50f0u4u5d3f9nl6gcln2lk	Njc3MDkyMTgwNDk1YzZlZmQ0YmUxNTM1M2E4MDNlMTcxZGI4NTFmMTqAAn1xAVgKAAAAdGVzdGNvb2tpZXECWAYAAAB3b3JrZWRxA3Mu	2015-03-26 02:40:10.891326+00
qw71lyj3xmzhalubeq5jw9lwqydm99v5	Njc3MDkyMTgwNDk1YzZlZmQ0YmUxNTM1M2E4MDNlMTcxZGI4NTFmMTqAAn1xAVgKAAAAdGVzdGNvb2tpZXECWAYAAAB3b3JrZWRxA3Mu	2015-03-26 02:46:24.276293+00
e8tcqfe3ocam25o8qi078exbwc0m8k75	Njc3MDkyMTgwNDk1YzZlZmQ0YmUxNTM1M2E4MDNlMTcxZGI4NTFmMTqAAn1xAVgKAAAAdGVzdGNvb2tpZXECWAYAAAB3b3JrZWRxA3Mu	2015-03-26 03:45:18.921665+00
c228uu9thoi0r263wiqk9c4mmkr75b3y	Njc3MDkyMTgwNDk1YzZlZmQ0YmUxNTM1M2E4MDNlMTcxZGI4NTFmMTqAAn1xAVgKAAAAdGVzdGNvb2tpZXECWAYAAAB3b3JrZWRxA3Mu	2015-03-26 05:35:20.410018+00
40cb79xxsnw847afvt7fsuglg5u3dsqd	Njc3MDkyMTgwNDk1YzZlZmQ0YmUxNTM1M2E4MDNlMTcxZGI4NTFmMTqAAn1xAVgKAAAAdGVzdGNvb2tpZXECWAYAAAB3b3JrZWRxA3Mu	2015-03-26 05:51:55.675244+00
ojrv7dxkfxeitmvs07h5xdlf38nshpkw	Njc3MDkyMTgwNDk1YzZlZmQ0YmUxNTM1M2E4MDNlMTcxZGI4NTFmMTqAAn1xAVgKAAAAdGVzdGNvb2tpZXECWAYAAAB3b3JrZWRxA3Mu	2015-03-26 07:07:43.055569+00
63b0abpzgtbf0cahvrr4zfubnnf73wa5	Njc3MDkyMTgwNDk1YzZlZmQ0YmUxNTM1M2E4MDNlMTcxZGI4NTFmMTqAAn1xAVgKAAAAdGVzdGNvb2tpZXECWAYAAAB3b3JrZWRxA3Mu	2015-03-26 10:15:47.302723+00
bsi7j8cms6o0ugqtfmbk6r1mrblbc3i9	Njc3MDkyMTgwNDk1YzZlZmQ0YmUxNTM1M2E4MDNlMTcxZGI4NTFmMTqAAn1xAVgKAAAAdGVzdGNvb2tpZXECWAYAAAB3b3JrZWRxA3Mu	2015-03-26 11:57:27.229463+00
syau2yzmo50f8q1wmmrj5pyjzeapyztb	Njc3MDkyMTgwNDk1YzZlZmQ0YmUxNTM1M2E4MDNlMTcxZGI4NTFmMTqAAn1xAVgKAAAAdGVzdGNvb2tpZXECWAYAAAB3b3JrZWRxA3Mu	2015-03-26 12:02:25.671828+00
p7osaci18z5b67vd4tb407o1hnqlrlhw	Njc3MDkyMTgwNDk1YzZlZmQ0YmUxNTM1M2E4MDNlMTcxZGI4NTFmMTqAAn1xAVgKAAAAdGVzdGNvb2tpZXECWAYAAAB3b3JrZWRxA3Mu	2015-03-26 12:02:27.386945+00
c0s8rag2ixxu8ym7uujj6raqzhqghi6e	Njc3MDkyMTgwNDk1YzZlZmQ0YmUxNTM1M2E4MDNlMTcxZGI4NTFmMTqAAn1xAVgKAAAAdGVzdGNvb2tpZXECWAYAAAB3b3JrZWRxA3Mu	2015-03-26 12:02:27.88816+00
cnx0rm99u337kkmpwkeb6n3y4egsqk49	Njc3MDkyMTgwNDk1YzZlZmQ0YmUxNTM1M2E4MDNlMTcxZGI4NTFmMTqAAn1xAVgKAAAAdGVzdGNvb2tpZXECWAYAAAB3b3JrZWRxA3Mu	2015-03-26 12:07:16.456285+00
x3smqiolzkim3y27j0xdkyg67p66xirz	Njc3MDkyMTgwNDk1YzZlZmQ0YmUxNTM1M2E4MDNlMTcxZGI4NTFmMTqAAn1xAVgKAAAAdGVzdGNvb2tpZXECWAYAAAB3b3JrZWRxA3Mu	2015-03-26 14:06:27.685148+00
te4b360xkf6a4of0f6ra1ms8fhkdo3pb	Njc3MDkyMTgwNDk1YzZlZmQ0YmUxNTM1M2E4MDNlMTcxZGI4NTFmMTqAAn1xAVgKAAAAdGVzdGNvb2tpZXECWAYAAAB3b3JrZWRxA3Mu	2015-03-26 15:08:05.564637+00
zu22u1vnn1m2x82mehmllyjau2bsqv1a	Njc3MDkyMTgwNDk1YzZlZmQ0YmUxNTM1M2E4MDNlMTcxZGI4NTFmMTqAAn1xAVgKAAAAdGVzdGNvb2tpZXECWAYAAAB3b3JrZWRxA3Mu	2015-03-26 16:09:43.400534+00
f4nfn7pzftuje9k0i1rsbndufjgy2xzz	Njc3MDkyMTgwNDk1YzZlZmQ0YmUxNTM1M2E4MDNlMTcxZGI4NTFmMTqAAn1xAVgKAAAAdGVzdGNvb2tpZXECWAYAAAB3b3JrZWRxA3Mu	2015-03-26 17:35:19.939812+00
848facgj9lxf7vn4buxbcfg96aj2vxf4	Njc3MDkyMTgwNDk1YzZlZmQ0YmUxNTM1M2E4MDNlMTcxZGI4NTFmMTqAAn1xAVgKAAAAdGVzdGNvb2tpZXECWAYAAAB3b3JrZWRxA3Mu	2015-03-26 17:40:14.565766+00
gap16hdxmdttsmu0hkx2cn752dhxlhfj	Njc3MDkyMTgwNDk1YzZlZmQ0YmUxNTM1M2E4MDNlMTcxZGI4NTFmMTqAAn1xAVgKAAAAdGVzdGNvb2tpZXECWAYAAAB3b3JrZWRxA3Mu	2015-03-26 17:51:55.767225+00
s206p0chknxp8d4vw7tf5mgi1q3qtr1p	Njc3MDkyMTgwNDk1YzZlZmQ0YmUxNTM1M2E4MDNlMTcxZGI4NTFmMTqAAn1xAVgKAAAAdGVzdGNvb2tpZXECWAYAAAB3b3JrZWRxA3Mu	2015-03-26 18:30:50.310568+00
ng6l5w8qjupv3fcgbuv04751v03dw9zd	Njc3MDkyMTgwNDk1YzZlZmQ0YmUxNTM1M2E4MDNlMTcxZGI4NTFmMTqAAn1xAVgKAAAAdGVzdGNvb2tpZXECWAYAAAB3b3JrZWRxA3Mu	2015-03-27 04:11:39.687291+00
xbd56z2tmw1h6v0uq7978ac34dt8rsxp	Njc3MDkyMTgwNDk1YzZlZmQ0YmUxNTM1M2E4MDNlMTcxZGI4NTFmMTqAAn1xAVgKAAAAdGVzdGNvb2tpZXECWAYAAAB3b3JrZWRxA3Mu	2015-03-27 07:26:41.251051+00
myy0djju3bbr5gbuqh3ggqcx33050svu	Njc3MDkyMTgwNDk1YzZlZmQ0YmUxNTM1M2E4MDNlMTcxZGI4NTFmMTqAAn1xAVgKAAAAdGVzdGNvb2tpZXECWAYAAAB3b3JrZWRxA3Mu	2015-03-27 08:42:27.316261+00
sii14qf1uyv9fxzylkeavcg6wi9vj5ur	Njc3MDkyMTgwNDk1YzZlZmQ0YmUxNTM1M2E4MDNlMTcxZGI4NTFmMTqAAn1xAVgKAAAAdGVzdGNvb2tpZXECWAYAAAB3b3JrZWRxA3Mu	2015-03-27 09:58:15.085149+00
3togu1zbx601vhm7e3jkhdbu8ajbys68	Njc3MDkyMTgwNDk1YzZlZmQ0YmUxNTM1M2E4MDNlMTcxZGI4NTFmMTqAAn1xAVgKAAAAdGVzdGNvb2tpZXECWAYAAAB3b3JrZWRxA3Mu	2015-03-27 11:14:02.094101+00
gmpfm9q0jt27wqxd6b7jqosg0esqab23	Njc3MDkyMTgwNDk1YzZlZmQ0YmUxNTM1M2E4MDNlMTcxZGI4NTFmMTqAAn1xAVgKAAAAdGVzdGNvb2tpZXECWAYAAAB3b3JrZWRxA3Mu	2015-03-27 12:29:49.495516+00
77oqtux0zq1ha47x5q5klmc5goufp3md	Njc3MDkyMTgwNDk1YzZlZmQ0YmUxNTM1M2E4MDNlMTcxZGI4NTFmMTqAAn1xAVgKAAAAdGVzdGNvb2tpZXECWAYAAAB3b3JrZWRxA3Mu	2015-03-27 21:39:44.92338+00
ptxiq49koly4u7gvxwpap8gx1gvpb8y1	Njc3MDkyMTgwNDk1YzZlZmQ0YmUxNTM1M2E4MDNlMTcxZGI4NTFmMTqAAn1xAVgKAAAAdGVzdGNvb2tpZXECWAYAAAB3b3JrZWRxA3Mu	2015-03-28 08:44:21.449223+00
646l4wvn3swp3mdcazcpvg35jh13rb7i	MTA1YTE1ZDkxMDc2NmZkYTM5OTlmYTAxNmRmY2ViMDUyNTY2OWFhMDqAAn1xAVgKAAAAdGVzdGNvb2tpZVgGAAAAd29ya2VkcQJzLg==	2015-05-11 17:43:17.422191+00
obo7bbhmpbagcsiv7v4ntj5n760ad1mx	MzA0YTg1NDBhN2UyMDBjODdmYTM3NGU0ZjJlN2MyNzYxZGY1MTRjYTqAAn1xAShVEl9hdXRoX3VzZXJfYmFja2VuZHECVSlkamFuZ28uY29udHJpYi5hdXRoLmJhY2tlbmRzLk1vZGVsQmFja2VuZHEDVQ1fYXV0aF91c2VyX2lkcQRLBnUu	2015-03-30 19:44:14.92669+00
hpu0f946qie5st3ym09bnk0vhcpq5n45	ZTQwYWU0NTllOGI5MzMxN2FiNzM3N2U1ZjY1NGFhYzE5OGY2M2U0YTqAAn1xAShVEl9hdXRoX3VzZXJfYmFja2VuZHECVSlkamFuZ28uY29udHJpYi5hdXRoLmJhY2tlbmRzLk1vZGVsQmFja2VuZHEDVQ1fYXV0aF91c2VyX2lkcQRLAXUu	2015-04-02 09:49:08.910218+00
nyv9dod0ygopsw23a0xudm8dr2upqolc	ZTQwYWU0NTllOGI5MzMxN2FiNzM3N2U1ZjY1NGFhYzE5OGY2M2U0YTqAAn1xAShVEl9hdXRoX3VzZXJfYmFja2VuZHECVSlkamFuZ28uY29udHJpYi5hdXRoLmJhY2tlbmRzLk1vZGVsQmFja2VuZHEDVQ1fYXV0aF91c2VyX2lkcQRLAXUu	2015-04-18 18:41:12.612699+00
k18kzla8ppxotsnwmd8dmhkkfj585yyp	NmI4MGNmMzQ2N2VhZmRhMjI0ZWQzMGFmZTEyMjlmNTA5MWYyNDkxMTqAAn1xAS4=	2015-04-07 22:11:41.640657+00
rklu0h8eum8m4m11j6xvqkj7vapvxjsc	Njc3MDkyMTgwNDk1YzZlZmQ0YmUxNTM1M2E4MDNlMTcxZGI4NTFmMTqAAn1xAVgKAAAAdGVzdGNvb2tpZXECWAYAAAB3b3JrZWRxA3Mu	2015-04-09 12:15:08.634251+00
0dw3v0ipi7tnb2qxqzywl4afypepdzqd	Njc3MDkyMTgwNDk1YzZlZmQ0YmUxNTM1M2E4MDNlMTcxZGI4NTFmMTqAAn1xAVgKAAAAdGVzdGNvb2tpZXECWAYAAAB3b3JrZWRxA3Mu	2015-04-09 13:00:40.352523+00
dlnnol8od4rqsn84x68hdrqinbefkr05	Njc3MDkyMTgwNDk1YzZlZmQ0YmUxNTM1M2E4MDNlMTcxZGI4NTFmMTqAAn1xAVgKAAAAdGVzdGNvb2tpZXECWAYAAAB3b3JrZWRxA3Mu	2015-04-09 13:00:44.697448+00
zbov0phfml0np3zffnzbvzbnrom48gug	Njc3MDkyMTgwNDk1YzZlZmQ0YmUxNTM1M2E4MDNlMTcxZGI4NTFmMTqAAn1xAVgKAAAAdGVzdGNvb2tpZXECWAYAAAB3b3JrZWRxA3Mu	2015-04-09 13:00:46.966805+00
zlwkgvdnn4d4ahiy0xqz9dq9jxkw1215	Njc3MDkyMTgwNDk1YzZlZmQ0YmUxNTM1M2E4MDNlMTcxZGI4NTFmMTqAAn1xAVgKAAAAdGVzdGNvb2tpZXECWAYAAAB3b3JrZWRxA3Mu	2015-04-09 13:00:49.045366+00
fpmyrk3kl7oo0nezrusljw0ittq7djx9	Njc3MDkyMTgwNDk1YzZlZmQ0YmUxNTM1M2E4MDNlMTcxZGI4NTFmMTqAAn1xAVgKAAAAdGVzdGNvb2tpZXECWAYAAAB3b3JrZWRxA3Mu	2015-04-09 13:00:55.6743+00
nzlae3so0yg80islzhl4erlzq7e3hbm3	Njc3MDkyMTgwNDk1YzZlZmQ0YmUxNTM1M2E4MDNlMTcxZGI4NTFmMTqAAn1xAVgKAAAAdGVzdGNvb2tpZXECWAYAAAB3b3JrZWRxA3Mu	2015-04-10 00:07:40.388158+00
aiv73ejs4bewigndro88nw791o8o3cz0	Njc3MDkyMTgwNDk1YzZlZmQ0YmUxNTM1M2E4MDNlMTcxZGI4NTFmMTqAAn1xAVgKAAAAdGVzdGNvb2tpZXECWAYAAAB3b3JrZWRxA3Mu	2015-04-10 01:04:48.147198+00
9ozyt4vxcjnfdvfi5eaabie9m8h9u2lm	Njc3MDkyMTgwNDk1YzZlZmQ0YmUxNTM1M2E4MDNlMTcxZGI4NTFmMTqAAn1xAVgKAAAAdGVzdGNvb2tpZXECWAYAAAB3b3JrZWRxA3Mu	2015-04-10 02:10:10.51822+00
rn14l62j7czpxcjn26bsk76u926djiec	Njc3MDkyMTgwNDk1YzZlZmQ0YmUxNTM1M2E4MDNlMTcxZGI4NTFmMTqAAn1xAVgKAAAAdGVzdGNvb2tpZXECWAYAAAB3b3JrZWRxA3Mu	2015-04-10 02:10:37.67873+00
klcw3a022dz479deoe0tltvb69t0l150	Njc3MDkyMTgwNDk1YzZlZmQ0YmUxNTM1M2E4MDNlMTcxZGI4NTFmMTqAAn1xAVgKAAAAdGVzdGNvb2tpZXECWAYAAAB3b3JrZWRxA3Mu	2015-04-10 02:11:39.779767+00
2a6hr1zxppyzrduzcudnljykhu73elze	Njc3MDkyMTgwNDk1YzZlZmQ0YmUxNTM1M2E4MDNlMTcxZGI4NTFmMTqAAn1xAVgKAAAAdGVzdGNvb2tpZXECWAYAAAB3b3JrZWRxA3Mu	2015-04-10 02:12:31.833641+00
r7x6cunrsmk7vgka06v4v0ebm7idpzut	Njc3MDkyMTgwNDk1YzZlZmQ0YmUxNTM1M2E4MDNlMTcxZGI4NTFmMTqAAn1xAVgKAAAAdGVzdGNvb2tpZXECWAYAAAB3b3JrZWRxA3Mu	2015-04-10 02:15:31.755536+00
wrxb5j4g9q3pmi8n634s45gy3bo0d1s5	Njc3MDkyMTgwNDk1YzZlZmQ0YmUxNTM1M2E4MDNlMTcxZGI4NTFmMTqAAn1xAVgKAAAAdGVzdGNvb2tpZXECWAYAAAB3b3JrZWRxA3Mu	2015-04-10 02:16:51.657877+00
acuuspdbdhtuaky9lhe807bpmfvr9ioa	Njc3MDkyMTgwNDk1YzZlZmQ0YmUxNTM1M2E4MDNlMTcxZGI4NTFmMTqAAn1xAVgKAAAAdGVzdGNvb2tpZXECWAYAAAB3b3JrZWRxA3Mu	2015-04-10 02:27:45.239518+00
v9isrv1qllh9oojuqp1w6818gkb1xx30	Njc3MDkyMTgwNDk1YzZlZmQ0YmUxNTM1M2E4MDNlMTcxZGI4NTFmMTqAAn1xAVgKAAAAdGVzdGNvb2tpZXECWAYAAAB3b3JrZWRxA3Mu	2015-04-10 02:30:12.003906+00
sq3oz2ywkiv3m2wgwc0cc0h1zrqfakty	Njc3MDkyMTgwNDk1YzZlZmQ0YmUxNTM1M2E4MDNlMTcxZGI4NTFmMTqAAn1xAVgKAAAAdGVzdGNvb2tpZXECWAYAAAB3b3JrZWRxA3Mu	2015-04-12 03:08:15.643746+00
vw4r687oe1hslvsoi9v462d1x08oo83m	Njc3MDkyMTgwNDk1YzZlZmQ0YmUxNTM1M2E4MDNlMTcxZGI4NTFmMTqAAn1xAVgKAAAAdGVzdGNvb2tpZXECWAYAAAB3b3JrZWRxA3Mu	2015-04-21 13:05:22.201461+00
82smbnwhwi6243rqbl5ne9zfgu81at1s	Njc3MDkyMTgwNDk1YzZlZmQ0YmUxNTM1M2E4MDNlMTcxZGI4NTFmMTqAAn1xAVgKAAAAdGVzdGNvb2tpZXECWAYAAAB3b3JrZWRxA3Mu	2015-04-12 03:12:23.541797+00
x09zafus8kevejy97498gtyq7l6rxszw	Njc3MDkyMTgwNDk1YzZlZmQ0YmUxNTM1M2E4MDNlMTcxZGI4NTFmMTqAAn1xAVgKAAAAdGVzdGNvb2tpZXECWAYAAAB3b3JrZWRxA3Mu	2015-04-14 15:05:27.613761+00
lc60w26uvuuyrz4wbjg2g18vall7mqwb	ZDNmMWE4MThmNDcxMjFkMjhjMTQyOTliMzRlYzE1M2QyMmFhNTIwOTqAAn1xAShVEl9hdXRoX3VzZXJfYmFja2VuZHECVSlkamFuZ28uY29udHJpYi5hdXRoLmJhY2tlbmRzLk1vZGVsQmFja2VuZHEDVQ1fYXV0aF91c2VyX2lkcQRLHnUu	2015-04-15 13:09:44.010626+00
6c7ypv0rnnaabf6l6ahyokru6shsoaty	Njc3MDkyMTgwNDk1YzZlZmQ0YmUxNTM1M2E4MDNlMTcxZGI4NTFmMTqAAn1xAVgKAAAAdGVzdGNvb2tpZXECWAYAAAB3b3JrZWRxA3Mu	2015-04-20 23:10:44.627323+00
5wrncacd8ooypmxrbfqma9m4pytcx1wr	Njc3MDkyMTgwNDk1YzZlZmQ0YmUxNTM1M2E4MDNlMTcxZGI4NTFmMTqAAn1xAVgKAAAAdGVzdGNvb2tpZXECWAYAAAB3b3JrZWRxA3Mu	2015-04-21 13:06:17.307259+00
d7ujat2v1938ob38jr432x3q6ko172tt	Njc3MDkyMTgwNDk1YzZlZmQ0YmUxNTM1M2E4MDNlMTcxZGI4NTFmMTqAAn1xAVgKAAAAdGVzdGNvb2tpZXECWAYAAAB3b3JrZWRxA3Mu	2015-04-21 13:07:24.62601+00
6gc5wcbf2ciquh0oos2ksxj3ff7d86cb	Njc3MDkyMTgwNDk1YzZlZmQ0YmUxNTM1M2E4MDNlMTcxZGI4NTFmMTqAAn1xAVgKAAAAdGVzdGNvb2tpZXECWAYAAAB3b3JrZWRxA3Mu	2015-04-21 14:11:58.263769+00
o60o8a724xwzi8dhmhzmj38psjypqa71	Njc3MDkyMTgwNDk1YzZlZmQ0YmUxNTM1M2E4MDNlMTcxZGI4NTFmMTqAAn1xAVgKAAAAdGVzdGNvb2tpZXECWAYAAAB3b3JrZWRxA3Mu	2015-04-21 15:27:45.244449+00
5mqseelds6qyglvqtfqnnq4koeo3buku	Njc3MDkyMTgwNDk1YzZlZmQ0YmUxNTM1M2E4MDNlMTcxZGI4NTFmMTqAAn1xAVgKAAAAdGVzdGNvb2tpZXECWAYAAAB3b3JrZWRxA3Mu	2015-04-21 16:43:32.022714+00
cyutjq7u3jsdolw0i4zdsdjyc281cry8	Njc3MDkyMTgwNDk1YzZlZmQ0YmUxNTM1M2E4MDNlMTcxZGI4NTFmMTqAAn1xAVgKAAAAdGVzdGNvb2tpZXECWAYAAAB3b3JrZWRxA3Mu	2015-04-21 17:59:18.971984+00
or88i4a07so3hlztbmhqsfdayz9cbv90	Njc3MDkyMTgwNDk1YzZlZmQ0YmUxNTM1M2E4MDNlMTcxZGI4NTFmMTqAAn1xAVgKAAAAdGVzdGNvb2tpZXECWAYAAAB3b3JrZWRxA3Mu	2015-04-22 05:21:22.269281+00
tpflw64zzgktci5ryq3v6c3v02azxcia	Njc3MDkyMTgwNDk1YzZlZmQ0YmUxNTM1M2E4MDNlMTcxZGI4NTFmMTqAAn1xAVgKAAAAdGVzdGNvb2tpZXECWAYAAAB3b3JrZWRxA3Mu	2015-04-22 07:52:56.145484+00
tup1w1vg0z70ty41fvhuuwvqporc2opu	Njc3MDkyMTgwNDk1YzZlZmQ0YmUxNTM1M2E4MDNlMTcxZGI4NTFmMTqAAn1xAVgKAAAAdGVzdGNvb2tpZXECWAYAAAB3b3JrZWRxA3Mu	2015-04-22 09:08:43.243483+00
whof363s781rap63ps32wos7zvfzwr63	Njc3MDkyMTgwNDk1YzZlZmQ0YmUxNTM1M2E4MDNlMTcxZGI4NTFmMTqAAn1xAVgKAAAAdGVzdGNvb2tpZXECWAYAAAB3b3JrZWRxA3Mu	2015-04-22 10:24:31.091671+00
ipvd2ulhf4gu8offcxyquq78tge2l1s7	ZTMwY2MwY2I4MmE1MmVmNmY3YTMyODRkYjE3YTQ0ODNkZDY1YWIwMTqAAn1xAShVEl9hdXRoX3VzZXJfYmFja2VuZHECVSlkamFuZ28uY29udHJpYi5hdXRoLmJhY2tlbmRzLk1vZGVsQmFja2VuZHEDVQ1fYXV0aF91c2VyX2lkcQRLHXUu	2015-04-15 10:37:46.283267+00
r2lc2kvdcvbsbronmy5jtykv3ew4oa72	NTdlOGQ1YmE5NjAyOTU2ZjFiYjFhNjA4YjU5ZmRiNzgxNTljYWFlZTqAAn1xAShYDwAAAF9zZXNzaW9uX2V4cGlyeXECSoBTOwBVEl9hdXRoX3VzZXJfYmFja2VuZHEDVSlkamFuZ28uY29udHJpYi5hdXRoLmJhY2tlbmRzLk1vZGVsQmFja2VuZHEEVQ1fYXV0aF91c2VyX2lkcQVLHHUu	2015-05-23 21:35:14.224295+00
0cybzq1jaj5if5pnv0twyx6ma28dwf07	ZTQwYWU0NTllOGI5MzMxN2FiNzM3N2U1ZjY1NGFhYzE5OGY2M2U0YTqAAn1xAShVEl9hdXRoX3VzZXJfYmFja2VuZHECVSlkamFuZ28uY29udHJpYi5hdXRoLmJhY2tlbmRzLk1vZGVsQmFja2VuZHEDVQ1fYXV0aF91c2VyX2lkcQRLAXUu	2015-04-24 14:00:14.651355+00
c5mqtpby9z7r4xfi3tw2v4naopg8qs4e	Njc3MDkyMTgwNDk1YzZlZmQ0YmUxNTM1M2E4MDNlMTcxZGI4NTFmMTqAAn1xAVgKAAAAdGVzdGNvb2tpZXECWAYAAAB3b3JrZWRxA3Mu	2015-04-24 22:28:34.533109+00
8n5ub9wa9vpfzmkvbtwk9golpf7w24x5	Njc3MDkyMTgwNDk1YzZlZmQ0YmUxNTM1M2E4MDNlMTcxZGI4NTFmMTqAAn1xAVgKAAAAdGVzdGNvb2tpZXECWAYAAAB3b3JrZWRxA3Mu	2015-04-25 02:23:19.02531+00
1zim9mvwhfbw8n9lspl3iv9ewsw5qhvv	MzA0YTg1NDBhN2UyMDBjODdmYTM3NGU0ZjJlN2MyNzYxZGY1MTRjYTqAAn1xAShVEl9hdXRoX3VzZXJfYmFja2VuZHECVSlkamFuZ28uY29udHJpYi5hdXRoLmJhY2tlbmRzLk1vZGVsQmFja2VuZHEDVQ1fYXV0aF91c2VyX2lkcQRLBnUu	2015-04-25 09:23:48.943968+00
4iak9v9uwytpm4xuebigvf00lk72yhu1	Njc3MDkyMTgwNDk1YzZlZmQ0YmUxNTM1M2E4MDNlMTcxZGI4NTFmMTqAAn1xAVgKAAAAdGVzdGNvb2tpZXECWAYAAAB3b3JrZWRxA3Mu	2015-04-27 05:22:45.855617+00
no0dgwr2de31ycf737qr1tkp73yuuqj6	ZTQwYWU0NTllOGI5MzMxN2FiNzM3N2U1ZjY1NGFhYzE5OGY2M2U0YTqAAn1xAShVEl9hdXRoX3VzZXJfYmFja2VuZHECVSlkamFuZ28uY29udHJpYi5hdXRoLmJhY2tlbmRzLk1vZGVsQmFja2VuZHEDVQ1fYXV0aF91c2VyX2lkcQRLAXUu	2015-04-15 11:58:50.950829+00
xpi8qbfq0f3yalp7efiamflrmkw9cwci	MzA0YTg1NDBhN2UyMDBjODdmYTM3NGU0ZjJlN2MyNzYxZGY1MTRjYTqAAn1xAShVEl9hdXRoX3VzZXJfYmFja2VuZHECVSlkamFuZ28uY29udHJpYi5hdXRoLmJhY2tlbmRzLk1vZGVsQmFja2VuZHEDVQ1fYXV0aF91c2VyX2lkcQRLBnUu	2015-04-27 17:06:49.597101+00
mja2qal0fg5axi7dtqlt2l6xhzx7s52w	ZDI2ZmJiYTIwMmM2MTUxMzUzNWQ0M2ZlNDgwYzVkODRlOTNkNTUxNzqAAn1xAShVEl9hdXRoX3VzZXJfYmFja2VuZHECVSlkamFuZ28uY29udHJpYi5hdXRoLmJhY2tlbmRzLk1vZGVsQmFja2VuZHEDVQ1fYXV0aF91c2VyX2lkcQRLAnUu	2015-04-27 17:29:33.606075+00
ie509kewpy7v2dsqp6xuwrlgpopqzfy0	MmFlOWE1YmMzMTM2NWVmMGE0MGZkMzRjYWU0OWZmZTBmYjVjMWIyNzqAAn1xAShYCgAAAHRlc3Rjb29raWVxAlgGAAAAd29ya2VkcQNVDV9hdXRoX3VzZXJfaWRLHFUSX2F1dGhfdXNlcl9iYWNrZW5kVSlkamFuZ28uY29udHJpYi5hdXRoLmJhY2tlbmRzLk1vZGVsQmFja2VuZHUu	2015-04-27 17:32:00.493827+00
a61qr0hsqv9gt11tymd5gy0da5glby1b	MzA0YTg1NDBhN2UyMDBjODdmYTM3NGU0ZjJlN2MyNzYxZGY1MTRjYTqAAn1xAShVEl9hdXRoX3VzZXJfYmFja2VuZHECVSlkamFuZ28uY29udHJpYi5hdXRoLmJhY2tlbmRzLk1vZGVsQmFja2VuZHEDVQ1fYXV0aF91c2VyX2lkcQRLBnUu	2015-04-27 17:32:16.822343+00
oblayxqtc90hnirficmjliqdy7aczlwh	Njc3MDkyMTgwNDk1YzZlZmQ0YmUxNTM1M2E4MDNlMTcxZGI4NTFmMTqAAn1xAVgKAAAAdGVzdGNvb2tpZXECWAYAAAB3b3JrZWRxA3Mu	2015-04-27 18:07:20.948757+00
ttau37a389xzevfqe1al7yubu1unpjdw	MzA0YTg1NDBhN2UyMDBjODdmYTM3NGU0ZjJlN2MyNzYxZGY1MTRjYTqAAn1xAShVEl9hdXRoX3VzZXJfYmFja2VuZHECVSlkamFuZ28uY29udHJpYi5hdXRoLmJhY2tlbmRzLk1vZGVsQmFja2VuZHEDVQ1fYXV0aF91c2VyX2lkcQRLBnUu	2015-04-29 08:01:49.605231+00
4haltt8b8o2mhrbczn4tq22itmr1us1l	ZTQwYWU0NTllOGI5MzMxN2FiNzM3N2U1ZjY1NGFhYzE5OGY2M2U0YTqAAn1xAShVEl9hdXRoX3VzZXJfYmFja2VuZHECVSlkamFuZ28uY29udHJpYi5hdXRoLmJhY2tlbmRzLk1vZGVsQmFja2VuZHEDVQ1fYXV0aF91c2VyX2lkcQRLAXUu	2015-04-29 09:14:24.415647+00
zxi32iwslgrtyc6c7vbeiff0hp0xjtzq	ZTQwYWU0NTllOGI5MzMxN2FiNzM3N2U1ZjY1NGFhYzE5OGY2M2U0YTqAAn1xAShVEl9hdXRoX3VzZXJfYmFja2VuZHECVSlkamFuZ28uY29udHJpYi5hdXRoLmJhY2tlbmRzLk1vZGVsQmFja2VuZHEDVQ1fYXV0aF91c2VyX2lkcQRLAXUu	2015-04-29 10:53:46.706526+00
fxec3ibuzoasz7v127ug88rbxvxhvlnr	Njc3MDkyMTgwNDk1YzZlZmQ0YmUxNTM1M2E4MDNlMTcxZGI4NTFmMTqAAn1xAVgKAAAAdGVzdGNvb2tpZXECWAYAAAB3b3JrZWRxA3Mu	2015-04-29 13:08:40.624688+00
l4nvhtfc3eeuhfbvs459irfl77dh0g5c	Njc3MDkyMTgwNDk1YzZlZmQ0YmUxNTM1M2E4MDNlMTcxZGI4NTFmMTqAAn1xAVgKAAAAdGVzdGNvb2tpZXECWAYAAAB3b3JrZWRxA3Mu	2015-04-29 13:59:14.145997+00
gfu0fh9o6racccdqa1idn9ahj9czfhav	Njc3MDkyMTgwNDk1YzZlZmQ0YmUxNTM1M2E4MDNlMTcxZGI4NTFmMTqAAn1xAVgKAAAAdGVzdGNvb2tpZXECWAYAAAB3b3JrZWRxA3Mu	2015-04-29 14:49:47.67493+00
kkekqd3uzwkkb0h2mutvu5wyo0y0rn0t	Njc3MDkyMTgwNDk1YzZlZmQ0YmUxNTM1M2E4MDNlMTcxZGI4NTFmMTqAAn1xAVgKAAAAdGVzdGNvb2tpZXECWAYAAAB3b3JrZWRxA3Mu	2015-04-29 15:40:21.135958+00
wqf2fzk0yfjza6b0vho3p57fq8yk15pk	Njc3MDkyMTgwNDk1YzZlZmQ0YmUxNTM1M2E4MDNlMTcxZGI4NTFmMTqAAn1xAVgKAAAAdGVzdGNvb2tpZXECWAYAAAB3b3JrZWRxA3Mu	2015-04-29 16:30:54.678255+00
y1mll25p3su0d0kdwbtzpegl6gvwdlv9	Njc3MDkyMTgwNDk1YzZlZmQ0YmUxNTM1M2E4MDNlMTcxZGI4NTFmMTqAAn1xAVgKAAAAdGVzdGNvb2tpZXECWAYAAAB3b3JrZWRxA3Mu	2015-04-29 17:21:28.109486+00
h1buaa20nob04qcly61dm2r5sfw8mi25	Njc3MDkyMTgwNDk1YzZlZmQ0YmUxNTM1M2E4MDNlMTcxZGI4NTFmMTqAAn1xAVgKAAAAdGVzdGNvb2tpZXECWAYAAAB3b3JrZWRxA3Mu	2015-04-29 18:12:01.608102+00
f769mka93thzn307r1qzhogra8dqku2y	Njc3MDkyMTgwNDk1YzZlZmQ0YmUxNTM1M2E4MDNlMTcxZGI4NTFmMTqAAn1xAVgKAAAAdGVzdGNvb2tpZXECWAYAAAB3b3JrZWRxA3Mu	2015-04-29 19:02:35.005717+00
f966hrcdhlo0iksjrl0k1ibi4drdzzbi	Njc3MDkyMTgwNDk1YzZlZmQ0YmUxNTM1M2E4MDNlMTcxZGI4NTFmMTqAAn1xAVgKAAAAdGVzdGNvb2tpZXECWAYAAAB3b3JrZWRxA3Mu	2015-04-29 19:53:08.465522+00
zwda4yc4bpngbc97kvrmsz2q6d6xhcee	Njc3MDkyMTgwNDk1YzZlZmQ0YmUxNTM1M2E4MDNlMTcxZGI4NTFmMTqAAn1xAVgKAAAAdGVzdGNvb2tpZXECWAYAAAB3b3JrZWRxA3Mu	2015-04-29 20:43:42.585139+00
gqqc7xr0f43ntta9k15evajl9p5n33ie	Njc3MDkyMTgwNDk1YzZlZmQ0YmUxNTM1M2E4MDNlMTcxZGI4NTFmMTqAAn1xAVgKAAAAdGVzdGNvb2tpZXECWAYAAAB3b3JrZWRxA3Mu	2015-04-29 20:56:44.505607+00
m9vsebrxxavh20fmrcdo5f927nokhevk	Njc3MDkyMTgwNDk1YzZlZmQ0YmUxNTM1M2E4MDNlMTcxZGI4NTFmMTqAAn1xAVgKAAAAdGVzdGNvb2tpZXECWAYAAAB3b3JrZWRxA3Mu	2015-04-29 21:34:15.65964+00
i1se9q7za17bjs91rj2h1ngpfdu4w5wo	Njc3MDkyMTgwNDk1YzZlZmQ0YmUxNTM1M2E4MDNlMTcxZGI4NTFmMTqAAn1xAVgKAAAAdGVzdGNvb2tpZXECWAYAAAB3b3JrZWRxA3Mu	2015-04-29 21:50:29.372996+00
qvhiir41sm56wjnowj7xy1yvfv24u3zr	Njc3MDkyMTgwNDk1YzZlZmQ0YmUxNTM1M2E4MDNlMTcxZGI4NTFmMTqAAn1xAVgKAAAAdGVzdGNvb2tpZXECWAYAAAB3b3JrZWRxA3Mu	2015-04-29 22:14:33.960307+00
9d6c31y1ck7k004ylzfzlon1bo8n8sk0	MzA0YTg1NDBhN2UyMDBjODdmYTM3NGU0ZjJlN2MyNzYxZGY1MTRjYTqAAn1xAShVEl9hdXRoX3VzZXJfYmFja2VuZHECVSlkamFuZ28uY29udHJpYi5hdXRoLmJhY2tlbmRzLk1vZGVsQmFja2VuZHEDVQ1fYXV0aF91c2VyX2lkcQRLBnUu	2015-04-30 05:48:01.255051+00
ab4b4edfnhuivgznjrv0nbof1elok6k8	Njc3MDkyMTgwNDk1YzZlZmQ0YmUxNTM1M2E4MDNlMTcxZGI4NTFmMTqAAn1xAVgKAAAAdGVzdGNvb2tpZXECWAYAAAB3b3JrZWRxA3Mu	2015-04-30 14:40:11.979055+00
3qxdkro873dx7eqzzmplz0fwjp9q2jq3	Njc3MDkyMTgwNDk1YzZlZmQ0YmUxNTM1M2E4MDNlMTcxZGI4NTFmMTqAAn1xAVgKAAAAdGVzdGNvb2tpZXECWAYAAAB3b3JrZWRxA3Mu	2015-04-30 14:45:12.213164+00
vadu5f1sobobjevqq015w6k6ho0bogez	Njc3MDkyMTgwNDk1YzZlZmQ0YmUxNTM1M2E4MDNlMTcxZGI4NTFmMTqAAn1xAVgKAAAAdGVzdGNvb2tpZXECWAYAAAB3b3JrZWRxA3Mu	2015-04-30 14:45:28.201037+00
mmre4h2vbjcfe8ubslb0k3ls8uakgtb4	Njc3MDkyMTgwNDk1YzZlZmQ0YmUxNTM1M2E4MDNlMTcxZGI4NTFmMTqAAn1xAVgKAAAAdGVzdGNvb2tpZXECWAYAAAB3b3JrZWRxA3Mu	2015-05-01 07:20:11.200484+00
9y9p82zmxr595481wpkfqeeppgu11eub	Njc3MDkyMTgwNDk1YzZlZmQ0YmUxNTM1M2E4MDNlMTcxZGI4NTFmMTqAAn1xAVgKAAAAdGVzdGNvb2tpZXECWAYAAAB3b3JrZWRxA3Mu	2015-05-01 07:24:06.759784+00
1x2o2kni3g1av1seigtwr2f0y5esrdre	Njc3MDkyMTgwNDk1YzZlZmQ0YmUxNTM1M2E4MDNlMTcxZGI4NTFmMTqAAn1xAVgKAAAAdGVzdGNvb2tpZXECWAYAAAB3b3JrZWRxA3Mu	2015-05-01 08:53:01.390495+00
vxbwzba7t9pzyou6xesm856xnfx22fut	Njc3MDkyMTgwNDk1YzZlZmQ0YmUxNTM1M2E4MDNlMTcxZGI4NTFmMTqAAn1xAVgKAAAAdGVzdGNvb2tpZXECWAYAAAB3b3JrZWRxA3Mu	2015-05-01 12:26:15.489649+00
dc69hdtj6fz5xbofef9tr2hzuulaa9og	Njc3MDkyMTgwNDk1YzZlZmQ0YmUxNTM1M2E4MDNlMTcxZGI4NTFmMTqAAn1xAVgKAAAAdGVzdGNvb2tpZXECWAYAAAB3b3JrZWRxA3Mu	2015-05-01 12:30:28.672465+00
mgrkksrm5pf1hafmfwfsy8s6i7qlbiuu	Njc3MDkyMTgwNDk1YzZlZmQ0YmUxNTM1M2E4MDNlMTcxZGI4NTFmMTqAAn1xAVgKAAAAdGVzdGNvb2tpZXECWAYAAAB3b3JrZWRxA3Mu	2015-05-01 12:30:48.266875+00
vp1r6o540h3vrewrv432itz3j1bkke28	Njc3MDkyMTgwNDk1YzZlZmQ0YmUxNTM1M2E4MDNlMTcxZGI4NTFmMTqAAn1xAVgKAAAAdGVzdGNvb2tpZXECWAYAAAB3b3JrZWRxA3Mu	2015-05-01 12:31:09.534088+00
ivul0s1ms8dhzvgf8ydklm6efzboi6sr	Njc3MDkyMTgwNDk1YzZlZmQ0YmUxNTM1M2E4MDNlMTcxZGI4NTFmMTqAAn1xAVgKAAAAdGVzdGNvb2tpZXECWAYAAAB3b3JrZWRxA3Mu	2015-05-01 17:34:39.115092+00
4l44svfelih5plxbpmh8eh5uf3wchnfm	Njc3MDkyMTgwNDk1YzZlZmQ0YmUxNTM1M2E4MDNlMTcxZGI4NTFmMTqAAn1xAVgKAAAAdGVzdGNvb2tpZXECWAYAAAB3b3JrZWRxA3Mu	2015-05-01 17:50:13.970346+00
y1vi3oq1oub6mt2nht42d2xhnkiyhgjf	Njc3MDkyMTgwNDk1YzZlZmQ0YmUxNTM1M2E4MDNlMTcxZGI4NTFmMTqAAn1xAVgKAAAAdGVzdGNvb2tpZXECWAYAAAB3b3JrZWRxA3Mu	2015-05-01 19:05:56.938882+00
taqjhzy8nnfqjctvn5un794u96ynpe3v	Njc3MDkyMTgwNDk1YzZlZmQ0YmUxNTM1M2E4MDNlMTcxZGI4NTFmMTqAAn1xAVgKAAAAdGVzdGNvb2tpZXECWAYAAAB3b3JrZWRxA3Mu	2015-05-01 20:21:43.191065+00
n2vvv6g3fh62jfhon8yzxrzuv44kxuk4	Njc3MDkyMTgwNDk1YzZlZmQ0YmUxNTM1M2E4MDNlMTcxZGI4NTFmMTqAAn1xAVgKAAAAdGVzdGNvb2tpZXECWAYAAAB3b3JrZWRxA3Mu	2015-05-01 21:07:24.895437+00
7zhlw6dqo87z0txslm9880h0vb17nexj	Njc3MDkyMTgwNDk1YzZlZmQ0YmUxNTM1M2E4MDNlMTcxZGI4NTFmMTqAAn1xAVgKAAAAdGVzdGNvb2tpZXECWAYAAAB3b3JrZWRxA3Mu	2015-05-01 21:12:59.354406+00
3hbhz2bj4zvt9ik7m1ear4091cf6geye	Njc3MDkyMTgwNDk1YzZlZmQ0YmUxNTM1M2E4MDNlMTcxZGI4NTFmMTqAAn1xAVgKAAAAdGVzdGNvb2tpZXECWAYAAAB3b3JrZWRxA3Mu	2015-05-01 21:46:52.468556+00
d86jor1sy8dxij4u5o9eqcqs7b2jsrvq	Njc3MDkyMTgwNDk1YzZlZmQ0YmUxNTM1M2E4MDNlMTcxZGI4NTFmMTqAAn1xAVgKAAAAdGVzdGNvb2tpZXECWAYAAAB3b3JrZWRxA3Mu	2015-05-01 21:46:54.905747+00
a00fsg90i8a4s5m56gawuvtkfo73lduy	Njc3MDkyMTgwNDk1YzZlZmQ0YmUxNTM1M2E4MDNlMTcxZGI4NTFmMTqAAn1xAVgKAAAAdGVzdGNvb2tpZXECWAYAAAB3b3JrZWRxA3Mu	2015-05-01 23:20:14.324462+00
gfor27yn8a6meg90fk6v24v5d1og5bap	Njc3MDkyMTgwNDk1YzZlZmQ0YmUxNTM1M2E4MDNlMTcxZGI4NTFmMTqAAn1xAVgKAAAAdGVzdGNvb2tpZXECWAYAAAB3b3JrZWRxA3Mu	2015-05-02 05:15:14.565013+00
ecmi1jczf14itf70uheaza21012ips4d	Njc3MDkyMTgwNDk1YzZlZmQ0YmUxNTM1M2E4MDNlMTcxZGI4NTFmMTqAAn1xAVgKAAAAdGVzdGNvb2tpZXECWAYAAAB3b3JrZWRxA3Mu	2015-05-03 05:15:09.854016+00
l7ysfxuubiyk4tyiiqgd4w17o9rifgc1	Njc3MDkyMTgwNDk1YzZlZmQ0YmUxNTM1M2E4MDNlMTcxZGI4NTFmMTqAAn1xAVgKAAAAdGVzdGNvb2tpZXECWAYAAAB3b3JrZWRxA3Mu	2015-05-03 05:20:31.170546+00
p383vi1ozlh4tqiy68028ipho3mhn69e	Njc3MDkyMTgwNDk1YzZlZmQ0YmUxNTM1M2E4MDNlMTcxZGI4NTFmMTqAAn1xAVgKAAAAdGVzdGNvb2tpZXECWAYAAAB3b3JrZWRxA3Mu	2015-05-03 07:29:27.377754+00
yy7nq6fv6lwbpd3tqvtvsubse3kjojhs	Njc3MDkyMTgwNDk1YzZlZmQ0YmUxNTM1M2E4MDNlMTcxZGI4NTFmMTqAAn1xAVgKAAAAdGVzdGNvb2tpZXECWAYAAAB3b3JrZWRxA3Mu	2015-05-03 09:02:06.598815+00
kegox4q2gu9q9u9qgbb729lr7j4tz7sl	ZDI2ZmJiYTIwMmM2MTUxMzUzNWQ0M2ZlNDgwYzVkODRlOTNkNTUxNzqAAn1xAShVEl9hdXRoX3VzZXJfYmFja2VuZHECVSlkamFuZ28uY29udHJpYi5hdXRoLmJhY2tlbmRzLk1vZGVsQmFja2VuZHEDVQ1fYXV0aF91c2VyX2lkcQRLAnUu	2015-05-03 09:08:58.118766+00
wdwo7bn22cilu0gm8tvyna1rymcqcknw	Njc3MDkyMTgwNDk1YzZlZmQ0YmUxNTM1M2E4MDNlMTcxZGI4NTFmMTqAAn1xAVgKAAAAdGVzdGNvb2tpZXECWAYAAAB3b3JrZWRxA3Mu	2015-05-03 10:34:46.646421+00
yi2000dcpojqojw31fjdtzj2ti9ub9cm	Njc3MDkyMTgwNDk1YzZlZmQ0YmUxNTM1M2E4MDNlMTcxZGI4NTFmMTqAAn1xAVgKAAAAdGVzdGNvb2tpZXECWAYAAAB3b3JrZWRxA3Mu	2015-05-03 11:17:28.892118+00
wiaeir7grthk7f88522hpvgichhdr9c2	Njc3MDkyMTgwNDk1YzZlZmQ0YmUxNTM1M2E4MDNlMTcxZGI4NTFmMTqAAn1xAVgKAAAAdGVzdGNvb2tpZXECWAYAAAB3b3JrZWRxA3Mu	2015-05-03 15:27:55.768472+00
xjc0sjv70zjei0n3zgayhdatsxsbdhjt	Njc3MDkyMTgwNDk1YzZlZmQ0YmUxNTM1M2E4MDNlMTcxZGI4NTFmMTqAAn1xAVgKAAAAdGVzdGNvb2tpZXECWAYAAAB3b3JrZWRxA3Mu	2015-05-03 16:04:21.560111+00
36603fbc45m3xaevclahdwufg7fatmi1	MzA0YTg1NDBhN2UyMDBjODdmYTM3NGU0ZjJlN2MyNzYxZGY1MTRjYTqAAn1xAShVEl9hdXRoX3VzZXJfYmFja2VuZHECVSlkamFuZ28uY29udHJpYi5hdXRoLmJhY2tlbmRzLk1vZGVsQmFja2VuZHEDVQ1fYXV0aF91c2VyX2lkcQRLBnUu	2015-05-03 16:16:05.71573+00
bu1dt13igrc10oj768glq5o1xne8qlkg	ZmY0YTg2YzU0ODQ2Yzg2NGY2MmRmZGVhN2E1NjA5MGJlM2RhNWM1YzqAAn1xAShVEl9hdXRoX3VzZXJfYmFja2VuZHECVSlkamFuZ28uY29udHJpYi5hdXRoLmJhY2tlbmRzLk1vZGVsQmFja2VuZHEDVQ1fYXV0aF91c2VyX2lkcQRLHHUu	2015-05-04 18:01:37.759195+00
kg3mf1ckyb2hlxkifs6ugra30fh6iw9r	Njc3MDkyMTgwNDk1YzZlZmQ0YmUxNTM1M2E4MDNlMTcxZGI4NTFmMTqAAn1xAVgKAAAAdGVzdGNvb2tpZXECWAYAAAB3b3JrZWRxA3Mu	2015-05-04 21:20:06.428608+00
pyrb6siv2wphhl6b7kac9p7ecj6c7mhz	Njc3MDkyMTgwNDk1YzZlZmQ0YmUxNTM1M2E4MDNlMTcxZGI4NTFmMTqAAn1xAVgKAAAAdGVzdGNvb2tpZXECWAYAAAB3b3JrZWRxA3Mu	2015-05-05 00:10:11.908338+00
1p37bzg9es3t7bh9azxh1x26ohcio29a	Njc3MDkyMTgwNDk1YzZlZmQ0YmUxNTM1M2E4MDNlMTcxZGI4NTFmMTqAAn1xAVgKAAAAdGVzdGNvb2tpZXECWAYAAAB3b3JrZWRxA3Mu	2015-05-05 00:15:13.176312+00
8u743aoj6wqnxnlsevl7xuwgl97srkhf	Njc3MDkyMTgwNDk1YzZlZmQ0YmUxNTM1M2E4MDNlMTcxZGI4NTFmMTqAAn1xAVgKAAAAdGVzdGNvb2tpZXECWAYAAAB3b3JrZWRxA3Mu	2015-05-05 01:43:41.631175+00
i1nzwmpn5mfo4spkb1uoj13zshe35w3a	ZTQwYWU0NTllOGI5MzMxN2FiNzM3N2U1ZjY1NGFhYzE5OGY2M2U0YTqAAn1xAShVEl9hdXRoX3VzZXJfYmFja2VuZHECVSlkamFuZ28uY29udHJpYi5hdXRoLmJhY2tlbmRzLk1vZGVsQmFja2VuZHEDVQ1fYXV0aF91c2VyX2lkcQRLAXUu	2015-05-05 06:01:07.034517+00
3rjtyczgb7v2to0cmqtoevghfrjlts63	Njc3MDkyMTgwNDk1YzZlZmQ0YmUxNTM1M2E4MDNlMTcxZGI4NTFmMTqAAn1xAVgKAAAAdGVzdGNvb2tpZXECWAYAAAB3b3JrZWRxA3Mu	2015-05-06 06:59:17.109723+00
nwtdjwf5zwfeygtvigwns5mlxxu34sze	Njc3MDkyMTgwNDk1YzZlZmQ0YmUxNTM1M2E4MDNlMTcxZGI4NTFmMTqAAn1xAVgKAAAAdGVzdGNvb2tpZXECWAYAAAB3b3JrZWRxA3Mu	2015-05-06 07:08:45.0804+00
zeb2u7hw4w54puqa22ra0l5bl1p45ln2	Njc3MDkyMTgwNDk1YzZlZmQ0YmUxNTM1M2E4MDNlMTcxZGI4NTFmMTqAAn1xAVgKAAAAdGVzdGNvb2tpZXECWAYAAAB3b3JrZWRxA3Mu	2015-05-06 07:10:56.014542+00
j9grszqu581asd4nr0lrnoee86vvqp6x	Njc3MDkyMTgwNDk1YzZlZmQ0YmUxNTM1M2E4MDNlMTcxZGI4NTFmMTqAAn1xAVgKAAAAdGVzdGNvb2tpZXECWAYAAAB3b3JrZWRxA3Mu	2015-05-06 18:55:10.305299+00
7k798hv1wecen8wgi09ikq4mt54zaepg	Njc3MDkyMTgwNDk1YzZlZmQ0YmUxNTM1M2E4MDNlMTcxZGI4NTFmMTqAAn1xAVgKAAAAdGVzdGNvb2tpZXECWAYAAAB3b3JrZWRxA3Mu	2015-05-06 19:00:11.31294+00
3bi23v8784ctzc7bcmgyl033ohv35lo4	Njc3MDkyMTgwNDk1YzZlZmQ0YmUxNTM1M2E4MDNlMTcxZGI4NTFmMTqAAn1xAVgKAAAAdGVzdGNvb2tpZXECWAYAAAB3b3JrZWRxA3Mu	2015-05-09 14:42:51.553847+00
dgm7ekhpo4da4a43clc1ymg54n7do2js	Njc3MDkyMTgwNDk1YzZlZmQ0YmUxNTM1M2E4MDNlMTcxZGI4NTFmMTqAAn1xAVgKAAAAdGVzdGNvb2tpZXECWAYAAAB3b3JrZWRxA3Mu	2015-05-09 14:47:59.240776+00
emtz23fw5nd29496gdet7i2t7f9yw7l4	Njc3MDkyMTgwNDk1YzZlZmQ0YmUxNTM1M2E4MDNlMTcxZGI4NTFmMTqAAn1xAVgKAAAAdGVzdGNvb2tpZXECWAYAAAB3b3JrZWRxA3Mu	2015-05-10 09:10:28.634237+00
2rqjww04amy5rerz1jxq3fwuychce24j	Njc3MDkyMTgwNDk1YzZlZmQ0YmUxNTM1M2E4MDNlMTcxZGI4NTFmMTqAAn1xAVgKAAAAdGVzdGNvb2tpZXECWAYAAAB3b3JrZWRxA3Mu	2015-05-10 13:46:40.510336+00
njiky7l8g3bp48vhpojy7oi8fcmnpstb	Njc3MDkyMTgwNDk1YzZlZmQ0YmUxNTM1M2E4MDNlMTcxZGI4NTFmMTqAAn1xAVgKAAAAdGVzdGNvb2tpZXECWAYAAAB3b3JrZWRxA3Mu	2015-05-10 14:04:27.201019+00
cm1y2xqcu93ix72sbs3hhhbplw69n3wt	Njc3MDkyMTgwNDk1YzZlZmQ0YmUxNTM1M2E4MDNlMTcxZGI4NTFmMTqAAn1xAVgKAAAAdGVzdGNvb2tpZXECWAYAAAB3b3JrZWRxA3Mu	2015-05-10 14:22:11.27072+00
ex7th54n52ncg80c3z7mjapwn89j2zwa	Njc3MDkyMTgwNDk1YzZlZmQ0YmUxNTM1M2E4MDNlMTcxZGI4NTFmMTqAAn1xAVgKAAAAdGVzdGNvb2tpZXECWAYAAAB3b3JrZWRxA3Mu	2015-05-10 23:44:21.691109+00
m5jj20g3g45b4zvp1o4xy1x3zlxdbr4l	Njc3MDkyMTgwNDk1YzZlZmQ0YmUxNTM1M2E4MDNlMTcxZGI4NTFmMTqAAn1xAVgKAAAAdGVzdGNvb2tpZXECWAYAAAB3b3JrZWRxA3Mu	2015-05-11 01:29:14.34732+00
7rv2euxhp92wed4nzrthjbc2243irgbo	MzA0YTg1NDBhN2UyMDBjODdmYTM3NGU0ZjJlN2MyNzYxZGY1MTRjYTqAAn1xAShVEl9hdXRoX3VzZXJfYmFja2VuZHECVSlkamFuZ28uY29udHJpYi5hdXRoLmJhY2tlbmRzLk1vZGVsQmFja2VuZHEDVQ1fYXV0aF91c2VyX2lkcQRLBnUu	2015-05-11 14:19:26.881586+00
qicer3dante7lbggbjyqkyg46w44antw	Njc3MDkyMTgwNDk1YzZlZmQ0YmUxNTM1M2E4MDNlMTcxZGI4NTFmMTqAAn1xAVgKAAAAdGVzdGNvb2tpZXECWAYAAAB3b3JrZWRxA3Mu	2015-05-14 10:00:00.743382+00
oovxynt6xlpl10s2xgnpg5n4cf3c44uw	Njc3MDkyMTgwNDk1YzZlZmQ0YmUxNTM1M2E4MDNlMTcxZGI4NTFmMTqAAn1xAVgKAAAAdGVzdGNvb2tpZXECWAYAAAB3b3JrZWRxA3Mu	2015-05-15 08:37:09.71603+00
ya15cjl2uknd677ew5t3og94m8cgcsew	Njc3MDkyMTgwNDk1YzZlZmQ0YmUxNTM1M2E4MDNlMTcxZGI4NTFmMTqAAn1xAVgKAAAAdGVzdGNvb2tpZXECWAYAAAB3b3JrZWRxA3Mu	2015-05-15 12:43:35.502924+00
2jfx6m16womkdigtkv8e7xr06pazmzlb	Njc3MDkyMTgwNDk1YzZlZmQ0YmUxNTM1M2E4MDNlMTcxZGI4NTFmMTqAAn1xAVgKAAAAdGVzdGNvb2tpZXECWAYAAAB3b3JrZWRxA3Mu	2015-05-16 07:54:52.70893+00
r9j35ysyntm0bnr2bt0bej5fn6ty7o2l	Njc3MDkyMTgwNDk1YzZlZmQ0YmUxNTM1M2E4MDNlMTcxZGI4NTFmMTqAAn1xAVgKAAAAdGVzdGNvb2tpZXECWAYAAAB3b3JrZWRxA3Mu	2015-05-16 18:33:11.113331+00
fmf7hv7ojivyxtvhc19ir5wf6yhpehis	Njc3MDkyMTgwNDk1YzZlZmQ0YmUxNTM1M2E4MDNlMTcxZGI4NTFmMTqAAn1xAVgKAAAAdGVzdGNvb2tpZXECWAYAAAB3b3JrZWRxA3Mu	2015-05-17 02:16:30.48273+00
dtvpaq3ywzwztx9rstl9y6e6ygeuxs9a	Njc3MDkyMTgwNDk1YzZlZmQ0YmUxNTM1M2E4MDNlMTcxZGI4NTFmMTqAAn1xAVgKAAAAdGVzdGNvb2tpZXECWAYAAAB3b3JrZWRxA3Mu	2015-05-17 04:16:55.927198+00
xn6w2cnwxors1til6y5exqwtddhpmjql	Njc3MDkyMTgwNDk1YzZlZmQ0YmUxNTM1M2E4MDNlMTcxZGI4NTFmMTqAAn1xAVgKAAAAdGVzdGNvb2tpZXECWAYAAAB3b3JrZWRxA3Mu	2015-05-17 04:42:31.728449+00
ldc4pjb6tv6n2tsa1uhtvsicbl962ecc	Njc3MDkyMTgwNDk1YzZlZmQ0YmUxNTM1M2E4MDNlMTcxZGI4NTFmMTqAAn1xAVgKAAAAdGVzdGNvb2tpZXECWAYAAAB3b3JrZWRxA3Mu	2015-05-17 04:47:26.58937+00
a1yy1ew0sc8ep2wph3qhbe2ab5u1f0mv	MzA0YTg1NDBhN2UyMDBjODdmYTM3NGU0ZjJlN2MyNzYxZGY1MTRjYTqAAn1xAShVEl9hdXRoX3VzZXJfYmFja2VuZHECVSlkamFuZ28uY29udHJpYi5hdXRoLmJhY2tlbmRzLk1vZGVsQmFja2VuZHEDVQ1fYXV0aF91c2VyX2lkcQRLBnUu	2015-05-17 06:08:40.489715+00
fnw622anc95fkoge35754sdfct7vqskt	NmI4MGNmMzQ2N2VhZmRhMjI0ZWQzMGFmZTEyMjlmNTA5MWYyNDkxMTqAAn1xAS4=	2015-05-17 07:38:36.577031+00
wfzqzstecw0tkgd8ko1jyiyxxn55tk8z	ZDZjMTIwOTYyYjZiNTVmNzQwODZhYjFhNTM2OWQxMTRjNjQ0OTBkMjqAAn1xAShVEl9hdXRoX3VzZXJfYmFja2VuZHECVSlkamFuZ28uY29udHJpYi5hdXRoLmJhY2tlbmRzLk1vZGVsQmFja2VuZHEDVQ1fYXV0aF91c2VyX2lkcQRLI3Uu	2015-05-18 09:37:01.098357+00
es64o22f2jfi6vxrt2v2np1a5iu56vsy	MzA0YTg1NDBhN2UyMDBjODdmYTM3NGU0ZjJlN2MyNzYxZGY1MTRjYTqAAn1xAShVEl9hdXRoX3VzZXJfYmFja2VuZHECVSlkamFuZ28uY29udHJpYi5hdXRoLmJhY2tlbmRzLk1vZGVsQmFja2VuZHEDVQ1fYXV0aF91c2VyX2lkcQRLBnUu	2015-05-18 19:32:36.271152+00
stnv4ql1mrwe58m8nlt6a4c3eblzqkf8	Njc3MDkyMTgwNDk1YzZlZmQ0YmUxNTM1M2E4MDNlMTcxZGI4NTFmMTqAAn1xAVgKAAAAdGVzdGNvb2tpZXECWAYAAAB3b3JrZWRxA3Mu	2015-05-19 15:34:04.661371+00
0oesh43khys1g6xrzmwjbpeexhh6r8y2	Njc3MDkyMTgwNDk1YzZlZmQ0YmUxNTM1M2E4MDNlMTcxZGI4NTFmMTqAAn1xAVgKAAAAdGVzdGNvb2tpZXECWAYAAAB3b3JrZWRxA3Mu	2015-05-19 15:36:56.837322+00
pidnuf2ecpro7rfjwy3lwqs6n6pcvw25	Njc3MDkyMTgwNDk1YzZlZmQ0YmUxNTM1M2E4MDNlMTcxZGI4NTFmMTqAAn1xAVgKAAAAdGVzdGNvb2tpZXECWAYAAAB3b3JrZWRxA3Mu	2015-05-19 16:28:16.646768+00
rh2fbv9ffsrz3krm11m9juc9kd8z9iip	Njc3MDkyMTgwNDk1YzZlZmQ0YmUxNTM1M2E4MDNlMTcxZGI4NTFmMTqAAn1xAVgKAAAAdGVzdGNvb2tpZXECWAYAAAB3b3JrZWRxA3Mu	2015-05-21 03:24:07.102165+00
lxrk2c52shmxu8z3as3lg5edomvrrdjp	Njc3MDkyMTgwNDk1YzZlZmQ0YmUxNTM1M2E4MDNlMTcxZGI4NTFmMTqAAn1xAVgKAAAAdGVzdGNvb2tpZXECWAYAAAB3b3JrZWRxA3Mu	2015-05-21 03:24:07.30645+00
a0c4pq8yl8up9n9gksbwga28infpihkt	Njc3MDkyMTgwNDk1YzZlZmQ0YmUxNTM1M2E4MDNlMTcxZGI4NTFmMTqAAn1xAVgKAAAAdGVzdGNvb2tpZXECWAYAAAB3b3JrZWRxA3Mu	2015-05-21 03:24:09.97567+00
s7bais22o29wpftdfv3znmlg7lukwa67	Njc3MDkyMTgwNDk1YzZlZmQ0YmUxNTM1M2E4MDNlMTcxZGI4NTFmMTqAAn1xAVgKAAAAdGVzdGNvb2tpZXECWAYAAAB3b3JrZWRxA3Mu	2015-05-21 03:25:03.826236+00
8bukde7c341khg6e5z4lm9e6i7dvq5hm	Njc3MDkyMTgwNDk1YzZlZmQ0YmUxNTM1M2E4MDNlMTcxZGI4NTFmMTqAAn1xAVgKAAAAdGVzdGNvb2tpZXECWAYAAAB3b3JrZWRxA3Mu	2015-05-21 03:25:07.608686+00
3qohv4cvi7h77sxlyrz5pdsaigoesirp	Njc3MDkyMTgwNDk1YzZlZmQ0YmUxNTM1M2E4MDNlMTcxZGI4NTFmMTqAAn1xAVgKAAAAdGVzdGNvb2tpZXECWAYAAAB3b3JrZWRxA3Mu	2015-05-21 03:25:09.106874+00
rid5fv2a1czebvrfwub9frdxaiqbp2zw	Njc3MDkyMTgwNDk1YzZlZmQ0YmUxNTM1M2E4MDNlMTcxZGI4NTFmMTqAAn1xAVgKAAAAdGVzdGNvb2tpZXECWAYAAAB3b3JrZWRxA3Mu	2015-05-21 03:25:09.203568+00
vkeb9o1lp0p3rzfreiivs787bjyvxsfb	Njc3MDkyMTgwNDk1YzZlZmQ0YmUxNTM1M2E4MDNlMTcxZGI4NTFmMTqAAn1xAVgKAAAAdGVzdGNvb2tpZXECWAYAAAB3b3JrZWRxA3Mu	2015-05-21 03:25:09.279242+00
e8q0977f1whg8agfvf1kq2ncrgjwh0zx	Njc3MDkyMTgwNDk1YzZlZmQ0YmUxNTM1M2E4MDNlMTcxZGI4NTFmMTqAAn1xAVgKAAAAdGVzdGNvb2tpZXECWAYAAAB3b3JrZWRxA3Mu	2015-05-21 03:25:15.235036+00
02mfpjnp0vp7nwl0qu1bjy9xxatle6x9	Njc3MDkyMTgwNDk1YzZlZmQ0YmUxNTM1M2E4MDNlMTcxZGI4NTFmMTqAAn1xAVgKAAAAdGVzdGNvb2tpZXECWAYAAAB3b3JrZWRxA3Mu	2015-05-21 03:25:15.342038+00
u90wfuo2q8oaj3uo2rxmed5wqdlksmdq	Njc3MDkyMTgwNDk1YzZlZmQ0YmUxNTM1M2E4MDNlMTcxZGI4NTFmMTqAAn1xAVgKAAAAdGVzdGNvb2tpZXECWAYAAAB3b3JrZWRxA3Mu	2015-05-21 03:25:15.442024+00
xq7haysi0v1y9smppl24r97xu8aqj9cy	Njc3MDkyMTgwNDk1YzZlZmQ0YmUxNTM1M2E4MDNlMTcxZGI4NTFmMTqAAn1xAVgKAAAAdGVzdGNvb2tpZXECWAYAAAB3b3JrZWRxA3Mu	2015-05-21 03:25:15.673924+00
7hqkxikbpqmtup4sla7063ytay1gtmg9	Njc3MDkyMTgwNDk1YzZlZmQ0YmUxNTM1M2E4MDNlMTcxZGI4NTFmMTqAAn1xAVgKAAAAdGVzdGNvb2tpZXECWAYAAAB3b3JrZWRxA3Mu	2015-05-21 03:25:15.76994+00
wji7grhurjo3sr9kna1wdmbnfxrjomcy	Njc3MDkyMTgwNDk1YzZlZmQ0YmUxNTM1M2E4MDNlMTcxZGI4NTFmMTqAAn1xAVgKAAAAdGVzdGNvb2tpZXECWAYAAAB3b3JrZWRxA3Mu	2015-05-21 03:25:15.864692+00
pgnvpmjq38edt4ekebiecjvjwq1r8gip	Njc3MDkyMTgwNDk1YzZlZmQ0YmUxNTM1M2E4MDNlMTcxZGI4NTFmMTqAAn1xAVgKAAAAdGVzdGNvb2tpZXECWAYAAAB3b3JrZWRxA3Mu	2015-05-21 03:25:16.817626+00
0h6p5ng2b5qeedd78vqgt3palppdyi18	Njc3MDkyMTgwNDk1YzZlZmQ0YmUxNTM1M2E4MDNlMTcxZGI4NTFmMTqAAn1xAVgKAAAAdGVzdGNvb2tpZXECWAYAAAB3b3JrZWRxA3Mu	2015-05-21 15:52:33.1527+00
40iaq70gdi60a7z18why31k7i3qvt6l2	Njc3MDkyMTgwNDk1YzZlZmQ0YmUxNTM1M2E4MDNlMTcxZGI4NTFmMTqAAn1xAVgKAAAAdGVzdGNvb2tpZXECWAYAAAB3b3JrZWRxA3Mu	2015-05-21 16:43:06.394292+00
dzze4x0d8gci7bbo0crip5amux3w7uci	Njc3MDkyMTgwNDk1YzZlZmQ0YmUxNTM1M2E4MDNlMTcxZGI4NTFmMTqAAn1xAVgKAAAAdGVzdGNvb2tpZXECWAYAAAB3b3JrZWRxA3Mu	2015-05-21 17:43:27.931301+00
1pex4ujr5d2rhm5kpp5ql3kgwq2fa8e9	Njc3MDkyMTgwNDk1YzZlZmQ0YmUxNTM1M2E4MDNlMTcxZGI4NTFmMTqAAn1xAVgKAAAAdGVzdGNvb2tpZXECWAYAAAB3b3JrZWRxA3Mu	2015-05-21 17:47:42.088818+00
2u8ok69ko5karz48g5d1skz5odae95g8	Njc3MDkyMTgwNDk1YzZlZmQ0YmUxNTM1M2E4MDNlMTcxZGI4NTFmMTqAAn1xAVgKAAAAdGVzdGNvb2tpZXECWAYAAAB3b3JrZWRxA3Mu	2015-05-21 18:42:48.953484+00
62944y5lr78hlbeyx3gx5bguje50csyu	Njc3MDkyMTgwNDk1YzZlZmQ0YmUxNTM1M2E4MDNlMTcxZGI4NTFmMTqAAn1xAVgKAAAAdGVzdGNvb2tpZXECWAYAAAB3b3JrZWRxA3Mu	2015-05-21 20:20:57.346972+00
39m34gtl7uiyhins9mm8l38dtrxsm5rd	Njc3MDkyMTgwNDk1YzZlZmQ0YmUxNTM1M2E4MDNlMTcxZGI4NTFmMTqAAn1xAVgKAAAAdGVzdGNvb2tpZXECWAYAAAB3b3JrZWRxA3Mu	2015-05-21 20:22:26.011221+00
i5yevgyrmos5prx4moivpqhdxpj09wft	Njc3MDkyMTgwNDk1YzZlZmQ0YmUxNTM1M2E4MDNlMTcxZGI4NTFmMTqAAn1xAVgKAAAAdGVzdGNvb2tpZXECWAYAAAB3b3JrZWRxA3Mu	2015-05-21 21:02:15.292891+00
x46453fq634e7s97lgqywktt0j7e7w9w	Njc3MDkyMTgwNDk1YzZlZmQ0YmUxNTM1M2E4MDNlMTcxZGI4NTFmMTqAAn1xAVgKAAAAdGVzdGNvb2tpZXECWAYAAAB3b3JrZWRxA3Mu	2015-05-21 21:47:22.733867+00
3vvugvbdn9ojp7g707eggeehw2atdbdw	Njc3MDkyMTgwNDk1YzZlZmQ0YmUxNTM1M2E4MDNlMTcxZGI4NTFmMTqAAn1xAVgKAAAAdGVzdGNvb2tpZXECWAYAAAB3b3JrZWRxA3Mu	2015-05-22 02:58:24.302894+00
iz2afg0nu2b39coph7v5mrjyj7gxgzc8	Njc3MDkyMTgwNDk1YzZlZmQ0YmUxNTM1M2E4MDNlMTcxZGI4NTFmMTqAAn1xAVgKAAAAdGVzdGNvb2tpZXECWAYAAAB3b3JrZWRxA3Mu	2015-05-22 03:02:27.781415+00
qeaghp7miw3qxthynmuc9zgjbx5eehef	Njc3MDkyMTgwNDk1YzZlZmQ0YmUxNTM1M2E4MDNlMTcxZGI4NTFmMTqAAn1xAVgKAAAAdGVzdGNvb2tpZXECWAYAAAB3b3JrZWRxA3Mu	2015-05-22 03:02:29.831525+00
zdp9ptmmezu29278r9a6cypdxgtcnkou	Njc3MDkyMTgwNDk1YzZlZmQ0YmUxNTM1M2E4MDNlMTcxZGI4NTFmMTqAAn1xAVgKAAAAdGVzdGNvb2tpZXECWAYAAAB3b3JrZWRxA3Mu	2015-05-22 05:47:26.422396+00
kawgnhselx63wwendszum1ekkifeem9c	Njc3MDkyMTgwNDk1YzZlZmQ0YmUxNTM1M2E4MDNlMTcxZGI4NTFmMTqAAn1xAVgKAAAAdGVzdGNvb2tpZXECWAYAAAB3b3JrZWRxA3Mu	2015-05-22 19:34:34.038717+00
zibdnf4km0dcz3vk2hgf6d8hfkwxgybi	Njc3MDkyMTgwNDk1YzZlZmQ0YmUxNTM1M2E4MDNlMTcxZGI4NTFmMTqAAn1xAVgKAAAAdGVzdGNvb2tpZXECWAYAAAB3b3JrZWRxA3Mu	2015-05-22 19:39:36.345878+00
tast6n3jz9lbni7jrktczoxwdeandhh6	Njc3MDkyMTgwNDk1YzZlZmQ0YmUxNTM1M2E4MDNlMTcxZGI4NTFmMTqAAn1xAVgKAAAAdGVzdGNvb2tpZXECWAYAAAB3b3JrZWRxA3Mu	2015-05-23 19:42:46.648778+00
ve66amjujo9r2g7p1ftj1d45e720otbu	Njc3MDkyMTgwNDk1YzZlZmQ0YmUxNTM1M2E4MDNlMTcxZGI4NTFmMTqAAn1xAVgKAAAAdGVzdGNvb2tpZXECWAYAAAB3b3JrZWRxA3Mu	2015-05-23 20:37:29.899583+00
nthnipg6hjbzv3hbh8sennyn4a2h26vu	Njc3MDkyMTgwNDk1YzZlZmQ0YmUxNTM1M2E4MDNlMTcxZGI4NTFmMTqAAn1xAVgKAAAAdGVzdGNvb2tpZXECWAYAAAB3b3JrZWRxA3Mu	2015-05-24 03:18:03.77068+00
79mptcjz177gtqax6ec55pmrl0ta0vmb	Njc3MDkyMTgwNDk1YzZlZmQ0YmUxNTM1M2E4MDNlMTcxZGI4NTFmMTqAAn1xAVgKAAAAdGVzdGNvb2tpZXECWAYAAAB3b3JrZWRxA3Mu	2015-05-24 03:55:51.915629+00
lxr7vd5hitbfcbxtje3aefjij8hganty	Njc3MDkyMTgwNDk1YzZlZmQ0YmUxNTM1M2E4MDNlMTcxZGI4NTFmMTqAAn1xAVgKAAAAdGVzdGNvb2tpZXECWAYAAAB3b3JrZWRxA3Mu	2015-05-24 04:17:44.523266+00
va5auolsbqlnle9k1hedcq0f5fbeuea6	Njc3MDkyMTgwNDk1YzZlZmQ0YmUxNTM1M2E4MDNlMTcxZGI4NTFmMTqAAn1xAVgKAAAAdGVzdGNvb2tpZXECWAYAAAB3b3JrZWRxA3Mu	2015-05-24 04:42:37.310933+00
casvdx18421y4jvxgmlgpc5o64lt88a4	Njc3MDkyMTgwNDk1YzZlZmQ0YmUxNTM1M2E4MDNlMTcxZGI4NTFmMTqAAn1xAVgKAAAAdGVzdGNvb2tpZXECWAYAAAB3b3JrZWRxA3Mu	2015-05-24 05:22:31.781637+00
2yvdacwom3n3p0getlefg1a8h3x535yy	Njc3MDkyMTgwNDk1YzZlZmQ0YmUxNTM1M2E4MDNlMTcxZGI4NTFmMTqAAn1xAVgKAAAAdGVzdGNvb2tpZXECWAYAAAB3b3JrZWRxA3Mu	2015-05-24 14:29:33.363721+00
2rnwftlat5lo7sn2oxc8b867zhj0b0dp	Njc3MDkyMTgwNDk1YzZlZmQ0YmUxNTM1M2E4MDNlMTcxZGI4NTFmMTqAAn1xAVgKAAAAdGVzdGNvb2tpZXECWAYAAAB3b3JrZWRxA3Mu	2015-05-24 14:34:35.311486+00
pq3mhdvdz9q4caczx9c94nu2wf0lira3	Njc3MDkyMTgwNDk1YzZlZmQ0YmUxNTM1M2E4MDNlMTcxZGI4NTFmMTqAAn1xAVgKAAAAdGVzdGNvb2tpZXECWAYAAAB3b3JrZWRxA3Mu	2015-05-25 19:59:05.43742+00
dloj5t3bdaa2cmqn5nrlot1iqt5vlayx	Njc3MDkyMTgwNDk1YzZlZmQ0YmUxNTM1M2E4MDNlMTcxZGI4NTFmMTqAAn1xAVgKAAAAdGVzdGNvb2tpZXECWAYAAAB3b3JrZWRxA3Mu	2015-05-26 00:17:52.752705+00
hx875kccaey13rnnl3x8po9t9icswo7q	NWU4YjgyZTgzODRhZjFiMTBlNjE3ZTczMDc2MmY5NGU3ZjgwNzhjZTqAAn1xAShYDwAAAF9zZXNzaW9uX2V4cGlyeXECSoBTOwBVEl9hdXRoX3VzZXJfYmFja2VuZHEDVSlkamFuZ28uY29udHJpYi5hdXRoLmJhY2tlbmRzLk1vZGVsQmFja2VuZHEEVQ1fYXV0aF91c2VyX2lkcQVLAXUu	2015-06-26 12:43:46.310761+00
ksox7qkpajhp9611iqhm9j20wwma8c11	Njc3MDkyMTgwNDk1YzZlZmQ0YmUxNTM1M2E4MDNlMTcxZGI4NTFmMTqAAn1xAVgKAAAAdGVzdGNvb2tpZXECWAYAAAB3b3JrZWRxA3Mu	2015-05-26 16:02:32.996181+00
\.


--
-- Data for Name: issues_issue; Type: TABLE DATA; Schema: public; Owner: oc_yaniv
--

COPY issues_issue (id, active, community_id, created_at, created_by_id, title, abstract, content, calculated_score, order_in_upcoming_meeting, length_in_minutes, uid, completed, status, is_published, order_by_votes, confidential_reason_id, is_confidential) FROM stdin;
12	t	2	2013-11-24 10:52:10.800801+00	2	האם להשתמש ב"קהילה פתוחה"	\N	\N	0	\N	60	kc18t6d8a8iy8g0l6trr9yc2	t	4	t	9999	\N	f
3	t	1	2013-10-24 21:20:52.217655+00	2	הצעה חדשה	\N	\N	0	2	\N	nuh3fdzkeqe6wydc8gmccgtb	f	1	t	1	\N	f
8	f	1	2013-11-16 16:31:27.185779+00	2	נושא שאני אמחק. האם יצא בסיכום??	אוי ואווי לו.	\N	0	8	\N	odra5yuztbx1gg04xz0el427	f	2	f	2	\N	f
18	t	1	2013-12-15 11:49:19.796601+00	2	טיפול בסופות שלגים	\N	\N	0	\N	\N	taxffojqz51zhbe91umf7jh3	t	4	t	4	\N	f
1	t	1	2013-10-23 21:01:22.260273+00	1	איפה רואים את המשחק	רקע לפגישה חשובה מאוד	\N	0	3	60	t7bn9ozys5d0l5q30uz9hsau	f	1	t	5	\N	f
2	t	1	2013-10-24 20:53:01.975521+00	2	נושא חדש בבוט	\N	\N	0	\N	10	h7kzc0hh9nopr26xkoqp0w2d	t	4	t	7	\N	f
5	t	1	2013-11-04 20:08:38.086354+00	2	נושא ריק	\N	\N	0	1	\N	db5k75wslhxhvrqss84fh74h	f	1	t	9	\N	f
16	t	1	2013-12-15 04:21:47.998098+00	2	רביעי עצרת	\N	\N	0	\N	\N	ukefg6bu77tn6s2lt5jnllm3	t	4	t	16	\N	f
20	t	4	2013-12-31 14:14:08.955785+00	2	דגכדגכ	דגכדגכדגכדגכ	\N	0	1	\N	5tecj5697vm5wirblvb7sslm	f	2	f	9999	\N	f
14	t	2	2013-11-24 10:53:40.348852+00	2	sdfsd	sdfsdfsdfsdfsdf	\N	0	0	\N	6q6ut72k4lf2ocyzq8kqwsw3	f	2	f	9999	\N	f
13	t	2	2013-11-24 10:53:07.995896+00	2	 האם לכבות טלפונים בפגישות ועד?	\N	\N	0	1	15	xhej6yw1rwfln9t0l1tlpllg	f	2	t	9999	\N	f
4	t	1	2013-10-27 10:45:35.470331+00	2	דגכ	\N	\N	0	\N	240	9eug2o88duzhuqjmmb926mi9	t	4	t	13	\N	f
19	t	1	2013-12-16 18:19:56.083497+00	2	נושא שעולה פעם ראשונה	\N	\N	0	\N	20	cq546nrng46bmojp692pji3i	t	4	t	14	\N	f
32	t	6	2014-02-20 21:35:56.416275+00	2	Auditorium Shores Improvement Project final design	After intensive work the team submitted the final design that addressed the complains of the neighbors.	\N	0	7	\N	9jle8hpt5rz99gepkdw8kr1b	f	2	f	9999	\N	f
22	t	1	2014-01-15 10:55:08.081351+00	2	נושא קצר שסוגרים בצ'יק	\N	\N	0	\N	\N	11p3xbkb1m3umfypgznms6jv	t	4	t	9999	\N	f
21	t	1	2014-01-05 07:20:17.009927+00	2	נושא שנולד כרגע והשם שלו קצת ארוך כזה. קורה. 	\N	\N	0	\N	\N	hragyhc9r73a7oyqauo88txg	t	4	t	10	\N	f
31	t	6	2014-02-20 21:28:54.187081+00	2	 Recording City's Municipal Court proceedings	in order to reduce its cost, the court requested to move to digital recording.	\N	0	6	\N	twi4ojkhktq949etyvjjh7yp	f	2	f	9999	\N	f
27	t	6	2014-02-20 13:59:02.902796+00	16	Rebate for the installation of energy efficient equipment	\N		0	10	\N	vjbby1tb21krhfixrlj81fbz	f	1	t	9999	\N	f
30	t	6	2014-02-20 16:16:09.702658+00	16	Conversion of City-owned land to dedicated parkland 			0	9	\N	gbdat2rbxa1vida0pemydac4	f	1	t	9999	\N	f
24	t	4	2014-01-24 14:55:56.839814+00	2	דגכדגכ		\N	0	9999	\N	5z4039hq1z8h6xe587klhxoq	f	1	f	9999	\N	f
23	t	3	2014-01-24 14:55:36.882426+00	2	דגכדגכ		\N	0	1	\N	nwiacuoxk0z5u0p0ie0ohcdz	f	2	f	9999	\N	f
28	t	6	2014-02-20 16:00:35.570132+00	22	Incentives for the generation of solar energy at companies facilities	\N		0	\N	\N	9zlu9m4lm13cmoe8jn43v7a2	t	4	t	9999	\N	f
29	t	6	2014-02-20 16:05:31.58867+00	18	Reappraisal of properties affected by the floods	\N		0	\N	\N	g3oqk3q9s7ti8zevkp3eqnbb	t	4	t	9999	\N	f
25	t	5	2014-02-16 23:29:31.423714+00	2	Changing the ball to a cube	Playing with a cube may be much mor interesting, especially when it comes to curve balls (well, cubes.)	\N	0	1	0	0righr86g0sf9ukhm3r147zr	f	2	f	9999	\N	f
26	t	1	2014-02-18 08:52:57.238726+00	1	Test	\N	\N	0	22	0	i9amfu33f92jvxr9mlyhew1z	f	1	t	9999	\N	f
36	f	6	2015-03-01 13:00:18.067481+00	6	כותרת נושא		\N	0	11	\N	ruqrr3k403514w1nv7qu222p	f	2	f	0	\N	f
37	t	2	2015-03-01 13:05:28.495436+00	6	חבר מוסיף נושא חדש?		\N	0	2	\N	53v1o6qmmhleprmmbfxydzr3	f	2	f	0	\N	f
6	t	1	2013-11-04 21:11:01.235359+00	2	איך אני בסאפרי?	\N	\N	0	24	9	229cq2fe9uy7hxwnboo8wwic	f	1	t	3	\N	f
38	f	6	2015-03-07 10:53:22.677583+00	6	new		\N	0	13	\N	3nod5t56v8d5kvxhssbrckvz	f	1	f	0	\N	f
34	t	1	2015-02-26 15:40:08.51831+00	6	test		\N	0	16	\N	xqtlv65mm6fkvxt8wuiguyjr	f	1	f	0	\N	f
10	t	1	2013-11-22 07:57:30.913445+00	2	סדר הצעות	\N	\N	0	0	\N	vvwuje8wtv11ijxczuow0nm9	t	4	t	12	\N	f
43	t	1	2015-04-01 09:48:40.657468+00	6	נושא ללא הצעות החלטה	\N	\N	0	2	\N	5hutv51uldtn18892tdirsdh	f	2	t	0	\N	f
17	t	1	2013-12-15 10:34:37.985876+00	2	שלום ובניו	\N	\N	0	24	\N	dk6xmravj7hxnz6rauttkyoh	f	1	t	11	\N	f
39	t	1	2015-03-09 19:11:19.166823+00	3	asasdasdasd		\N	0	24	\N	dqurkb1w6dw9a5v1fkht93sh	f	1	f	0	\N	f
15	t	1	2013-12-15 04:14:34.237093+00	2	נסיון שלישי	רק רקע. מה השמע?	\N	0	18	\N	sh37na4ly4s8ne0z1xl4cdxx	f	1	f	6	\N	f
7	t	1	2013-11-16 16:20:43.453198+00	2	נושא עם הערות	\N	\N	0	1	115	y1pinozptk0fudw3xwdgjyqi	t	4	t	8	\N	f
9	t	1	2013-11-17 08:37:07.788496+00	2	נושא חדש חדש. דנדש	\N	\N	0	24	\N	7irk6f69mf03mxs5st1ve7dy	f	1	t	15	\N	f
11	t	1	2013-11-22 11:09:19.85484+00	2	נסיון שני של שמעוני	\N	\N	0	2	25	0peuaeio9je3oldcesuexg5z	t	4	t	0	\N	f
35	t	1	2015-02-26 16:03:13.962623+00	6	נושא חדש		\N	0	21	\N	b18c3qp6gdec4701xxm2moqv	f	1	f	0	\N	f
33	f	1	2014-12-13 22:03:34.036292+00	1	בדיקה של טיעונים	סתם רקע	\N	0	10	\N	7knt6vmv1x5rk3crxprfb43y	f	2	f	0	\N	f
40	t	1	2015-03-09 19:11:28.279643+00	2	נושא לאודי		\N	0	24	\N	5wdjgsmeyodsm8e86kp09xm8	f	1	f	0	\N	f
41	t	1	2015-04-01 09:20:29.779544+00	6	נושא ראשון לבדיקה אחרונה	\N	\N	0	4	\N	rjcv7fw5bcb4mngt8gi1e4y8	f	2	t	0	\N	f
42	t	1	2015-04-01 09:20:42.443974+00	6	עוד נושא לוודא שהפיצ'ר הזה עובד סבבה	\N	\N	0	1	\N	82clk4yg8fgak9z4i3looyx8	f	2	t	0	\N	f
44	t	1	2015-04-01 09:51:07.801867+00	6	נושא עם נוהל כהצעת החלטה	\N	\N	0	3	\N	looleywjy3ez7mftk31gfc12	f	2	t	0	\N	f
50	t	1	2015-04-11 10:38:06.79372+00	6	נושא חדש		\N	0	5	\N	hzznfa6lgab1sk6dosgmzg67	f	2	f	0	\N	f
57	t	1	2015-04-21 06:01:22.99331+00	1	בדיקת באג בפרודקשיין		\N	0	25	\N	ukozmlnyehfmjej3xx9jkhye	f	2	f	0	\N	f
59	t	2	2015-04-28 14:04:46.388284+00	6	נושא		\N	0	3	\N	qo7k4r5jdwdubvndrd56d62r	f	2	f	0	\N	f
55	t	7	2015-04-19 09:15:36.936177+00	2	nhhn		\N	0	12	\N	kt2jww13mhy18l8yg4rk619x	f	1	f	0	\N	f
45	t	7	2015-04-01 09:57:18.117233+00	6	נושא ראשון לבדיקה אחרונה	\N	\N	0	12	\N	jnoqayfkkga7hrc75qpc8jes	f	1	t	0	\N	f
48	t	7	2015-04-01 10:03:36.590159+00	6	נושא עם נוהל כהצעת החלטה	\N	\N	0	12	\N	34wzadv1flwch9ensqegbz7w	f	1	t	0	\N	f
53	t	7	2015-04-13 17:34:24.518945+00	2	למה זה עושה refresh כשמוסיפים נושא? שיהיה	\N	\N	0	12	\N	9en8elt2ru8bllxns5dw839a	f	1	t	0	\N	f
51	t	1	2015-04-13 17:29:59.147824+00	2	נושא חדש חדיש ומחודש	צריך להחליט מה עושים עם ריאן	\N	0	0	\N	35ivrzde1yva2dwpu444o6tz	f	2	f	0	\N	f
49	t	7	2015-04-01 11:54:40.212016+00	6	נושא חדש שנוסף תוך כדי הפגישה	\N	\N	0	12	\N	wiju545j82f3hvqpgbfua4ol	f	1	t	0	\N	f
46	t	7	2015-04-01 09:58:53.1301+00	6	עוד נושא לוודא שהפיצ'ר הזה עובד סבבה	\N	\N	0	12	\N	9l2arenqx3ssw278s3ukmee0	f	1	t	0	\N	f
47	t	7	2015-04-01 10:02:19.779699+00	6	נושא ללא הצעות החלטה	\N	\N	0	12	\N	qt9wrqn6rst7vr4ph4rbx3uj	f	1	t	0	\N	f
52	t	7	2015-04-13 17:34:05.975799+00	2	נושא של בועז.		\N	0	12	\N	ts3kgw1vq2l8onyq5ucoxes6	f	1	t	0	\N	f
54	t	7	2015-04-14 16:16:24.687933+00	6	נושא חדדדש		\N	0	0	\N	ori6u1sus9ogu2lu6pf6xoj8	f	2	f	0	20	t
58	t	7	2015-04-27 14:41:47.278543+00	6	מה עושים עם המגרש הריק מאחורי הספריה?	<div>המגרש עומד ריק מאז שהצריף נהרס לפני שנתיים. הוחלט לצרף את המגרש לשטח בית ספר והועלו מספר אפשרויות לשימוש במגרש.</div><br>	\N	0	1	\N	daegi30pr7o6kyeoavcrpdxj	f	2	f	0	\N	f
56	t	7	2015-04-20 16:34:43.516285+00	6	ביטוח סיעודי לחברי הקיבוץ	לפי הוראת המפקח על הביטוח, החל מה-31/12/2013 מפסיקים הביטוחים הסיעודיים \nהקיבוציים. הוראה זו מחייבת לגבש פתרון אחר להבטחת הסיעוד לחברים – וותיקים\n וחדשים כאחד.<br>	\N	0	2	\N	jxq9tpekp7swhnybjmife9jm	f	2	f	0	\N	f
\.


--
-- Name: issues_issue_id_seq; Type: SEQUENCE SET; Schema: public; Owner: oc_yaniv
--

SELECT pg_catalog.setval('issues_issue_id_seq', 59, true);


--
-- Data for Name: issues_issueattachment; Type: TABLE DATA; Schema: public; Owner: oc_yaniv
--

COPY issues_issueattachment (id, uid, issue_id, file, title, active, ordinal, created_at, created_by_id, agenda_item_id) FROM stdin;
1	qg4gv9nflqkmexay9i5lmw66	1	ihqdbmnb7gcny0sdmhbdaag0/t7bn9ozys5d0l5q30uz9hsau/1_84123216.doc	מסמך חשוב	t	\N	2013-10-23 21:02:12.203178+00	1	\N
2	j9mlmhag8a0q3oavdkvxek9t	2	ihqdbmnb7gcny0sdmhbdaag0/h7kzc0hh9nopr26xkoqp0w2d/צילום_מסך_2013.10.22_ב.12.23.33.png	ניסיון	t	\N	2013-10-24 20:54:38.013529+00	2	\N
4	m97xa6pyczhejwze9rjxk8kt	2	ihqdbmnb7gcny0sdmhbdaag0/h7kzc0hh9nopr26xkoqp0w2d/צילום_מסך_2013.10.22_ב.12.23.33_1.png	בעיה עם עברית?	t	\N	2013-10-24 20:56:06.713412+00	2	\N
5	1o6htlbvcauw57g63jplux9n	5	ihqdbmnb7gcny0sdmhbdaag0/db5k75wslhxhvrqss84fh74h/barkayma.png	בר קימא	t	\N	2013-11-04 20:13:38.204436+00	2	\N
8	ew96vx5q6ga6nf99mhoizqe3	32	5pah79bfzhsknnnqszv2ht9z/9jle8hpt5rz99gepkdw8kr1b/צילום_מסך_2014.02.12_ב.10.13.42.png	Final design	t	\N	2014-02-20 21:39:14.293074+00	2	\N
7	cqexpamyf8uolaiag4t50425	11	ihqdbmnb7gcny0sdmhbdaag0/0peuaeio9je3oldcesuexg5z/867.pdf	שלום	t	\N	2013-12-12 09:20:18.994888+00	2	108
\.


--
-- Name: issues_issueattachment_id_seq; Type: SEQUENCE SET; Schema: public; Owner: oc_yaniv
--

SELECT pg_catalog.setval('issues_issueattachment_id_seq', 8, true);


--
-- Data for Name: issues_issuecomment; Type: TABLE DATA; Schema: public; Owner: oc_yaniv
--

COPY issues_issuecomment (id, issue_id, active, ordinal, created_at, created_by_id, version, last_edited_at, last_edited_by_id, content, uid, meeting_id) FROM stdin;
39	22	t	\N	2014-01-15 10:55:17.952012+00	2	1	2014-01-15 10:55:17.952058+00	\N	אכן, דיון פשוט	am2lvdzdry94b7l40hb851w9	24
5	1	t	\N	2013-11-04 20:17:09.044899+00	2	1	2013-11-04 20:17:09.044943+00	\N	<p>ואילו כששמים קישור <a href="http://www.google.com" rel="nofollow">www.google.com</a></p>\n<p> </p>	1ucsuqmssqujw6d7ycwwuzid	2
3	4	t	\N	2013-11-04 20:05:47.434642+00	2	1	2013-11-04 20:05:47.434686+00	\N	<p>דגכדגכ</p>	rs8kqmlkxudejku302yv1pdr	2
4	2	f	\N	2013-11-04 20:06:24.955105+00	2	1	2013-11-04 20:06:24.95515+00	\N	<p>וכשמוסיפים הערה זה מתרחב?</p>	gmvuo5ayrsuyt2zdtc6r5gq4	2
6	2	f	\N	2013-11-05 09:50:12.244+00	2	1	2013-11-05 09:50:12.244046+00	\N	<p>הערה היסטורית</p>	mph2mww6l96bq7c0vparww7n	\N
20	1	t	\N	2013-11-19 08:14:12.781678+00	3	1	2013-11-19 08:14:12.78172+00	\N	<ol><li>asdfdsf</li><li>asdf</li><li>ads</li><li>fas</li><li>f</li></ol>	auszgyppgx2pf75g1o277dw1	7
21	1	t	\N	2013-11-19 08:14:23.074232+00	3	1	2013-11-19 08:14:23.074276+00	\N	<ul><li>sadasdas</li><li>dasd</li><li>sa</li><li>dsa</li><li>d</li></ul>	6d96s027g0f54z1p47pi5b6n	7
19	7	t	\N	2013-11-17 09:28:19.042276+00	2	1	2013-11-17 09:28:19.042323+00	\N	האם תמיד &lt;u&gt;קו תחתי &lt;/u&gt;יוצר בעיות?<br>&lt;u&gt;וכשהוא כל השורה?&lt;/u&gt;<br>וכשהוא &lt;u&gt;קודם&lt;/u&gt; ורק<b> אז בולד</b>?<br>יש הבדל אם זה &lt;u&gt;מילה&lt;/u&gt; אחת או &lt;u&gt;שתי מילים&lt;/u&gt; ?	wlwicumk212pb0vx9jxmx89d	7
9	1	t	\N	2013-11-06 10:41:43.775531+00	2	1	2013-11-06 10:41:43.775576+00	\N	הערה למטה?\n	cjcgulgeiqev4jmteel2wjxd	3
8	5	t	\N	2013-11-06 10:40:13.564798+00	2	1	2013-11-06 10:40:13.564843+00	\N	יש פה הערה	3av7x5zbt4foboweg5jxro2e	3
10	5	t	\N	2013-11-13 04:26:35.991433+00	2	1	2013-11-13 04:26:35.991481+00	\N	ייחגג יעכ<br>מהעח <br>מנהימנמ	ulyuogilxvbyemch86myzzvd	3
11	5	t	\N	2013-11-13 04:26:36.012896+00	2	2	2013-11-13 04:28:15.613156+00	2	ייחגג יעכ<br>מממנה  <br>מנהימנמ	8lpldf8d9qkipgd0j6zmbj9c	3
12	5	t	\N	2013-11-13 04:27:34.858085+00	2	2	2013-11-13 04:29:03.649035+00	2	&lt;u&gt;יהכעננמהבעצ&lt;/u&gt;<br>מנה<br><span>החנהמניחממני<br></span>נננהה<br><br>כשרני עורך מה קורה?	wy5c2nfv46sz4l8pxh5r2v6m	3
13	5	t	\N	2013-11-13 04:32:51.342007+00	2	1	2013-11-13 04:32:51.342053+00	\N	<ol><li>רשימה ממוספרת</li></ol>	xn6cb8e3zdjuid3979cz6wni	3
14	5	t	\N	2013-11-13 04:33:22.650793+00	2	1	2013-11-13 04:33:22.650839+00	\N	עוד רשימה ממוספרת:<br><ol><li>אחד</li><li>שתיים</li><li>שלוש</li></ol>	qggnvbahvg01jojxqdnenuxz	3
15	5	t	\N	2013-11-13 04:33:44.658269+00	2	1	2013-11-13 04:33:44.658315+00	\N	ורשימה ללא מספרים:<br><ul><li>אחד</li><li>שתיים</li><li>שלוש</li></ul>	crkw84l3o88bgc9kcso69dym	3
7	2	t	\N	2013-11-05 09:50:46.693588+00	2	2	2013-11-05 09:51:00.703619+00	2	<p>הערה היסטורית 2 מתוקנת</p>	st1jpa2zujbw2fq1av5zl7zz	3
16	7	t	\N	2013-11-16 16:21:22.645878+00	2	1	2013-11-16 16:21:22.645931+00	\N	הערה מספר 1	zmu6vwk392mbrb2ufvtav5y3	5
18	6	t	\N	2013-11-17 08:47:38.970293+00	2	2	2013-11-17 08:47:52.379973+00	2	סיכום פגישה. חסר לו שלא יופיע. ברור?	5jyzqsj3sin1vwicbojjth7k	6
17	7	t	\N	2013-11-16 16:22:20.373141+00	2	1	2013-11-16 16:22:20.373184+00	\N	הערה מספר 2	hz3dhaqkz13mbk2t3k3mxr09	6
23	13	t	\N	2013-11-24 11:01:32.492831+00	2	1	2013-11-24 11:01:32.492879+00	\N	ךלחדגכ ךלח ך ךלחעךלח 	8et20ksw3jeoxltp5dguzpmm	10
22	12	t	\N	2013-11-24 11:00:49.831138+00	2	1	2013-11-24 11:00:49.831184+00	\N	ךףשלדח <br>ךשלדחגכ <br>ךףלחשדגכ	5mr55oysn34eussft6af9dhn	10
35	13	t	\N	2013-12-30 19:35:02.633554+00	2	1	2013-12-30 19:35:02.6336+00	\N	טוב, זה מופיע רק ליו"ר אז לא נורא. שיסתדר.<br>הצבעים האלה הם הסופיים?	1y57p4sl9vb3wtx421ob20sm	20
24	11	t	\N	2013-12-12 09:38:48.014968+00	2	1	2013-12-12 09:38:48.015014+00	\N	שלום וברכה	h3we7x3m9pez6q8kvcv1fmmd	15
25	16	f	\N	2013-12-15 04:48:00.800031+00	2	1	2013-12-15 04:48:00.800076+00	\N	היתה שיחה מצוינת	wkklyahkook1zbcp3s4qvcdb	15
26	16	f	\N	2013-12-15 04:49:01.735231+00	2	1	2013-12-15 04:49:01.735276+00	\N	איפה הסיכום איפה?	pdo2cxhfxxo3hmsv9nmiq1ec	15
27	16	t	\N	2013-12-15 04:50:06.950328+00	2	1	2013-12-15 04:50:06.950388+00	\N	י	9vlo4laq8ef97usn8kbfqgq5	15
28	1	t	\N	2013-12-17 08:48:47.397272+00	2	1	2013-12-17 08:48:47.39733+00	\N	זהו, נסגר.	t7yxuyarmdjrph8c9uhm8lyi	\N
30	3	f	\N	2013-12-18 11:39:14.400208+00	2	1	2013-12-18 11:39:14.400277+00	\N	<ol><li></li></ol>	6448d7c6rv2noh07zlm977g4	\N
29	3	f	\N	2013-12-18 11:38:59.778062+00	2	1	2013-12-18 11:38:59.778109+00	\N	וכ	wf2ikih5ijv938h2ll98rx5w	\N
31	3	t	\N	2013-12-18 11:41:10.38344+00	2	1	2013-12-18 11:41:10.383487+00	\N	עלום<br><br>	6eomzza8nxxh0v9u6pn1omad	\N
32	5	t	\N	2013-12-18 11:43:22.871781+00	2	1	2013-12-18 11:43:22.871827+00	\N	עעע	j0nn6sx0dqasy2n83xs4zxcd	\N
34	18	t	\N	2013-12-24 08:48:09.70144+00	2	1	2013-12-24 08:48:09.701486+00	\N	היה קר אבל קיבלנו החלטה.	7s2fddrp09n5irtzyo3ubncz	19
33	9	t	\N	2013-12-23 16:21:39.376801+00	2	1	2013-12-23 16:21:39.37685+00	\N	שלוום	eldyje4vqi8c61bm90j1iax0	19
36	13	t	\N	2013-12-30 19:36:00.813347+00	2	1	2013-12-30 19:36:00.813398+00	\N	פגישה מצויינת. <br>האם ברור איך היא נראית למטה?	evego0hhtuqdnd0w231f1chm	21
37	13	t	\N	2013-12-30 19:38:11.393659+00	2	1	2013-12-30 19:38:11.393709+00	\N	סוף סוף החלטנו. מצוין.<br>יוסף התנגד אבל פוצצנו אותו במכות וזה חיסל את ההתנגדות (ואת יוסף)	egsy9b5aajfkmflnt9me3e10	22
1	4	f	\N	2013-11-04 19:58:18.689369+00	2	1	2013-11-04 19:58:18.689415+00	\N	<p>איך מופיעה ההערה?</p>\n<p> </p>	z77vonbfcousm4byik0errr4	23
2	4	f	\N	2013-11-04 20:04:46.857549+00	2	1	2013-11-04 20:04:46.857595+00	\N	<p>דגכדגכ</p>\n<p>דגכ</p>	cn4j6y6sqmljk517gly4lsbc	23
38	19	t	\N	2014-01-01 22:08:32.888929+00	2	1	2014-01-01 22:08:32.888976+00	\N	וכבר בפעם הראשונה הוא דרמתי. ומושך תשומת לב.<br>ממש סנסציוני.<br>וטוב שהבנו אותו.	stl774vtsxkdj7me2ctgajhg	23
45	30	t	\N	2014-02-20 19:32:08.129156+00	2	1	2014-02-20 19:32:08.129213+00	\N	<p>&gt;&gt;Riley: Some of you may not be familiar with winnebago lane. It's a rather obscure street. It's in southeast austin, runs  the short road running east‐west south of burleson road south of ben white, and this is a 9.4‐acre parcel, which is part of the missouri‐pacific industrial park. And I just wanted to ask a few questions about it. Is there some  somebody from parks here who could help me with this? I see ricardo approaching. I notice in the backup that there is  that the staff does mention that this is  that the southeast portion of the city contains one of the highest densities in the city, with more multi‐family residential developments being planned in the future, which makes it sound like a great place for a park. Unfortunately, though, this park is one that won't really be very accessible to most of those residents. In fact, when you look at the map it's hard to find a way that anybody would actually get to this park within  at least for those south of ben white. Even for those homes that back up to the park, those folks would need to  would not have access to the park because access would be strictly off of winnebago lane, and actually getting up to the park would entail going down to  taking a rather circuitous route, to st. Elmo, to t todd lane, to  it's a couple miles even for the neighbors that are adjacent. There are no  first I want to applaud staff for their continuing efforts to identity good spots for parks. We especially need that especially in southeast austin, and we also have a particular need for dog parks, and I understand there's been some discussion about placing a dog park in this location, but I just have some questions about placing this park in a heavily industrial area at this time. First thing I want to ask about that  well, ricardo, have you  are there residents  the memo mentions that there are multi‐family residential developments being planned in the future. Are you saying that there are multi‐family residential developments within this immediate area, right around the park that have  that would have direct access to the park?   </p>\n<p>&gt;&gt;Council member, to the south there's multi‐family development.  </p>\n<p>&gt;&gt;Riley: How far along pleasant valley, oh, not even an eighth of the mile to the south. I can show you that here.  </p>\n<p>&gt;&gt;Riley: Yeah, could you?  </p>\n<p>&gt;&gt;Just to orient the council, ben white is  71 is here. St. Elmo is here. Pleasant valley hits todd lane just about  just about right  right here. So st. Elmo has multi‐family development along  along  on the southern side of st. Elmo. Pleasant valley has multi‐family along   </p>\n<p>&gt;&gt;riley: On that map could you show me how a resident in one of those multi‐family developments would access this park?  </p>\n<p>&gt;&gt;Certainly. Right now I think you're correct that this  the plan for  to use this property is landlocked from the south. One opportunity that we would want to look at in a future acquisition of this piece of property here that abuts st. Elmo, and we'd like to pursue this with recreational easement along this tract here that we could  we could access the property on the southern end.  </p>\n<p>&gt;&gt;Riley: So when I asked the original question of where this park  where the access to this park would be, the written answer I got from staff was that the access would be off of winnebago lane. Is that accurate?   </p>\n<p>&gt;&gt;Today that would be correct. I think this would be something that we would like to pursue in the future, to have better access from the south and from the multi‐family developments.  </p>\n<p>&gt;&gt;Riley: And so have we looked at the costs for acquiring that land?  </p>\n<p>&gt;&gt;We're doing that right now, council member. One of the  one of the challenges that we h with  share, as you know, we've had our experience in trying to locate an [inaudible] sharing an existing park and that has caused quite a bit of discussion, quite a bit of problems in trying to do that. This particular location, we were really looking at an off‐leash area that will be regional‐based where we could look at a variety of amenities that we could put on the property that would attract people from five miles away as well as neighborhoods from the north, along mabel davis area and along pleasant valley to the south.  </p>\n<p>&gt;&gt;Riley: Thinking in terms of a regional park, so not necessarily just to serve the area to the south. And by the way, I would note that the neighborhood to the south does have a neighborhood park already, franklin park, just  just south of here. Did we look at the possibility of placing a dog park in franklin park?  </p>\n<p>&gt;&gt;That's always a possibility for us to take a look at that. For that neighborhood itself. This one in particular we were looking at a more regional type of attraction.  </p>\n<p>&gt;&gt;Riley: What is the zoning on that tract?  </p>\n<p>&gt;&gt;It's li today.  </p>\n<p>&gt;&gt;Is a park a permitted use in li zoning?  </p>\n<p>&gt;&gt;We would  we would have to come back with a plan amendment and a rezoning for this piece of property as we move forward with development.  </p>\n<p>&gt;&gt;Riley: Is that a no?   </p>\n<p>&gt;&gt;No that would be a no.  </p>\n<p>&gt;&gt;Riley: So we would not be able to use this as a park currently?  </p>\n<p>&gt;&gt;Today, right, we would come back with a zoning   </p>\n<p>&gt;&gt;riley: Rezoning process is typically a decision‐making process. When we go through that process, having already dedicated it as parkland, won't the decision already be made? I mean, it's very difficult once land is dedicated as parkland, the only way that can be undone is by vote of the citizens of austin; isn't that correct?  </p>\n<p>&gt;&gt;That's correct. It would be used  it would be used as a park  I mean, it would be in our inventory for a park once it gets dedicated.  </p>\n<p>&gt;&gt;Riley: But if for instance we were  if we decided for some reason, as a rezoning process, suppose we were to decide not to allow that, then it would just  what would happen then? It would be dedicated parkland, cannot be used for anything else and yet that use wouldn't be allowed.  </p>\n<p>&gt;&gt;That's correct.  </p>\n<p>&gt;&gt;Riley: So why wouldn't we do the zoning process prior to our  or at the same time as dedicating it as parkland?  </p>\n<p>&gt;&gt;Actually, you know, we could come back and do the rezoning and the plan amendment. One of the reasons behind this is that in applying for zoning, we wanted to be the managers of the property, so we could work with the planning commission on SPECIFIC COs OR Conditions, and we wanted to really be the managers of that property. So that's one of the reasons why we would come to the council today to have that authority to do that.  </p>\n<p>&gt;&gt;Riley: Has this been presented to the parks board?  </p>\n<p>&gt;&gt;No, sir, we've  we've talked about  we're looking at possibilities near mabel davis for future off‐leash areas buff not but not this piece of property.  </p>\n<p>&gt;&gt;That has been the subject of  I suspect the parks board would be interested in it. I did speak with my own parks board appointee and he said, yes, they're very interested in this issue and would be  would love to have the opportunity to discuss this acquisition, which, as I've noted, would be a permanent acquisition. I mean  well, not an  once it's dedicated as parkland, it is done. It is  it is not only expenditure of $225,000, but it is an ongoing commitment to maintain that as a parkland,and obviously as you mentioned there would be additional costs in the event that we wanted to acquire additional lands to the south to allow access from those neighborhoods. So with all that said, council, I would move that we ask that it be  that we postpone this item and ask that it be presented to the parks board before it comes back to us.</p>	1djkwosffwfmt2zk9p145rdz	26
42	27	t	\N	2014-02-20 18:04:57.315547+00	2	1	2014-02-20 18:04:57.315592+00	\N	Mr Jones have presented the documentation.<span></span>	ki32zyzunao9j1oc5dx6k4ro	26
41	28	t	\N	2014-02-20 18:02:14.314845+00	2	1	2014-02-20 18:02:14.314901+00	\N	Tovo: Crystal Mountian has a standing debt and should not get any incentives before its covered.<br><span>Morrison: We should not link debt and incentives, debt collection should be done according to the procedures.</span><span></span><br>	crq37nre4wam7g7h1l7ds536	26
43	29	t	\N	2014-02-20 19:01:43.33127+00	2	1	2014-02-20 19:01:43.331341+00	\N	Mrs. Vildru demonstrated the depreciation on a preliminary survey of properties. <span></span>	eslc6kkibncrcsdcwmeah379	26
40	10	t	\N	2014-02-12 10:29:42.644388+00	2	1	2014-02-12 10:29:42.644433+00	\N	good morning<br>How are you <b>today</b> <u>baby</u>?<br><br>	2qui384y8baa2mma8u9yzctc	29
46	11	t	\N	2015-02-15 10:32:23.382252+00	2	1	2015-02-15 10:32:23.382298+00	\N	דגכדגכלשחףךלשחדגףךלח שךףדלחכ ךףדשח דגכדגכלשחףךלשחדגףךלח שךףדלחכ ךףדשח דגכדגכלשחףךלשחדגףךלח שךףדלחכ ךףדשח דגכדגכלשחףךלשחדגףךלח שךףדלחכ ךףדשח דגכדגכלשחףךלשחדגףךלח שךףדלחכ ךףדשח דגכדגכלשחףךלשחדגףךלח שךףדלחכ ךףדשח דגכדגכלשחףךלשחדגףךלח שךףדלחכ ךףדשח דגכדגכלשחףךלשחדגףךלח שךףדלחכ ךףדשח דגכדגכלשחףךלשחדגףךלח שךףדלחכ ךףדשח דגכדגכלשחףךלשחדגףךלח שךףדלחכ ךףדשח דגכדגכלשחףךלשחדגףךלח שךףדלחכ ךףדשח 	89fnd5ar4jnfzv5gpryxxtza	\N
47	10	t	\N	2015-02-26 18:31:24.54534+00	6	1	2015-02-26 18:31:24.545382+00	\N	סיכום הפגישה לבדיקת שמירה אוטומטית<br>	5w2b0pzblqeolvg6ngtka5gm	\N
48	10	t	\N	2015-02-26 18:31:29.140718+00	6	1	2015-02-26 18:31:29.140764+00	\N	סיכום הפגישה לבדיקת שמירה אוטומטית<br>	apb1dcvjpwd1x95zteie2uad	\N
49	10	t	\N	2015-02-26 18:31:34.200019+00	6	1	2015-02-26 18:31:34.200065+00	\N	סיכום הפגישה לבדיקת שמירה אוטומטית<br>	rdbpjo4se0ez2uixusp149kv	\N
50	10	t	\N	2015-02-26 18:31:35.599856+00	6	1	2015-02-26 18:31:35.599901+00	\N	סיכום הפגישה לבדיקת שמירה אוטומטית<br>	tbeyk15k3ki9eb6kzl81x26x	\N
51	10	t	\N	2015-02-26 18:31:36.66293+00	6	1	2015-02-26 18:31:36.662973+00	\N	סיכום הפגישה לבדיקת שמירה אוטומטית<br>	9b8n0tbf1p737rtaod85a6n7	\N
52	7	t	\N	2015-03-02 19:04:43.401525+00	6	1	2015-03-02 19:04:43.401569+00	\N	לילי יחי<br>	eww5at719w1t6i4dffwz1ieh	\N
53	7	t	\N	2015-03-02 19:04:46.240415+00	6	1	2015-03-02 19:04:46.240461+00	\N	לילי יחי<br>	dy4d69xi0r5auukad8w6chse	\N
54	10	t	\N	2015-03-06 09:50:49.085776+00	1	1	2015-03-06 09:50:49.085866+00	\N	בדיקת שמירה אוטומטית 	d3g5q41c1m46urhj8z9i1x0n	\N
55	33	t	\N	2015-03-06 11:19:02.280403+00	6	1	2015-03-06 11:19:02.280456+00	\N	ככ	omag37fp7rfa6icg1cmbkrp0	\N
81	56	f	\N	2015-04-20 16:44:34.677712+00	6	1	2015-04-20 16:44:34.677769+00	\N	ןיילחילחע	0gx25o12bl2erpcimeawcftr	\N
77	52	t	\N	2015-04-14 06:24:29.824158+00	6	1	2015-04-14 06:24:29.824201+00	\N	סיכום קצר. <br>	8ajl7c77xhlxxxsgx69v8lth	37
67	49	t	\N	2015-04-13 17:24:04.143612+00	6	1	2015-04-13 17:24:04.143663+00	\N	בדיקת שמירה<br>	b5vqjg6lhzurjw6vdwlezxvl	37
68	49	t	\N	2015-04-13 18:06:23.972946+00	1	1	2015-04-13 18:06:23.972992+00	\N	בדיקה של יניב	9ev7dslcpuvlmofiirnyovxh	37
69	49	t	\N	2015-04-13 18:07:19.061133+00	6	1	2015-04-13 18:07:19.061178+00	\N	בדיקה של אהרן עוד בדיקה של אהרן לבדוק שהגרסה נשמרת.	zc2msai780mb1323c9v4hhkk	37
60	41	t	\N	2015-04-04 18:43:16.997381+00	1	1	2015-04-04 18:43:16.997425+00	\N	בדיקה לראות עם זה שומר אוטומטית, לבינתיים נראה תקין	f5aeha5i9bjf63cmvdmjbf8p	31
61	41	f	\N	2015-04-11 09:33:46.54769+00	6	1	2015-04-11 09:33:46.547734+00	\N	עוד בדיקה.<br>	thv0l3cgbbro2026fu3k144v	31
62	41	f	\N	2015-04-11 09:33:49.426975+00	6	1	2015-04-11 09:33:49.427018+00	\N	עוד בדיקה.<br>	aixggjhn2p3w0hvps1t5nf4w	31
63	41	f	\N	2015-04-11 09:34:51.562574+00	6	1	2015-04-11 09:34:51.562618+00	\N	למה אני מסתבך עם זה? לא מבין מה קורה פה.<br>	8krrqxn584o22s936sm9dna6	31
64	44	t	\N	2015-04-11 09:38:21.48146+00	6	1	2015-04-11 09:38:21.481507+00	\N	עובד?	2l9wfqr3ii84gf4ruj8q3n1a	31
56	48	t	\N	2015-04-01 11:58:44.526043+00	6	1	2015-04-01 11:58:44.526093+00	\N	הוספת הערת סיכום לבדיקת שמירה ידנית.<br>	9ikktzvxouu2op4b39s00l09	32
57	48	f	\N	2015-04-01 11:58:50.701084+00	6	1	2015-04-01 11:58:50.701136+00	\N	הוספת הערת סיכום לבדיקת שמירה ידנית.<br>	w8zwiwbhx4hpyb1cxmtq3ebk	32
58	48	f	\N	2015-04-01 11:58:54.150931+00	6	1	2015-04-01 11:58:54.15097+00	\N	הוספת הערת סיכום לבדיקת שמירה ידנית.<br>	baxb8pvwbxeat73hphsyil1p	32
59	48	t	\N	2015-04-01 12:00:53.918716+00	6	1	2015-04-01 12:00:53.918791+00	\N	בדיקה	a8wmtwou6bemepw1cnfu8t3u	32
65	48	t	\N	2015-04-13 17:11:07.252964+00	6	1	2015-04-13 17:11:07.253036+00	\N	סיכום	vwnh98hiox1hhm73l1qdpmch	35
66	48	t	\N	2015-04-13 17:11:13.083598+00	6	1	2015-04-13 17:11:13.083641+00	\N	סיכום	lqwb8l0obwtr50ulb4tfdcod	35
70	49	t	\N	2015-04-13 18:08:06.024639+00	6	1	2015-04-13 18:08:06.024692+00	\N	בדיקה עם כפתור שמור.	nsui8zi0brbgagog4dw6s33u	37
71	49	t	\N	2015-04-13 18:08:06.579292+00	6	1	2015-04-13 18:08:06.579343+00	\N	בדיקה עם כפתור שמור. 	lwat9e49rvh1lndd63pbhj8u	37
72	49	t	\N	2015-04-13 18:09:20.510314+00	1	1	2015-04-13 18:09:20.510362+00	\N	בדיקה של יניב	qclegsjhzdgw586ng7yn6kqd	37
73	49	t	\N	2015-04-13 18:10:53.756241+00	6	1	2015-04-13 18:10:53.756301+00	\N	בדיקה של אהרן עוד בדיקה של אהרן לבדוק שהגרסה נשמרת.<br>	74a555o6wy5ix0nszwf81l8x	37
74	49	t	\N	2015-04-14 06:22:52.89389+00	6	1	2015-04-14 06:22:52.893945+00	\N	סיכום הפגישה עובד טוב? קודם כל, מה קורה עם השמירה האוטומטית?<br>	qeyj5neavaiysl6flhx5agwy	37
75	49	t	\N	2015-04-14 06:22:58.743082+00	6	1	2015-04-14 06:22:58.743132+00	\N	סיכום הפגישה עובד טוב? קודם כל, מה קורה עם השמירה האוטומטית?<br>	jmu6hwiei54u7gszu5rhvcpz	37
76	49	t	\N	2015-04-14 06:23:57.196493+00	6	1	2015-04-14 06:23:57.196534+00	\N	אולי הפעם סוף סוף. נראה שזה עובד!<br>	mbjxr1ai4ukutk6731yllix1	37
78	54	t	\N	2015-04-19 16:26:57.25155+00	6	1	2015-04-19 16:26:57.251592+00	\N	סיכום הדיון בנושא לבדיקת שמירה אוטומטית.<br>	b3h8xma8h84c7o2c72dw3qao	\N
79	54	t	\N	2015-04-19 16:27:50.308457+00	6	1	2015-04-19 16:27:50.308498+00	\N	ועכשיו שוב.<br>	ora7ycnx73ahz2k29c8di366	\N
80	56	f	\N	2015-04-20 16:44:15.956777+00	6	1	2015-04-20 16:44:15.956818+00	\N	לללללל	mndxtu4xob5d7qa6tigcljr7	\N
\.


--
-- Name: issues_issuecomment_id_seq; Type: SEQUENCE SET; Schema: public; Owner: oc_yaniv
--

SELECT pg_catalog.setval('issues_issuecomment_id_seq', 81, true);


--
-- Data for Name: issues_issuecommentrevision; Type: TABLE DATA; Schema: public; Owner: oc_yaniv
--

COPY issues_issuecommentrevision (id, comment_id, version, created_at, created_by_id, content) FROM stdin;
1	7	1	2013-11-05 09:51:00.698244+00	2	<p>הערה היסטורית 2</p>
2	11	1	2013-11-13 04:28:15.612259+00	2	ייחגג יעכ<br>מהעח <br>מנהימנמ
3	12	1	2013-11-13 04:29:03.64811+00	2	&lt;u&gt;יהכעננמהבעצ&lt;/u&gt;<br><b>מנה</b><br><ol><li>החנה</li><li><b>מניח</b></li><li>ממני</li><li><br></li></ol>נננהה<br><br>
4	18	1	2013-11-17 08:47:52.379004+00	2	סיכום פגישה. חסר לו שלא יופיע.
\.


--
-- Name: issues_issuecommentrevision_id_seq; Type: SEQUENCE SET; Schema: public; Owner: oc_yaniv
--

SELECT pg_catalog.setval('issues_issuecommentrevision_id_seq', 6, true);


--
-- Data for Name: issues_issuerankingvote; Type: TABLE DATA; Schema: public; Owner: oc_yaniv
--

COPY issues_issuerankingvote (id, voted_by_id, issue_id, rank) FROM stdin;
22	2	6	0
23	2	7	1
24	2	1	2
25	2	3	3
26	2	5	4
27	1	21	0
28	1	17	1
29	1	10	2
30	1	4	3
\.


--
-- Name: issues_issuerankingvote_id_seq; Type: SEQUENCE SET; Schema: public; Owner: oc_yaniv
--

SELECT pg_catalog.setval('issues_issuerankingvote_id_seq', 30, true);


--
-- Data for Name: issues_proposal; Type: TABLE DATA; Schema: public; Owner: oc_yaniv
--

COPY issues_proposal (id, issue_id, active, created_at, created_by_id, type, title, content, assigned_to, assigned_to_user_id, due_by, uid, status, decided_at_meeting_id, votes_pro, votes_con, community_members, task_completed, register_board_votes, confidential_reason_id, is_confidential) FROM stdin;
13	1	t	2013-11-14 19:44:11.878281+00	2	3	באוסליבן			\N	\N	65edh39mwqha9uy60vddz4kp	2	4	0	0	4	f	f	\N	f
43	18	t	2013-12-15 11:49:58.17747+00	2	2	בכל ארוע מזג אויר קיצוני יוקם מטה תפעול בצרכניה	בפיקודו של ירון זהבי		\N	\N	5nrj6f85g6xpomkpn6ekgpg5	3	18	1	1	4	f	f	\N	f
6	2	t	2013-10-31 12:06:32.020659+00	2	3	הצעת החלטה לצורך משאל	<p>הכוללת את כל המידע הנדרש ומוכנה לשילוח</p>		\N	\N	5w1ktm291m82jh72tbxkxwac	1	\N	\N	\N	\N	f	f	\N	f
7	2	t	2013-11-04 20:02:35.336351+00	2	2	לא יוגדרו יותר נהלים	<p>ממחר.</p>		\N	\N	ofbrnqdp5mizak5qa6q2m6da	1	\N	\N	\N	\N	f	f	\N	f
2	2	t	2013-10-24 20:53:01.978708+00	2	3	וגם הצעת החלטה. הללויה	<p>האם זה באמת עובד, תן בכיף.</p>		\N	2013-10-31	7cfw7svrzn4welb9bh3fku7y	3	2	\N	\N	\N	f	f	\N	f
14	1	t	2013-11-15 14:49:30.85863+00	2	3	האם אפשר לבטל החלטות שאושרו?			\N	\N	60qvs3vhsi2adkido42be9iw	1	\N	1	1	6	f	f	\N	f
10	5	t	2013-11-13 04:45:22.774856+00	2	1	אם הוספתי הצעה אחרי ההצבעה שלא יהיה 0. 	ג<br>ג<br>ג<br>ג<br>ג<br>ג<br>ג<br>ג<br><br>ג<br>ג<br>גג<br><br>ג<br>ג<br>ג<br>גג<br><br>גג<br>ג<br>ג<br><br>	שלומי	\N	\N	luxxmio30ozkdzx3x0h49m0x	3	3	\N	\N	\N	f	f	\N	f
9	5	t	2013-11-13 04:40:57.616928+00	2	2	ימותו הקנאים או 	&lt;div class=" wysiwyg-text-align-right"&gt;או שלפחות ישברו רגל&lt;/div&gt;		\N	\N	uflirb91scx69nmuisyqq725	2	3	\N	\N	\N	f	f	\N	f
45	18	t	2013-12-15 12:05:16.407566+00	2	3	אישור רכישת גנרטור נייד	נחבר אותו לטרקטור ונוכל להביא חשמל למנותקים.<br>עלות משוערת - 20,000 ₪		\N	\N	f7890od2wtfz4h6wdn1y64ze	1	\N	0	1	6	f	f	\N	f
59	27	t	2014-02-20 21:18:27.39285+00	2	3	Rebate to US Farathane Corporation, not to exceed $70,498	<div>Approve issuance of a rebate to US Farathane Corporation, for the installation of energy efficient equipment at its facility located at 820 W. Howard Lane, Austin, Texas 78753, in an amount not to exceed $70,498</div>		\N	\N	ccoceln6bdhmdvfd91wlpaf3	1	\N	0	0	7	f	f	\N	f
3	3	t	2013-10-24 21:20:52.220143+00	2	3	אוף דורש הזנה.			\N	\N	iedjlv3zynytp4gxiwdkkuvf	1	\N	1	1	6	f	f	\N	f
12	3	t	2013-11-14 10:53:01.353052+00	5	3	פתרון לבעיה #1			\N	\N	dyuit64nghkbtumm1xx9j9kb	1	\N	1	1	6	f	f	\N	f
5	4	t	2013-10-28 19:20:29.305707+00	2	3	dfgdfgd	<p>dfgdfg</p>		\N	\N	0vj5japyse2t1zaq7vbylgq8	3	23	2	1	6	f	f	\N	f
8	1	t	2013-11-04 20:07:41.146099+00	2	1	דגכדגכ	<p>דגכדגכדג</p>	דגכדגכדגכ	\N	2013-11-29	nqiy0ezmihy96cj66e7t2cx4	2	3	0	0	4	f	f	\N	f
49	19	t	2014-01-01 22:07:40.991+00	2	3	הצעה הצעתית. כזו שאי אפשר לסרב לה	ומי שמסרב מצטער.<br>במיוחד בגלל המכות והשברים, אבל גם בגלל שהוא באמת מבין שהוא לא היה בסדר.		\N	\N	uy9b50kra9g3wwvp4j5bc2c3	3	23	\N	\N	\N	f	f	\N	f
1	1	t	2013-10-23 21:01:22.264928+00	1	1	לקנות פיצוחים	<p>מכל הסוגים</p>\n<ul>\n<li>שחורים</li>\n<li>פיסטוק</li>\n<li>שקדים</li>\n<li>בוטנים</li>\n</ul>	בועז חן	\N	2013-10-25	75rh095tcwqf647f4azgikxv	2	1	0	0	4	f	f	\N	f
53	27	t	2014-02-20 13:59:02.905781+00	2	3	Rebate EDR Austin LLC, not to exceed $170,705			\N	\N	0xtwrpqrnsgra9etyyqbivju	2	26	0	0	7	f	f	\N	f
55	28	t	2014-02-20 16:03:07.079234+00	2	3	Agreement with Woodmark  Apartments for solar energy incentives	<div>Authorize negotiation and execution of an agreement with Woodmark </div><div>Apartments, to provide a performance-based incentive for the generation of solar energy at its facility located at 1735 Rutland Drive, Austin, Texas, for an estimated $24,645 per year, for a total amount not to exceed $246,450 over a 10-year period. </div>		\N	\N	3p053l5nflghr9dw6rohqemg	2	26	0	0	7	f	f	\N	f
57	30	t	2014-02-20 16:16:09.70555+00	2	3	Authorize the conversion 4700 Winnebago Lane to dedicated parkland	<div>and the execution of an instrument evidencing the conversion of the property to parkland for recordation in the official public records of Travis County, Texas</div>		\N	\N	tu47uesiz2dnikp1z0etv2m5	1	\N	0	0	7	f	f	\N	f
51	21	t	2014-01-15 11:17:58.819367+00	2	1	משהו שעדיין פתוח	אגיע אליו מתישהו	בועז חן	2	2014-02-01	1p96lsv7f8e2swefp3w6ci1a	2	25	0	0	6	t	f	\N	f
61	32	t	2014-02-20 21:35:56.41949+00	2	3	Approve the final design of the Auditorium Shores Improvement Project. 			\N	\N	4s9snivlnow54izt3a6awtms	1	\N	0	1	9	f	f	\N	f
60	31	t	2014-02-20 21:28:54.190271+00	2	2	The City's Municipal Court can record  proceedings before the court	<div>As allowed by the Texas Government Code, instead of providing a court reporter</div>		\N	\N	6cp6yxtmazoo7bo79npp6ioe	1	\N	2	1	9	f	f	\N	f
63	10	t	2014-03-26 09:14:20.567857+00	25	3	sdfsdf			\N	\N	8s17598ou3iyqkqmrflxmo1b	2	\N	0	0	12	f	f	\N	f
18	6	t	2013-11-19 07:53:11.128722+00	2	3	בדיקה תוך כדי			\N	\N	32p88npc24zi5iridnj9gz6g	3	7	0	0	4	f	f	\N	f
17	7	t	2013-11-17 13:55:10.008633+00	2	3	הצעה שנוספה פתאום			\N	\N	t61r6oj7iftgsdpw2s62ifmi	1	\N	1	2	14	f	f	\N	f
16	7	t	2013-11-17 08:34:10.942533+00	2	3	להוסיף הצעה			\N	\N	5fqs2aztblnh6uqjrk658sef	2	29	2	1	6	f	f	\N	f
47	9	t	2013-12-24 08:49:56.639254+00	2	3	הצעה שניה			\N	\N	ijdu1fj01u6xlkqfo0b60jd2	1	\N	0	0	14	f	f	\N	f
19	10	t	2013-11-22 07:57:30.915976+00	2	3	1			\N	\N	h2dxuu8o2ba4zssv21w82sq4	2	8	1	0	4	f	f	\N	f
20	10	t	2013-11-22 07:58:12.311742+00	2	3	2			\N	\N	5in85td3cod2gotkw5jnto4d	2	8	0	0	4	f	f	\N	f
21	10	t	2013-11-22 07:58:21.091622+00	2	3	3			\N	\N	txk68z5p0h9wnlegwge3bmsb	3	8	1	0	4	f	f	\N	f
23	10	t	2013-11-22 07:59:05.995173+00	2	3	5			\N	\N	j8iillfqm7yb4m8u2ai2e5jt	2	8	1	0	4	f	f	\N	f
24	10	t	2013-11-22 08:12:37.285635+00	2	3	6			\N	\N	top3c17gbry9v10z76e23cb9	2	8	0	0	4	f	f	\N	f
22	10	t	2013-11-22 07:58:51.582133+00	2	3	4			\N	\N	x3prl1mtpo6nfejddpgxrmov	2	8	0	0	4	f	f	\N	f
62	10	t	2014-03-26 09:13:56.521922+00	25	3	lkjsdf			\N	\N	iyzi8si0zfzbh5n48ra8be4g	1	\N	2	0	14	f	f	\N	f
26	11	t	2013-11-22 11:09:30.859223+00	2	3	2			\N	\N	mlwjkb5y9zbvdeyqfnaun2nj	3	18	0	2	4	f	f	\N	f
27	11	t	2013-11-22 11:09:42.622015+00	2	3	3			\N	\N	v801d9e5owb96zn3qx5e8v6p	2	8	\N	\N	\N	f	f	\N	f
29	11	t	2013-11-22 11:09:58.22021+00	2	3	5			\N	\N	b03qmf2yae7z29m1gg8gqe2y	2	9	1	0	4	f	f	\N	f
25	11	t	2013-11-22 11:09:19.857769+00	2	3	1			\N	\N	i1iuc6lh1uy2sh7r9q3j9p0h	3	9	0	0	4	f	f	\N	f
48	11	t	2013-12-24 10:42:19.348321+00	2	3	הצעה חדשה			\N	\N	6symrkhpnhbjptb7765wph2p	1	\N	1	0	14	f	f	\N	f
96	47	t	2015-04-19 09:16:16.019723+00	2	3	mjyjyk			\N	\N	41y2ue6znaqqsscprp41x2nw	1	\N	1	0	8	f	f	19	t
100	55	t	2015-04-20 17:46:47.397606+00	6	3	הצעה חדשה			\N	\N	3b17pvg1yy3qzjlxp5lwvph9	1	\N	0	0	8	f	f	\N	f
40	16	t	2013-12-15 04:21:48.000562+00	2	2	רביעי עצרת	שלום		\N	\N	w5q61lc0u9sj05kj39gmmfi1	1	\N	1	0	4	f	f	\N	f
58	27	t	2014-02-20 21:15:52.383807+00	2	3	Rebate to HEB Grocery Company not to exceed $67,901	<div>Approve issuance of a rebate to HEB Grocery Company, LP, for the installation of energy efficient equipment at its facility located at 1801 E. 51st St., Austin, Texas 78752, in an amount not to exceed $67,901. </div>		\N	\N	mo53uvwsc46i27eb3ynkljcn	1	\N	0	0	7	f	f	\N	f
44	18	t	2013-12-15 12:04:27.057379+00	2	3	אישור רכישת מפלסת שלג	מפלסת קטנה, יד שניה, בעלות מקסימלית של 100,000 ₪		\N	\N	antj4j6hnqmkedom09p0ikhg	2	19	2	0	6	f	f	\N	f
52	25	t	2014-02-16 23:29:31.42655+00	2	3	Cube "balls" will be allowed as a pilot in junior league.	An amendment to the bylaws will be written and we'll check again next year.		\N	\N	lxixz9mt47antj81188me0sm	1	\N	\N	\N	\N	f	f	\N	f
36	12	t	2013-11-24 11:00:34.52438+00	2	3	נשתמש בקהילה פתוחה מתחילת 2014			\N	\N	nxasmv8snuanmj398rt5gxtd	2	10	\N	\N	\N	f	f	\N	f
35	13	t	2013-11-24 10:56:23.104026+00	2	2	טלפונים יכובו בכניסה	יהיה מספר אחד שימש למקרה חרום		\N	\N	qmi4pz72rbpcasam0dovj9np	2	22	0	0	0	f	f	\N	f
42	18	t	2013-12-15 11:49:19.799601+00	2	1	איסוף מידע מהשטח לגבי ההתנהלות בסופה	לדבר במיוחד עם הנפגעים, אבל גם עם חלק מהאחרים	ירון	\N	2013-12-17	tefsc0iiaaplzv04ps5jm5pc	2	18	2	0	4	f	f	\N	f
50	21	t	2014-01-15 11:17:28.956339+00	2	1	משהו שכבר הייתי צריך לעשות	אל עוד לא הספקתי	בועז חן	2	2013-12-31	ueman6antnnp4fv5dqyj272z	2	25	0	0	6	f	f	\N	f
54	28	t	2014-02-20 16:00:35.574457+00	2	3	Agreement with Crystal Mountain for solar energy incentives	<div>Authorize negotiation and execution of an agreement with Crystal Mountain, to provide a performance-based incentive for the generation of solar energy at its facility located at 9433 Bee Cave Road, Austin, Texas, for an estimated $36,419 per year, for a total amount not to exceed $364,190 over a 10-year period.</div>		\N	\N	g7p6mm34z7jy6mu8wgskmut8	2	26	0	0	7	f	f	\N	f
56	29	t	2014-02-20 16:06:43.119543+00	2	3	Request Travis Central Appraisal District to conduct a 2013 reappraisal of properties affected by the October 2013 floods. 			\N	\N	0n2xeed7y99u6b0lly3h1aer	2	26	0	0	7	f	f	\N	f
4	4	t	2013-10-27 10:45:35.473067+00	2	1	הצעה באויר	פירוט שיכול להיות ארוך <br><span>תיחום<p>מערכת קהילה פתוחה נועדה לניהול תהליך קבלת ההחלטות.</p><p>מסמך זה מאפיין את שלב א' בו יממומשו שתי צורות של שיתוף הקהילה בתהליך, החולקות ממשק, אוביקטים ותהליך דומים ויפותחו במערכת כמנגנון מאוחד בחלקו:</p><span><p>הצבעת שבשבת (בדידה)  - הצבעה המקושרת לתהליך החלטה בועד: שנפתחת אוטומטית לכל הקהילה עם פרסום סדר היום לפגישה על כל החלטות שבו, נסגרת ומוצגת לפני הפגישה ומהווה אינדיקטור לועד לצורך הדיון וההחלטה שלו.</p><p>משאל - הצבעה על ידי חברי הקהילה שמחליפה את תהליך ההחלטה בועד: הצבעה שבסופה המערכת תסמן האם החלטה התקבלה או נדחתה על פי תוצאות ההצבעה, ללא דיון ומעורבות של הועד.</p></span><br><p>בפרט, שלב א' לא עונה לדרישות הבאות:</p><span><p>הצבעות ועד - יטופל בהמשך, וכנראה בצורה דומה, אך שם אין דרישה לחשאיות אלא דוקא לשיוך ההצבעות למצביע, התהליך מיידי, וכמות המצביעים קטנה.</p><p>סקרים - סקר שאינו חלק אינטגרלי מתהליך החלטה אינו חלק מהמערכת, קיימות מערכות רבות שעונות לצורך.</p><p>דירוג נושאים לדיון - מנגנון שיאופיין בנפרד (שונה ברמת המעורבות, כמות המידע, ואופן ההצבעה)</p></span><br></span>	בועז חן	2	2013-12-30	j5o1n1p3qzwtmfqx457ogor8	1	\N	1	2	6	f	f	\N	f
32	10	t	2013-11-23 22:32:10.747335+00	2	3	9			\N	\N	x7uwpupsmcp2e7imxkqt0t0g	3	9	0	0	4	f	f	\N	f
101	57	t	2015-04-21 06:01:43.565853+00	1	3	בדיקת באג בפרודקשיין			\N	\N	esaxo1hyfa5e41jl2y4xdxy5	1	\N	\N	\N	\N	f	f	\N	f
30	10	t	2013-11-23 21:51:09.566371+00	2	3	7	הצעה פגז.		\N	\N	yiqegdszc59oisenm5zvvksw	2	29	1	0	7	f	f	\N	f
65	10	t	2014-03-26 09:14:56.282524+00	25	2	sdfsdfasdf			\N	\N	o044nh6vwvcnqic4jluhperf	1	\N	1	0	14	f	f	\N	f
66	10	t	2014-03-26 09:15:07.62851+00	1	2	test	fdgfd		\N	\N	66e46b042prm3krdytleqqs6	1	\N	1	1	14	f	f	\N	f
97	47	t	2015-04-19 09:20:54.514772+00	2	3	grgrgr			\N	\N	o91ufx6vote7vrwrgxsnazu4	1	\N	0	0	8	f	f	19	t
31	10	t	2013-11-23 22:32:03.30787+00	2	3	8			\N	\N	7vbpckvkmwhm9te1s29i2qn3	1	\N	0	3	14	f	f	\N	f
64	10	t	2014-03-26 09:14:45.627158+00	25	2	sdfsdfasdf			\N	\N	g9koqk3a0kev308liejoii5w	1	\N	1	0	14	f	t	\N	f
33	11	t	2013-11-23 22:33:43.146836+00	2	3	6			\N	\N	fb2bm5d2mqt44wrlyf2ed7ci	1	\N	1	3	14	f	f	\N	f
38	11	t	2013-12-12 09:40:38.875222+00	2	3	123	123123123		\N	\N	szgsfmxott5fxv68qyzl75bi	1	\N	4	0	14	f	f	\N	f
104	56	t	2015-05-03 06:32:58.328956+00	6	3	להמליץ להקים קרן ערבות הדדית לתחום הסיעוד	<span>\n\t\t    \n\t\t        <div>במקום לשלם את הפרמיה לחברות חיצוניות, החברים ישלמו פרמיה לקרן הזאת</div>\n\t\t    \n\t\t</span><br>		\N	\N	40svsma0k2grt6hsbihlay4x	1	\N	\N	\N	\N	f	f	\N	f
37	13	t	2013-11-24 11:02:21.574767+00	2	1	הצגה של סקר חלופות טכנולוגי		אורן קורן	\N	2013-12-01	3anz1dv7idg0v3hcyqhl6icx	1	\N	1	0	2	f	t	\N	f
46	6	t	2013-12-23 16:34:05.112787+00	2	3	עוד הצעה חשבוה	דגדגכדגכ		\N	\N	qdlvpl1dt7y4up0b1mqf8omq	1	\N	1	0	14	f	f	\N	f
34	6	t	2013-11-24 09:56:23.986936+00	2	1	הצעה להצבעה		ארז	7	2014-01-03	t79wjm4f3mqz212lrbh0udo4	1	\N	0	1	14	f	f	\N	f
11	6	t	2013-11-13 05:14:35.252464+00	2	2	הצעונת	פירוט שיכול להיות ארוך <br><span>תיחום<p>מערכת קהילה פתוחה נועדה לניהול תהליך קבלת ההחלטות.</p><p>מסמך זה מאפיין את שלב א' בו יממומשו שתי צורות של שיתוף הקהילה בתהליך, החולקות ממשק, אוביקטים ותהליך דומים ויפותחו במערכת כמנגנון מאוחד בחלקו:</p><span><p>הצבעת שבשבת (בדידה)  - הצבעה המקושרת לתהליך החלטה בועד: שנפתחת אוטומטית לכל הקהילה עם פרסום סדר היום לפגישה על כל החלטות שבו, נסגרת ומוצגת לפני הפגישה ומהווה אינדיקטור לועד לצורך הדיון וההחלטה שלו.</p><p>משאל - הצבעה על ידי חברי הקהילה שמחליפה את תהליך ההחלטה בועד: הצבעה שבסופה המערכת תסמן האם החלטה התקבלה או נדחתה על פי תוצאות ההצבעה, ללא דיון ומעורבות של הועד. </p></span><br><p>בפרט, שלב א' לא עונה לדרישות הבאות:</p><span><p>הצבעות ועד - יטופל בהמשך, וכנראה בצורה דומה, אך שם אין דרישה לחשאיות אלא דוקא לשיוך ההצבעות למצביע, התהליך מיידי, וכמות המצביעים קטנה.</p><p>סקרים - סקר שאינו חלק אינטגרלי מתהליך החלטה אינו חלק מהמערכת, קיימות מערכות רבות שעונות לצורך.</p><p>דירוג נושאים לדיון - מנגנון שיאופיין בנפרד (שונה ברמת המעורבות, כמות המידע, ואופן ההצבעה)</p></span><br><span>משיקולי מורכבות המערכת בשלב א':</span></span><br>		\N	\N	j8hkf7v9cqe3ncbsuhiq10ur	2	8	2	0	4	f	f	\N	f
67	10	t	2014-03-26 09:16:14.066577+00	25	2	rule with tags			\N	\N	7idqlgkhiyjyhkc4lx1c9uny	1	\N	0	0	14	f	f	\N	f
68	7	t	2014-04-01 09:22:51.026972+00	25	2	new Rule with tags	a great rue. with great tags		\N	\N	dh2on3sqwk7he1225c6umsod	2	29	\N	\N	\N	f	f	\N	f
28	11	t	2013-11-22 11:09:51.021608+00	2	3	4			\N	\N	8gnszjnvaja8zh6utgs0zt4w	1	\N	4	0	14	f	f	\N	f
76	44	t	2015-04-01 09:51:07.825825+00	6	2	נוהל להצעת החלטה 	ככה זה ייראה במייל		\N	\N	gx4uhqylzwgxd5pzq34etju7	1	\N	0	0	14	f	f	\N	f
78	46	t	2015-04-01 09:59:11.54108+00	6	3	 הצעה ראשונה 	<div>\n        טקסט להצעה ראשונה\n    </div><br>		\N	\N	9t9aawa473rkudbqk76etjs0	2	36	2	2	3	f	f	\N	f
105	56	t	2015-05-03 06:33:49.987886+00	6	3	 לבקש דחיה בביצוע ההוראה			\N	\N	ppn1o247qbsra580xwev0sux	1	\N	\N	\N	\N	f	f	\N	f
81	48	t	2015-04-01 10:03:52.979591+00	6	2	 נוהל להצעת החלטה	<span>\n\t\t    \n\t\t        <div>ככה זה ייראה במייל</div></span><br>		\N	\N	x1s4bl9jntz0xwz5jz0pyls7	2	35	5	0	3	f	f	\N	f
86	49	t	2015-04-13 16:15:25.550331+00	6	3	הצעה שתישאר פתוחה			\N	\N	1oyf473td81mt3rcrh58g13d	1	\N	1	0	8	f	f	\N	f
70	20	t	2015-02-02 17:43:23.344864+00	6	3	הצעה לבדיקת טיעונים			\N	\N	hn93v35elx5r0qt9r60okfg6	1	\N	\N	\N	\N	f	f	\N	f
79	46	f	2015-04-01 09:59:17.941813+00	6	3	טקסט להצעה ראשונה			\N	\N	qjyh5ajws3orxa2i2qywro93	1	\N	0	0	8	f	f	\N	f
83	41	t	2015-04-11 10:35:28.275422+00	6	3	הצעה נוספת לבדיקה			\N	\N	3r9sq1xcvwnclsv2di5dytue	1	\N	0	0	14	f	f	\N	f
71	34	t	2015-02-26 15:47:14.545595+00	6	3	הצעת החלטה לבדיקה			\N	\N	11mvtwk1v7jtrgwjp8iobuwr	1	\N	1	0	14	f	f	\N	f
41	17	t	2013-12-15 10:34:37.988582+00	2	1	משימונת	<u>אפשר לכתוב ידנית לגמרי, בלי מספור אוטומטי:</u><br>1. דידגכ<br>2. ךלחיךלדיגכ<br>     א. ךלחךדגחכ<br>     ב. ךלחךחךח<br><br><u>או להשתמש במיספור לרמה הראשונה:</u><br><ol><li>דךלחדגכ</li><li>ךלחדגכ</li></ol><span>            א.   ךלחדגכ<br></span>            ב.   ךלחדגכ<br><br><u>או להשתמש במספור לרמה השניה:</u><br>א. ךלדחכךחדכ<br>ב. ךלחךדגחכדגכ<br><ol><li>ךלחדגךכחלגדכ</li><li>ךלחדגךכלח</li></ol>ג. ךלחדךגחכךד		\N	\N	bwysxl8kxg4423q1nkoh8w8a	1	\N	2	1	14	f	f	\N	f
39	15	t	2013-12-15 04:14:34.2576+00	2	1	משימה לחלל		בועז החבר	4	2013-12-16	w3vpr3nvz9dwnfeprijo9oou	1	\N	1	1	14	f	f	\N	f
69	33	f	2014-12-13 22:04:15.046907+00	1	3	הצעה שדורשת טיעון	וגם ניקוד הצבעות לטיעון		\N	\N	ahc2rh0b74v3v2jnohblozym	1	\N	3	0	14	f	t	\N	f
80	46	t	2015-04-01 09:59:34.649617+00	6	1	 הצעה שנייה - שתהיה משימה		א' החבר	28	2020-10-10	o355h589ucrhki9na9g48qgu	1	\N	1	4	8	f	t	\N	f
72	35	t	2015-02-26 16:03:31.803939+00	6	3	הצעה			\N	\N	n71lqlk5zxm5p061jkg5iysu	1	\N	0	0	14	f	f	\N	f
102	58	t	2015-04-27 14:41:47.329513+00	6	3	 לבנות מגרש כדורסל	בעלות קטנה מיישרים משטח בטון ומחליקים אותו, וזה יכול להיות מצויין שהגדולים יוכלו לשחק שם.\n		\N	\N	5h3v7g5kmgzaqs2y8o2gp6an	1	\N	3	1	8	f	f	\N	f
98	55	t	2015-04-20 17:41:32.155919+00	6	3	ההה			\N	\N	dpgwqttcdkcyse2rkxqhnzrk	1	\N	0	0	8	f	f	\N	f
82	48	t	2015-04-01 10:15:09.521589+00	6	3	טסט			\N	\N	fyce7m5hhn2904mkyupfpp38	3	35	0	2	3	f	f	\N	f
15	8	t	2013-11-16 16:31:27.188681+00	2	1	לתקן. 	ברור לא?	עמיר	\N	\N	ty23xi49go83w28fgjj07g3b	1	\N	0	0	14	f	f	\N	f
73	41	t	2015-04-01 09:21:21.232024+00	6	3	צריך להעלות נושאים לבדיקת המערכת לפני שדוחפים לפרודקשן. זאת הדרך הטובה ביותר לוודא שאין פאדיחות לפני שיוצאים עם פיצ'רים חדשים החוצה			\N	\N	xqfwc395o54yxu2bvji1yyyr	1	\N	3	0	14	f	t	\N	f
74	42	t	2015-04-01 09:47:12.439077+00	6	3	הצעה ראשונה	טקסט להצעה ראשונה<br>		\N	\N	6c5i8wis19stalx5pg589wcg	1	\N	2	0	14	f	f	\N	f
75	42	t	2015-04-01 09:47:48.837297+00	6	1	הצעה שנייה - שתהיה משימה		א' החבר	28	2020-10-10	c5rh4v4g3zcbqo8y97603zas	1	\N	0	2	14	f	f	\N	f
84	50	t	2015-04-11 10:38:18.25313+00	6	3	הצעה חדשה			\N	\N	dr0kkpah62p8wfwjcfnjxetv	1	\N	0	0	14	f	f	\N	f
106	56	t	2015-05-03 06:34:06.754472+00	6	1	 ריכוז הצעות	<span>\n\t\t    \n\t\t        <div>וועדת ההיגוי תרכז הצעות מחברות ביטוח מתחרות</div>\n\t\t    \n\t\t</span><br>	דניאלה פיסטוקי 	\N	2015-05-30	3g4gm52onjxt4dzlumb7vaju	1	\N	\N	\N	\N	f	f	\N	f
103	59	t	2015-04-28 14:04:58.586585+00	6	3	הצעה			\N	\N	ubnr9tapijg8ioifs7oyv9e6	1	\N	0	0	2	f	f	\N	f
88	51	t	2015-04-13 17:31:04.226356+00	2	3	להרוג את ריאן			\N	\N	2smf0z9k0vr1jx3ix9xdmka0	1	\N	\N	\N	\N	f	f	\N	f
87	51	t	2015-04-13 17:30:57.606119+00	2	3	להציל את ריאן			\N	\N	4wf0im2522js60ji1snmewp1	1	\N	\N	\N	\N	f	f	\N	f
99	55	t	2015-04-20 17:42:05.882304+00	6	3	חחחח			\N	\N	w4exturhiijbnjymubir6jb6	1	\N	0	0	8	f	f	\N	f
77	45	t	2015-04-01 09:58:03.755023+00	6	3	הצעת בדיקה לנושא ראשון	צריך להעלות נושאים לבדיקת המערכת לפני שדוחפים לפרודקשן. זאת הדרך הטובה ביותר לוודא שאין פאדיחות לפני שיוצאים עם פיצ'רים חדשים החוצה<br>		\N	\N	b91zg5191m934n75o9vot7d3	2	37	2	2	4	f	f	\N	f
94	48	t	2015-04-13 21:58:59.341631+00	2	3	הצעה פתוחה לפתחון פה			\N	\N	2bx283b8qfnsxm4on7gkwvqc	1	\N	1	0	8	f	f	\N	f
95	48	t	2015-04-13 21:59:32.401549+00	2	3	עוד הצעה, לדראון עולם			\N	\N	qvxhocadnanfzzf2nl4pixds	1	\N	0	1	8	f	f	\N	f
85	49	t	2015-04-13 16:15:08.271541+00	6	3	הצעה חדשה שנוספה תוך כדי הפגישה			\N	\N	h4z530ro8ayuculw0ge8kqe8	3	33	\N	\N	\N	f	f	\N	f
92	52	t	2015-04-13 17:35:22.286994+00	2	3	דגכ			\N	\N	mxnk2h8wtyfken6gny4qqi8b	1	\N	1	0	8	f	f	\N	f
93	52	t	2015-04-13 17:35:38.529209+00	2	3	גם פה יש refresh. לא נורא.			\N	\N	1bbk03pt272d0djieypnbb2q	1	\N	0	1	8	f	f	\N	f
90	52	t	2015-04-13 17:35:04.21575+00	2	3	הצעה			\N	\N	hgfluqjxtstjxx4zac7i78yf	1	\N	1	1	8	f	f	\N	f
91	52	t	2015-04-13 17:35:15.733904+00	2	3	הצעונת			\N	\N	wrzvo68ew6rwd5ig940uwmja	1	\N	1	0	8	f	f	\N	f
89	52	t	2015-04-13 17:34:41.077493+00	2	3	הצ			\N	\N	oghxhls845uydmv6u1nofgki	1	\N	4	0	8	f	f	\N	f
\.


--
-- Name: issues_proposal_id_seq; Type: SEQUENCE SET; Schema: public; Owner: oc_yaniv
--

SELECT pg_catalog.setval('issues_proposal_id_seq', 106, true);


--
-- Data for Name: issues_proposalvote; Type: TABLE DATA; Schema: public; Owner: oc_yaniv
--

COPY issues_proposalvote (id, proposal_id, user_id, value) FROM stdin;
2	12	1	1
3	3	1	-1
7	4	5	1
10	5	5	1
11	14	2	1
22	11	1	1
23	14	1	-1
25	5	1	-1
29	4	1	-1
32	12	2	-1
33	3	2	1
34	11	2	1
35	4	2	-1
36	5	2	1
39	23	2	1
40	19	2	1
41	21	2	1
42	29	2	1
43	26	2	-1
45	37	2	1
48	16	2	-1
49	16	6	1
194	81	28	1
52	40	2	1
53	42	2	1
54	43	2	-1
55	26	4	-1
56	28	4	1
57	33	4	-1
58	38	4	1
59	41	4	-1
60	42	4	1
61	43	4	1
62	44	4	1
63	45	4	-1
68	44	2	1
70	28	2	1
131	38	2	1
207	80	1	-1
75	30	2	1
77	46	2	1
78	34	2	-1
80	17	1	-1
81	41	1	1
82	16	1	1
83	50	2	-1
84	51	2	1
85	16	8	1
86	16	4	-1
87	16	5	-1
88	16	7	1
90	60	20	-1
91	60	19	1
92	61	19	-1
93	69	1	1
267	89	6	1
95	39	1	1
269	89	28	1
100	62	2	1
173	69	6	1
102	66	2	1
210	73	1	1
104	31	2	-1
106	33	1	-1
107	38	1	1
108	31	1	-1
109	66	1	-1
232	91	28	1
273	102	32	1
143	64	2	1
214	81	6	1
118	17	2	1
181	17	6	-1
182	69	28	1
172	31	6	1
183	63	6	-1
150	65	6	1
184	66	6	-1
185	64	6	1
105	28	1	1
186	47	1	1
130	33	2	-1
189	75	6	-1
215	74	28	1
191	77	6	-1
159	71	6	1
278	102	34	1
161	33	6	1
162	28	6	1
163	38	6	1
154	48	6	1
164	41	6	1
158	39	6	-1
281	102	33	-1
270	102	6	1
217	74	6	1
166	62	6	1
238	93	2	-1
199	81	29	1
200	81	30	1
201	78	30	-1
202	80	30	-1
203	77	30	1
204	81	1	1
205	82	1	-1
187	73	6	1
218	75	28	-1
239	89	2	1
220	73	28	1
190	78	6	1
197	78	28	-1
198	80	6	-1
208	78	1	1
209	77	1	-1
193	82	28	-1
241	77	2	1
242	80	2	1
228	90	2	1
260	89	1	1
261	90	28	-1
263	92	28	1
264	96	2	1
265	94	28	1
259	95	28	-1
221	86	28	1
266	80	28	-1
\.


--
-- Name: issues_proposalvote_id_seq; Type: SEQUENCE SET; Schema: public; Owner: oc_yaniv
--

SELECT pg_catalog.setval('issues_proposalvote_id_seq', 281, true);


--
-- Data for Name: issues_proposalvoteargument; Type: TABLE DATA; Schema: public; Owner: oc_yaniv
--

COPY issues_proposalvoteargument (id, proposal_vote_id, argument, created_at, created_by_id) FROM stdin;
1	93	כי ככה	2014-12-13 22:26:10.150906+00	1
3	80	לא מקובל עליי ככה פתאום להוסיף הצעה, כל דבר דורש פגישת ועד.	2014-12-21 21:29:14.26423+00	1
4	95	רעיון מצויין, כבר הרבה זמן אני חושב על זה ומתבייש להגיד.	2014-12-21 21:38:37.41808+00	1
7	104	געגע	2015-01-13 09:21:20.941126+00	2
8	104	גכיג	2015-01-13 09:21:29.570121+00	2
9	104	כעיכייכי	2015-01-13 09:21:33.8068+00	2
12	118	כי לפעמים צריך, במפתיע.	2015-02-15 09:54:16.459862+00	2
19	130	דגכדגכ	2015-02-15 10:20:17.986925+00	2
22	173	טיעון סבבה	2015-03-06 11:24:39.81929+00	6
27	182	טיעון שלישי	2015-03-07 10:56:53.322295+00	28
28	185	hhh	2015-03-16 19:48:50.502973+00	6
29	187	רק כך	2015-04-01 10:19:33.407458+00	6
30	189	טיעון נגד	2015-04-01 10:20:51.893518+00	6
31	190	כי ככה נכון	2015-04-01 11:49:15.16165+00	6
34	202	תודעת נגד	2015-04-01 13:12:18.084774+00	30
35	204	זה מאד חשוב איך זה נראה במייל	2015-04-01 13:27:21.605341+00	1
36	205	בשביל טסט צריך לשלם אגרה	2015-04-01 13:27:53.839436+00	1
37	207	כי סתם בא לי לדרג	2015-04-01 13:30:01.693521+00	1
38	208	אני חושב אחרת	2015-04-01 13:32:15.174217+00	1
39	209	רענון טוב, או שתמצא מפתחים טובים יותר שלא עושים פאדיחות	2015-04-01 13:32:56.556951+00	1
40	218	עוד טיעון	2015-04-08 21:28:35.729257+00	28
44	228	לסיחליד	2015-04-13 17:40:13.072233+00	2
48	241	למה לא?	2015-04-13 22:11:18.289231+00	2
49	260	סתם כי צריך לבדוק שהבאג נעלם.	2015-04-15 10:55:00.707589+00	1
50	261	nn	2015-04-15 11:36:29.778046+00	28
51	264	hythy	2015-04-19 09:19:10.655857+00	2
52	259	טיעון אחרון	2015-04-19 16:21:51.026638+00	28
53	270	המגרש קרוב מדי לכביש סואן. אם הכדור יתגלגל לכיוון הכביש והילדים ירוצו אחריו זו עלולה להיות סכנת חיים.	2015-04-27 14:46:18.375719+00	6
55	273	הספורט יפה לבריאות	2015-04-27 17:39:12.592344+00	32
57	278	מבוגרים יוכלו להשתמש במגרש הכדורסל בשעות הערב	2015-04-27 17:57:14.969331+00	34
\.


--
-- Name: issues_proposalvoteargument_id_seq; Type: SEQUENCE SET; Schema: public; Owner: oc_yaniv
--

SELECT pg_catalog.setval('issues_proposalvoteargument_id_seq', 59, true);


--
-- Data for Name: issues_proposalvoteargumentranking; Type: TABLE DATA; Schema: public; Owner: oc_yaniv
--

COPY issues_proposalvoteargumentranking (id, argument_id, value, user_id) FROM stdin;
1	1	1	1
3	3	1	1
4	4	1	1
6	7	-1	2
7	7	-1	2
9	8	1	2
10	8	1	2
11	9	1	2
63	3	-1	6
64	1	1	28
65	22	-1	28
15	7	1	1
17	8	1	1
22	12	1	2
68	8	1	6
69	9	-1	6
70	7	-1	6
71	31	1	28
73	34	-1	1
75	29	1	1
76	35	1	6
77	30	1	28
79	29	1	28
80	31	1	1
81	36	1	28
44	9	1	1
88	44	-1	28
89	34	1	28
90	37	-1	28
47	1	1	6
48	1	1	6
91	49	1	28
95	55	1	34
101	57	1	32
104	53	1	33
\.


--
-- Name: issues_proposalvoteargumentranking_id_seq; Type: SEQUENCE SET; Schema: public; Owner: oc_yaniv
--

SELECT pg_catalog.setval('issues_proposalvoteargumentranking_id_seq', 104, true);


--
-- Data for Name: issues_proposalvoteboard; Type: TABLE DATA; Schema: public; Owner: oc_yaniv
--

COPY issues_proposalvoteboard (id, proposal_id, user_id, value, voted_by_chairman) FROM stdin;
1	53	16	1	t
2	53	17	1	t
3	53	18	1	t
4	53	19	1	t
6	53	21	1	t
8	53	1	0	t
9	57	22	1	t
23	57	16	-1	t
24	57	17	-1	t
25	57	18	-1	t
26	57	19	-1	t
27	57	20	-1	t
28	57	21	-1	t
29	57	2	1	t
5	53	20	0	f
11	54	16	1	t
12	54	17	1	t
13	54	18	1	t
14	54	19	1	t
15	54	21	1	t
10	54	20	-1	f
16	54	2	-1	t
37	60	2	-1	t
7	53	2	1	t
17	56	16	1	t
18	56	17	1	t
19	56	18	1	t
20	56	19	1	t
21	56	20	1	t
22	56	21	1	t
30	60	16	1	t
31	60	17	1	t
33	60	19	1	t
35	60	21	1	t
36	60	22	1	t
34	60	20	-1	f
32	60	18	0	t
38	31	24	1	f
39	30	5	0	t
40	30	24	0	t
41	64	5	0	t
43	65	5	0	t
44	65	24	0	t
45	62	5	0	t
46	62	24	0	t
47	66	5	0	t
48	66	24	0	t
49	67	5	0	t
50	67	24	0	t
51	68	5	0	t
52	68	24	0	t
53	50	2	0	t
54	58	17	0	t
55	58	18	0	t
56	58	19	0	t
57	58	20	0	t
58	58	21	0	t
59	58	22	0	t
60	58	16	0	t
61	59	17	0	t
62	59	18	0	t
63	59	19	0	t
64	59	20	0	t
65	59	21	0	t
66	59	22	0	t
67	59	16	0	t
68	44	5	0	t
69	44	7	0	t
70	44	2	0	t
71	16	4	0	t
72	16	24	0	t
73	16	5	0	t
74	16	1	0	t
75	16	2	0	t
76	16	7	0	t
77	16	8	0	t
78	16	10	0	t
79	16	11	0	t
80	16	12	0	t
81	16	25	0	t
82	1	2	0	t
83	1	1	0	t
84	61	17	0	t
85	61	18	0	t
86	61	19	0	t
87	61	20	0	t
88	61	21	0	t
89	61	22	0	t
90	61	16	0	t
91	49	7	0	t
92	49	8	0	t
93	51	2	0	t
94	5	7	0	t
95	5	8	0	t
96	55	16	0	t
97	55	17	0	t
98	55	18	0	t
99	55	19	0	t
100	55	21	0	t
101	55	20	0	t
102	55	22	0	t
103	63	26	0	t
104	63	2	0	t
105	63	24	0	t
106	63	25	0	t
156	12	26	0	t
157	12	2	0	t
158	12	24	0	t
159	12	25	0	t
160	7	26	0	t
161	7	2	0	t
162	7	24	0	t
163	7	25	0	t
164	4	26	0	t
165	4	2	0	t
107	64	26	0	t
42	64	24	1	t
108	38	26	0	t
109	38	2	0	t
110	38	24	0	t
111	38	25	0	t
112	41	26	0	t
113	41	2	0	t
114	41	24	0	t
115	41	25	0	t
116	28	26	0	t
117	28	2	0	t
118	28	24	0	t
119	28	25	0	t
120	48	26	0	t
121	48	2	0	t
122	48	24	0	t
123	48	25	0	t
124	33	26	0	t
125	33	2	0	t
126	33	24	0	t
127	33	25	0	t
128	14	26	0	t
129	14	2	0	t
130	14	24	0	t
131	14	25	0	t
132	34	26	0	t
133	34	2	0	t
134	34	24	0	t
135	34	25	0	t
136	46	26	0	t
137	46	2	0	t
138	46	24	0	t
139	46	25	0	t
141	69	2	0	t
143	69	25	0	t
144	47	26	0	t
145	47	2	0	t
146	47	24	0	t
147	47	25	0	t
148	6	26	0	t
149	6	2	0	t
150	6	24	0	t
151	6	25	0	t
152	17	26	0	t
153	17	2	0	t
154	17	24	0	t
155	17	25	0	t
166	4	24	0	t
167	4	25	0	t
168	40	26	0	t
169	40	2	0	t
170	40	24	0	t
171	40	25	0	t
172	3	26	0	t
173	3	2	0	t
174	3	24	0	t
175	3	25	0	t
176	39	26	0	t
177	39	2	0	t
178	39	24	0	t
179	39	25	0	t
140	69	26	1	t
142	69	24	-1	t
180	69	6	0	t
181	72	2	0	t
182	72	24	0	t
183	72	25	0	t
184	72	26	0	t
185	72	6	0	t
186	71	2	0	t
187	71	24	0	t
188	71	25	0	t
189	71	26	0	t
190	71	6	0	t
191	45	2	0	t
192	45	24	0	t
193	45	25	0	t
194	45	26	0	t
195	45	6	0	t
196	73	2	0	t
197	73	24	0	t
198	73	25	0	t
199	73	26	0	t
200	73	6	0	t
201	74	2	0	t
202	74	24	0	t
203	74	25	0	t
204	74	26	0	t
205	74	6	0	t
206	75	2	0	t
207	75	24	0	t
208	75	25	0	t
209	75	26	0	t
210	75	6	0	t
211	76	2	0	t
212	76	24	0	t
213	76	25	0	t
214	76	26	0	t
215	76	6	0	t
216	81	6	0	t
217	82	6	0	t
218	78	6	0	t
219	80	6	0	t
220	77	6	0	t
221	85	6	0	t
\.


--
-- Name: issues_proposalvoteboard_id_seq; Type: SEQUENCE SET; Schema: public; Owner: oc_yaniv
--

SELECT pg_catalog.setval('issues_proposalvoteboard_id_seq', 221, true);


--
-- Data for Name: issues_voteresult; Type: TABLE DATA; Schema: public; Owner: oc_yaniv
--

COPY issues_voteresult (id, proposal_id, meeting_id, votes_pro, votes_con, community_members) FROM stdin;
1	8	4	0	0	4
2	1	4	0	0	4
3	13	4	0	0	4
4	4	4	1	0	4
5	5	4	1	0	4
6	11	4	0	0	4
7	3	4	0	1	4
8	12	4	1	0	4
9	8	5	0	0	4
10	1	5	0	0	4
11	13	5	0	0	4
12	4	5	1	0	4
13	5	5	1	0	4
14	11	5	0	0	4
15	3	5	0	1	4
16	12	5	1	0	4
17	11	6	2	0	4
18	4	6	1	2	4
19	5	6	2	1	4
20	8	6	0	0	4
21	1	6	0	0	4
22	14	6	1	1	4
23	13	6	0	0	4
24	3	6	1	1	4
25	12	6	1	1	4
26	16	6	0	0	4
27	11	7	2	0	4
28	4	7	1	2	4
29	5	7	2	1	4
30	8	7	0	0	4
31	1	7	0	0	4
32	14	7	1	1	4
33	13	7	0	0	4
34	3	7	1	1	4
35	12	7	1	1	4
36	16	7	0	0	4
37	18	8	0	0	4
38	11	8	2	0	4
39	4	8	1	2	4
40	5	8	2	1	4
41	13	8	0	0	4
42	8	8	0	0	4
43	1	8	0	0	4
44	14	8	1	1	4
45	3	8	1	1	4
46	12	8	1	1	4
47	17	8	0	0	4
48	16	8	0	0	4
49	19	8	1	0	4
50	20	8	0	0	4
51	21	8	1	0	4
52	23	8	1	0	4
53	24	8	0	0	4
54	22	8	0	0	4
55	18	9	0	0	4
56	11	9	2	0	4
57	4	9	1	2	4
58	5	9	2	1	4
59	13	9	0	0	4
60	8	9	0	0	4
61	1	9	0	0	4
62	14	9	1	1	4
63	3	9	1	1	4
64	12	9	1	1	4
65	17	9	0	0	4
66	16	9	0	0	4
67	19	9	1	0	4
68	20	9	0	0	4
69	21	9	1	0	4
70	23	9	1	0	4
71	24	9	0	0	4
72	22	9	0	0	4
73	30	9	0	0	4
74	31	9	0	1	4
75	32	9	0	0	4
76	26	9	0	1	4
77	28	9	0	0	4
78	29	9	1	0	4
79	25	9	0	0	4
80	18	11	0	0	4
81	11	11	2	0	4
82	4	11	1	2	4
83	5	11	2	1	4
84	13	11	0	0	4
85	8	11	0	0	4
86	1	11	0	0	4
87	14	11	1	1	4
88	3	11	1	1	4
89	12	11	1	1	4
90	17	11	0	0	4
91	16	11	0	0	4
92	19	11	1	0	4
93	20	11	0	0	4
94	21	11	1	0	4
95	23	11	1	0	4
96	24	11	0	0	4
97	22	11	0	0	4
98	30	11	0	0	4
99	31	11	0	1	4
100	32	11	0	0	4
101	26	11	0	1	4
102	28	11	0	0	4
103	29	11	1	0	4
104	25	11	0	0	4
105	16	12	1	1	5
106	17	12	1	1	5
107	18	12	0	0	4
108	11	12	2	0	4
109	34	12	0	0	5
110	4	12	1	2	5
111	5	12	2	1	5
112	13	12	0	0	4
113	8	12	0	0	4
114	1	12	0	0	4
115	14	12	1	1	5
116	3	12	1	1	5
117	12	12	1	1	5
118	19	12	1	0	4
119	20	12	0	0	4
120	21	12	1	0	4
121	23	12	1	0	4
122	24	12	0	0	4
123	22	12	0	0	4
124	31	12	0	1	5
125	32	12	0	0	4
126	30	12	0	0	5
127	26	12	0	1	5
128	28	12	0	0	5
129	29	12	1	0	4
130	25	12	0	0	4
131	33	12	0	0	5
132	28	13	0	0	4
133	29	13	1	0	4
134	25	13	0	0	4
135	26	13	0	1	4
136	33	13	0	0	4
137	28	14	0	0	4
138	26	14	0	1	4
139	29	14	1	0	4
140	25	14	0	0	4
141	33	14	0	0	4
142	28	15	0	0	4
143	26	15	0	1	4
144	29	15	1	0	4
145	25	15	0	0	4
146	33	15	0	0	4
147	38	15	0	0	4
148	40	15	1	0	4
149	28	16	0	0	4
150	26	16	0	1	4
151	29	16	1	0	4
152	25	16	0	0	4
153	33	16	0	0	4
154	38	16	0	0	4
155	41	16	0	0	4
156	28	17	1	0	4
157	26	17	0	2	4
158	29	17	1	0	4
159	25	17	0	0	4
160	33	17	0	1	4
161	38	17	1	0	4
162	41	17	0	1	4
163	43	17	1	1	4
164	42	17	2	0	4
165	26	18	0	2	4
166	28	18	1	0	4
167	29	18	1	0	4
168	25	18	0	0	4
169	33	18	0	1	4
170	38	18	1	0	4
171	41	18	0	1	4
172	43	18	1	1	4
173	42	18	2	0	4
174	43	19	1	1	4
175	45	19	0	1	6
176	44	19	2	0	6
177	42	19	2	0	4
178	35	20	0	0	0
179	37	20	1	0	0
180	35	21	0	0	0
181	37	21	1	0	0
182	37	22	1	0	0
183	35	22	0	0	0
184	5	23	2	1	6
185	4	23	1	2	6
186	18	23	0	0	4
187	11	23	2	0	4
188	46	23	1	0	6
189	34	23	0	1	6
190	47	23	0	0	6
191	17	24	1	2	6
192	16	24	2	1	6
193	5	24	2	1	6
194	4	24	1	2	6
195	19	24	1	0	4
196	20	24	0	0	4
197	21	24	1	0	4
198	23	24	1	0	4
199	24	24	0	0	4
200	22	24	0	0	4
201	32	24	0	0	4
202	31	24	0	1	6
203	30	24	1	0	6
204	41	24	1	1	6
205	51	25	0	0	6
206	50	25	0	0	6
207	17	25	1	2	6
208	16	25	2	1	6
209	19	25	1	0	4
210	20	25	0	0	4
211	21	25	1	0	4
212	23	25	1	0	4
213	24	25	0	0	4
214	22	25	0	0	4
215	32	25	0	0	4
216	31	25	0	1	6
217	30	25	1	0	6
218	41	25	1	1	6
219	53	26	0	0	7
220	55	26	0	0	7
221	54	26	0	0	7
222	56	26	0	0	7
223	57	26	0	0	7
224	57	27	0	0	7
225	19	29	1	0	4
226	20	29	0	0	4
227	21	29	1	0	4
228	23	29	1	0	4
229	24	29	0	0	4
230	22	29	0	0	4
231	32	29	0	0	4
232	31	29	0	1	10
233	30	29	1	0	7
234	17	29	1	2	10
235	16	29	2	1	6
236	26	29	0	2	4
237	29	29	1	0	4
238	25	29	0	0	4
239	28	29	2	0	10
240	33	29	0	2	10
241	38	29	2	0	10
242	48	29	0	0	10
243	41	29	1	1	10
244	73	31	2	0	14
245	74	31	2	0	14
246	75	31	0	2	14
247	76	31	0	0	14
248	81	32	5	0	3
249	82	32	0	2	3
250	79	32	0	0	3
251	80	32	1	3	3
252	78	32	3	1	3
253	77	32	1	3	3
254	81	33	5	0	3
255	82	33	0	2	3
256	80	33	1	3	3
257	79	33	0	0	3
258	78	33	2	2	3
259	77	33	2	2	3
260	81	34	5	0	3
261	82	34	0	2	3
262	80	34	1	3	3
263	79	34	0	0	3
264	78	34	2	2	3
265	77	34	2	2	3
266	86	34	0	0	3
267	82	35	0	2	3
268	81	35	5	0	3
269	79	35	0	0	3
270	80	35	0	4	3
271	78	35	2	2	3
272	77	35	2	2	3
273	86	35	1	0	3
274	79	36	0	0	3
275	80	36	0	4	3
276	78	36	2	2	3
277	77	36	2	2	3
278	86	36	1	0	3
279	92	37	0	0	4
280	93	37	0	1	4
281	90	37	1	0	4
282	91	37	1	0	4
283	89	37	2	0	4
284	80	37	1	3	4
285	79	37	0	0	4
286	78	37	2	2	3
287	77	37	2	2	4
288	86	37	1	0	4
\.


--
-- Name: issues_voteresult_id_seq; Type: SEQUENCE SET; Schema: public; Owner: oc_yaniv
--

SELECT pg_catalog.setval('issues_voteresult_id_seq', 288, true);


--
-- Data for Name: meetings_agendaitem; Type: TABLE DATA; Schema: public; Owner: oc_yaniv
--

COPY meetings_agendaitem (id, meeting_id, issue_id, "order", closed, background, is_confidential) FROM stdin;
2	2	1	0	f	\N	f
7	3	1	0	f	\N	f
8	3	4	1	f	\N	f
9	3	5	2	f	\N	f
10	3	2	3	t	\N	f
11	3	3	4	f	\N	f
13	4	1	0	f	\N	f
14	4	4	1	f	\N	f
16	4	3	3	f	\N	f
17	5	1	0	f	\N	f
18	5	4	1	f	\N	f
20	5	3	3	f	\N	f
23	6	4	1	f	\N	f
24	6	1	2	f	\N	f
25	6	3	3	f	\N	f
29	7	4	1	f	\N	f
30	7	1	2	f	\N	f
31	7	3	3	f	\N	f
36	8	4	1	f	\N	f
37	8	1	2	f	\N	f
38	8	3	3	f	\N	f
44	9	4	1	f	\N	f
45	9	1	2	f	\N	f
46	9	3	3	f	\N	f
54	11	4	1	f	\N	f
55	11	1	2	f	\N	f
56	11	3	3	f	\N	f
63	12	4	2	f	\N	f
64	12	1	3	f	\N	f
65	12	3	4	f	\N	f
51	10	13	0	f	sdfsdf	f
4	2	4	2	f		f
1	1	1	0	t	<p>בסוף השבוע נערך המשחק המרכזי בליגה הספרדית</p>\n<span>\nריאל מדריד - ברצלונה\nקבוצה 1 - קבוצה 2\n</span>\n<p>קו תחתי</p>\n<p>בולד</p>	f
3	2	3	1	f	<p>מענד.</p>	f
6	2	5	4	f	<p>חלול</p>	f
52	10	12	1	t	ףדךגלכףךל <br>שףדךלשדףךגלכ<br><a href="http://opencommunity.org.il" rel="nofollow">opencommunity.org.il</a>	f
5	2	2	3	f	<p>איזה כיף, נושא חדש!!!</p>	f
72	15	16	1	t		f
77	17	18	2	f	לאור הסופה האחרונה נדרש תחקור והגדרת משימות ונהלים לשיפור ההתמודדות עם סופות עתידיות.	f
80	18	18	2	f	\N	f
81	19	18	0	t	לאור סקר הצרכים שיוצג בישיבה כדאי לשקול מספר רכישות	f
83	20	13	0	f	הנושא חשוב מאוד.<br>אם נעשה כמו שצריך רולניק יהיה מבסוט.	f
84	21	13	0	f	ועוד פגישה מענייננת כי הנושא הזה לא נסגר.	f
85	22	13	0	f	פגישת סיכום. חייבים לסגור את העניינים.<br><br>	f
86	23	4	0	f	המון המון מילים המון המון מילים המון המון מילים המון המון מילים המון המון מילים המון המון מילים המון המון מילים המון המון מילים המון המון מילים 	f
88	23	19	2	f	רקע ראשוני מאוד. ממש זך כאילו נולד כרגע. <br>כיף להריח אותו (:	f
90	24	21	0	f		f
92	24	4	2	t	\N	f
94	24	19	4	t	\N	f
96	24	22	6	t	chic	f
97	25	21	0	t	\N	f
101	26	27	0	t	<div>EDR Austin LLC, is entitled to rebate for installation of energy efficient equipment at its facility located at 2400 Nueces St., Austin, Texas.</div>	f
102	26	28	1	t	Based on the decision 1974-103 and the requests of the companies.	f
103	26	29	2	t	<div><br></div>	f
104	26	30	3	f	<div>The property in 4700 Winnebago Lane is approximately 9.41 acres of land out of Lot 1, Block E of the Missouri-Pacific Industrial Park, Section One, a subdivision situated in Travis County, Texas, acquired from Austin Resource Recovery. </div>	f
47	9	9	4	f	\N	f
39	8	9	4	f	\N	f
57	11	9	4	f	\N	f
66	12	9	5	f	\N	f
82	19	9	1	f	רקע רקע רקע, שישאר ברקע	f
89	23	9	3	f	חייבים לדבר על זה שוב	f
12	3	6	5	f	<p>בסדר ואיך אתה?</p>	f
15	4	6	2	f	\N	f
32	7	9	4	f	\N	f
110	29	26	4	f	s	f
19	5	6	2	f	\N	f
22	6	6	0	f	\N	f
28	7	6	0	f	\N	f
35	8	6	0	f	\N	f
43	9	6	0	f	\N	f
53	11	6	0	f	\N	f
62	12	6	1	f	\N	f
87	23	6	1	f	\N	f
34	7	10	6	f		f
74	16	17	1	f	שלום ובניו עושים בעיות<br>צריך להעיף אותם מהבניין אבל הם יפוצצו לנו את הצורה<br>או שכולנו נעזוב יחד כמו שפנים.	f
76	17	17	1	f	\N	f
79	18	17	1	f	\N	f
95	24	17	5	f	\N	f
100	25	17	3	f	\N	f
109	29	17	3	f	\N	f
27	6	9	5	f		f
41	8	10	6	f	\N	f
49	9	10	6	f	\N	f
59	11	10	6	f	\N	f
67	12	10	6	f	\N	f
93	24	10	3	f	\N	f
99	25	10	2	f	\N	f
106	29	10	0	f	\N	f
26	6	7	4	f	\N	f
33	7	7	5	f	\N	f
40	8	7	5	f	\N	f
48	9	7	5	f	\N	f
58	11	7	5	f	\N	f
61	12	7	0	f	\N	f
91	24	7	1	f	\N	f
98	25	7	1	f	\N	f
107	29	7	1	f	\N	f
42	8	11	7	f		f
21	5	7	4	f		f
50	9	11	7	f	\N	f
60	11	11	7	f	\N	f
68	12	11	7	f	\N	f
69	13	11	0	f	\N	f
70	14	11	0	f	\N	f
71	15	11	0	f		f
73	16	11	0	f	רקע לפגישה ישנה	f
75	17	11	0	f	רקע לפגישה חדשה	f
78	18	11	0	f	\N	f
108	29	11	2	f	קרע חדש	f
111	31	41	0	f	הוספת רקע לבדיקה איך נראה הטקסט גם מהמייל וגם באתר עצמו. ככה עושים בדיקות בצורה המקצועית ביותר.<br>	f
112	31	42	1	f	חשוב שיהיה טקסט מפורט לרקע כדי שנדע איך זה נראה במייל.<br>	f
113	31	43	2	f	עריכת רקע בצורה סבבה. הרבה מלל לבדיקת התצוגה במייל ובכלל. עריכת רקע בצורה סבבה. הרבה מלל לבדיקת התצוגה במייל ובכלל. עריכת רקע בצורה סבבה. הרבה מלל לבדיקת התצוגה במייל ובכלל. <br>	f
114	31	44	3	f		f
121	33	47	1	f	\N	f
126	34	47	1	f	\N	f
131	35	47	1	f	\N	f
135	36	47	0	f	\N	f
140	37	47	1	f	\N	f
139	37	52	0	f		f
118	32	45	3	f	הוספת רקע לבדיקה איך נראה הטקסט גם מהמייל וגם באתר עצמו. ככה עושים בדיקות בצורה המקצועית ביותר.<br>	f
123	33	45	3	f	\N	f
128	34	45	3	f	\N	f
133	35	45	3	f	\N	f
137	36	45	2	f	\N	f
142	37	45	3	f	\N	f
115	32	48	0	f		f
120	33	48	0	f	\N	f
125	34	48	0	f	\N	f
130	35	48	0	f	\N	f
144	37	53	5	f		f
119	32	49	4	f		f
124	33	49	4	f	\N	f
129	34	49	4	f	\N	f
134	35	49	4	f	\N	f
138	36	49	3	f	\N	f
143	37	49	4	f	\N	f
117	32	46	2	f	חשוב שיהיה טקסט מפורט לרקע כדי שנדע איך זה נראה במייל.<br>	f
122	33	46	2	f	\N	f
127	34	46	2	f	\N	f
132	35	46	2	f	\N	f
136	36	46	1	f	\N	f
141	37	46	2	f	\N	f
116	32	47	1	f	עריכת רקע בצורה סבבה. הרבה מלל לבדיקת התצוגה במייל ובכלל. עריכת רקע \nבצורה סבבה. הרבה מלל לבדיקת התצוגה במייל ובכלל. עריכת רקע בצורה סבבה. \nהרבה מלל לבדיקת התצוגה במייל ובכלל. <br>	f
\.


--
-- Name: meetings_agendaitem_id_seq; Type: SEQUENCE SET; Schema: public; Owner: oc_yaniv
--

SELECT pg_catalog.setval('meetings_agendaitem_id_seq', 144, true);


--
-- Data for Name: meetings_meeting; Type: TABLE DATA; Schema: public; Owner: oc_yaniv
--

COPY meetings_meeting (id, community_id, created_at, created_by_id, held_at, scheduled_at, location, comments, summary, guests, uid, title) FROM stdin;
1	1	2013-10-23 21:08:11.331304+00	1	2013-10-23 21:08:00+00	2013-10-23 21:08:11.331125+00	\N	\N	איפה נראה את המשחק.\nבראשון או במודיעין		5z385fqaacw66qdjd3e32ope	\N
2	1	2013-11-04 20:19:41.958657+00	2	2013-10-28 10:00:00+00	2013-10-28 10:00:00+00	משרדי גוגל, יגאל אלון 	<p> </p>\n<p><span style="text-decoration: none;">פגישה ראשונה אחרי החגים, במטרה להכין את ההאקתון הבא ולסכם את תהליך החזון הארגוני שעשינו.</span></p>	ממש מכוער	\N	6uzymhb70vl710arufwcrd2e	ועד #4
3	1	2013-11-13 05:21:56.114432+00	2	2013-11-07 10:33:00+00	2013-11-07 10:33:00+00			1 sdf\n2<br> sdf\n3<br> sdf\n4<br> sdf\n5 <br>sdf	\N	0ugeg5kh5a0agjf8u9acwutb	
4	1	2013-11-15 14:56:19.490681+00	2	2013-09-12 21:00:00+00	2013-09-12 21:00:00+00			שלום עליכם	\N	fyuiqxejoscwxxe8ts8noap0	
5	1	2013-11-16 16:22:00.302664+00	2	2013-11-16 14:59:00+00	2013-11-16 14:59:00+00			\N	\N	y24j8g3kwp52asblclsptkww	
6	1	2013-11-17 08:54:47.372745+00	2	2013-11-16 22:00:00+00	2013-11-22 22:00:00+00			\N	\N	jgfdc3ogz2f332u8i4hlgf8g	
7	1	2013-11-22 08:08:15.792825+00	2	2013-11-22 08:08:11+00	2013-11-22 08:08:15.792669+00	\N	\N	סיכום פגישה<br>שורה שניה<br><b>ומודגש</b> וקו <u>תחתי</u><br><ol><li>יפה?</li><li>יפה 2?</li></ol>כיף לשמוע.	\N	pom9siwh0v1xecm4cfi5grzu	\N
8	1	2013-11-23 21:18:44.670392+00	2	2013-11-23 21:18:00+00	2013-11-23 21:18:44.67023+00			\N	\N	2fe0gpl9626zlo6p3ni2qea1	
9	1	2013-11-24 09:55:55.928248+00	2	2013-11-24 09:55:00+00	2013-11-29 22:00:00+00		ךדלח ךלח ףךחלףךלחֿ<br>ךלחךלשחדיג כףך<br> ךףלדחג ךףכלח דשגכ	\N	\N	lzkixvgcidpml0pcgcgbok0r	
10	2	2013-11-24 11:08:09.845232+00	2	2013-11-24 11:08:00+00	2013-11-24 11:08:09.845076+00	\N	\N	\N	אליהו הנביא	vf7kj1n4jfn14yjfsablw2ix	\N
11	1	2013-11-24 14:32:08.186685+00	2	2013-11-24 14:32:00+00	2013-11-24 14:32:08.186522+00	\N	\N	\N	\N	fc4n48e69efhzu838h2697r9	\N
12	1	2013-11-24 15:07:08.363315+00	1	2013-11-24 15:07:00+00	2013-11-27 22:00:00+00					orjsf4yv3thxn8wtcf35ab4j	
13	1	2013-12-12 09:15:03.141778+00	2	2013-11-25 22:00:00+00	2013-11-25 22:00:00+00	שם	רקע מדהים ורב מידע<br>להחריד	\N	\N	mn89h9sqp4j9ny9q4hpgplts	שם הפגישה
14	1	2013-12-12 09:16:20.261603+00	2	2013-12-12 09:16:00+00	2013-12-12 09:16:20.26142+00	פה		סיכום מפואר ורב מידע<br>בשתי שורות	\N	zagpkptpj3e70wqw9k616p4j	פגישה עם סיכום
15	1	2013-12-15 04:56:08.502441+00	2	2013-12-15 04:56:00+00	2013-12-15 04:56:08.502238+00	\N	\N	סיכום הפגישה, צריך להיות משהו אחר ברקע, לא האפור הזה.	חיים	hr6wfm9uvigqcbinrr26ddrw	\N
16	1	2013-12-15 10:55:52.000724+00	2	2013-12-15 10:55:00+00	2013-12-15 10:55:52.000534+00	\N	\N	\N	\N	55sfrac24uwnk7hjvoxek34q	\N
17	1	2013-12-15 11:54:52.526805+00	2	2013-12-13 22:00:00+00	2013-12-13 22:00:00+00	מאדים		\N	\N	ft6t70iztfbk3m02bk3c2fjh	פגישת ועד 5
18	1	2013-12-15 11:58:41.290898+00	2	2013-12-15 11:58:00+00	2013-12-15 11:58:41.290733+00	\N	\N	\N	\N	egxwb9e8a3vrtrlwwu4x3io2	\N
19	1	2013-12-24 08:49:25.294435+00	2	2013-12-12 22:00:00+00	2013-12-12 22:00:00+00	פלוטו		סיכום הפגישה, אם יש...	חיים שני	3cf03jaln1bvl6p85h0aktb4	פגישת ועד 6
20	2	2013-12-30 19:35:14.594321+00	2	2013-11-28 22:00:00+00	2013-11-28 22:00:00+00			\N	\N	t91d9ydywaawa5v3runijpgp	
21	2	2013-12-30 19:36:32.555427+00	2	2013-12-30 19:36:00+00	2013-12-30 19:36:32.555241+00	\N	\N	\N	\N	3ltqrruiulzegg0yl3ifej2j	\N
22	2	2013-12-30 19:38:50.340972+00	2	2013-12-30 19:38:00+00	2013-12-30 19:38:50.34081+00	\N	\N	\N	\N	affoqgbl6ds1ta7rp7px7k8i	\N
23	1	2014-01-02 00:10:29.706757+00	2	2014-01-02 00:10:00+00	2014-01-10 18:00:00+00	בבור - מחילה 3 משמאל	פגישה סופר חשובה. <br>נא להגיע <b><u>בזמן</u></b>, לדפוק שלוש פעמים וללחוש את הסיסמה בקול רם בשקט. 	\N		2w57yew8swa5m1igsod1xha3	פגישת אסטרטגיה
24	1	2014-01-15 10:55:28.936763+00	2	2014-01-15 10:55:00+00	2014-01-30 22:00:00+00	אי שם בקצה העולם. במקום שבו הקשת בענן פוגשת את אמא אדמה.		\N	משה\nמושון\nצביקה	326ft1xdkups8salnivaywd5	הפגישה הקרובה מאוד. ממש קרובה. סנטימטר מקסימום.
25	1	2014-01-15 11:19:26.073671+00	2	2014-01-15 11:19:00+00	2014-01-15 11:19:26.073438+00	\N	\N	\N		7wbcyy6acfpjpe2yw0zz804z	\N
26	6	2014-02-20 19:36:30.591503+00	2	2014-01-23 08:00:00+00	2014-01-23 08:00:00+00	Council  Chambers		\N		ypmhbryxxjf3vwf104jus6um	Regular Meeting of the City Council
27	6	2014-02-20 21:07:57.487805+00	2	2014-01-08 22:00:00+00	2014-01-08 22:00:00+00			\N		e6il9dtyijdujnvqhz6ha42b	Regular Meeting of the City Council 
28	6	2014-02-20 21:20:56.922195+00	2	2013-12-25 22:00:00+00	2013-12-25 22:00:00+00			\N		7lh08277m7sxth3xm9zy0ebz	Regular Meeting of the City Council
29	1	2014-04-01 09:27:40.598523+00	25	2014-04-01 09:27:00+00	2014-04-01 09:27:40.598363+00	\N	\N	\N	חבר של יניב\nYaniv M [yaniv@aol.com]\nחיים שני\nצביקה\nMoshik [mosh@moshmosh.com]	2wc62o6bok34otcvx0ojzz0l	\N
30	7	2015-04-01 10:40:56.328201+00	6	2015-04-01 10:40:00+00	2015-04-02 07:00:00+00	אי שם	ככה נראית בדיקת טקסט לרקע לנושא של סדר יום של פגישה לבדיקת פיצ'רים חדשים.<br>	\N		1825d0x9006eky0jvcqyhd7t	פגישה ראשונה
31	1	2015-04-11 10:31:53.952062+00	6	2014-12-19 22:00:00+00	2014-12-19 22:00:00+00	מרכז הארץ	ניפגש לכוס קפה שחור בוץ	\N		6tzeoafrxextfyc095zipnrf	פגישה מאד מעניינת
32	7	2015-04-13 16:10:46.205953+00	6	2015-04-13 16:10:00+00	2020-11-11 16:00:00+00		המטרה של פגישה זו היא לבדוק את הפיצ'רים החדשים של הצבעה מתוך המייל על הצעת החלטה והעלאת טיעון בעד או נגד הצעת החלטה. בדקו ותיהנו!<br>	\N		nyu7pblhkiwvv1578r4ef6nj	פגישת בדיקה
33	7	2015-04-13 16:15:47.089245+00	6	2015-04-13 16:15:00+00	2015-04-13 16:15:47.08908+00	\N	\N	\N		2vbib24mtg38k7f6nzprds0x	\N
34	7	2015-04-13 16:17:44.683666+00	6	2015-04-13 16:17:00+00	2015-04-13 16:17:44.683505+00	\N	\N	\N		f2dn3e8ic1sd98lpotc6y6al	\N
35	7	2015-04-13 17:13:36.120297+00	6	2015-04-13 17:13:00+00	2015-04-13 17:13:36.12009+00	\N	\N	\N		s0lmp2lykacgim8pkax4k9nv	\N
36	7	2015-04-13 17:17:01.659864+00	6	2015-04-13 17:16:00+00	2015-04-13 17:17:01.6597+00	\N	\N	\N		fyf0kfmeejk56qrqlqkkftyk	\N
37	7	2015-04-14 15:23:04.336523+00	6	2015-04-14 15:22:00+00	2015-04-14 15:23:04.33635+00	\N	\N	\N		3gbzs027ps4lrkno2eywi209	\N
\.


--
-- Name: meetings_meeting_id_seq; Type: SEQUENCE SET; Schema: public; Owner: oc_yaniv
--

SELECT pg_catalog.setval('meetings_meeting_id_seq', 37, true);


--
-- Data for Name: meetings_meetingexternalparticipant; Type: TABLE DATA; Schema: public; Owner: oc_yaniv
--

COPY meetings_meetingexternalparticipant (id, meeting_id, name) FROM stdin;
\.


--
-- Name: meetings_meetingexternalparticipant_id_seq; Type: SEQUENCE SET; Schema: public; Owner: oc_yaniv
--

SELECT pg_catalog.setval('meetings_meetingexternalparticipant_id_seq', 1, false);


--
-- Data for Name: meetings_meetingparticipant; Type: TABLE DATA; Schema: public; Owner: oc_yaniv
--

COPY meetings_meetingparticipant (id, meeting_id, ordinal, user_id, display_name, default_group_name, is_absent) FROM stdin;
1	1	0	2	בועז חן	board	f
2	1	1	1	Yaniv Mirel	chairman	f
3	15	0	2	בועז חן	chairman	f
4	19	0	5	עמיר	chairman	f
5	19	1	7	ארז	chairman	f
6	19	2	2	בועז חן	chairman	f
7	23	0	7	ארז	chairman	f
8	23	1	8	ShlomiZigart	chairman	f
9	24	0	4	בועז החבר	member	f
10	24	1	7	ארז	chairman	f
11	24	2	8	ShlomiZigart	chairman	f
12	24	3	5	עמיר	chairman	f
13	24	4	1	יניב מיראל	chairman	f
14	24	5	2	בועז חן	chairman	f
15	25	0	2	בועז חן	chairman	f
16	26	0	16	Sheryl Cole	chairman	f
17	26	1	17	Chris Riley 	board	f
18	26	2	18	William Spelman	board	f
19	26	3	19	Mike Martinez	board	f
20	26	4	21	Laura Morrison	board	f
21	26	5	20	Kathie Tovo	board	f
22	26	6	22	Lee Leffingwell 	chairman	t
23	27	0	16	Sheryl Cole	chairman	f
24	27	1	17	Chris Riley 	board	f
25	27	2	18	William Spelman	board	f
26	27	3	19	Mike Martinez	board	f
27	27	4	21	Laura Morrison	board	f
28	27	5	22	Lee Leffingwell 	chairman	f
29	27	6	20	Kathie Tovo	board	f
30	28	0	18	William Spelman	board	f
31	28	1	22	Lee Leffingwell 	chairman	f
32	28	2	20	Kathie Tovo	board	f
33	28	3	16	Sheryl Cole	chairman	t
34	28	4	17	Chris Riley 	board	t
35	28	5	19	Mike Martinez	board	t
36	28	6	21	Laura Morrison	board	t
37	29	0	4	Bob Member	member	f
38	29	1	24	Amir board	board	f
39	29	2	5	עמיר	chairman	f
40	29	3	1	יניב מיראל	chairman	t
41	29	4	2	Boaz Chen	chairman	t
42	29	5	7	ארז	chairman	t
43	29	6	8	ShlomiZigart	chairman	t
44	29	7	10	Itay Sagi	chairman	t
45	29	8	11	Kate	chairman	t
46	29	9	12	Eitan Burcat	chairman	t
47	29	10	25	Boaz New	chairman	t
48	30	0	6	אהרן פורת	chairman	f
49	31	0	4	Bob Member	member	f
50	31	1	6	אהרן פורת	chairman	f
51	31	2	1	יניב מיראל	chairman	t
52	31	3	2	Boaz Chen	chairman	t
53	31	4	5	עמיר	chairman	t
54	31	5	7	ארז	chairman	t
55	31	6	8	ShlomiZigart	chairman	t
56	31	7	10	Itay Sagi	chairman	t
57	31	8	11	Kate	chairman	t
58	31	9	12	Eitan Burcat	chairman	t
59	31	10	24	Amir board	board	t
60	31	11	25	Boaz New	chairman	t
61	31	12	26	אופיר רז	board	t
62	32	0	6	אהרן פורת	chairman	f
63	32	1	1	יניב מיראל	chairman	t
64	33	0	6	אהרן פורת	chairman	f
65	33	1	1	יניב מיראל	chairman	t
66	34	0	1	יניב מיראל	chairman	t
67	34	1	6	אהרן פורת	chairman	t
68	35	0	1	יניב מיראל	chairman	t
69	35	1	6	אהרן פורת	chairman	t
70	36	0	1	יניב מיראל	chairman	t
71	36	1	6	אהרן פורת	chairman	t
72	37	0	1	יניב מיראל	chairman	t
73	37	1	2	Boaz Chen	chairman	t
74	37	2	6	אהרן פורת	chairman	t
\.


--
-- Name: meetings_meetingparticipant_id_seq; Type: SEQUENCE SET; Schema: public; Owner: oc_yaniv
--

SELECT pg_catalog.setval('meetings_meetingparticipant_id_seq', 74, true);


--
-- Data for Name: shultze_issueedge; Type: TABLE DATA; Schema: public; Owner: oc_yaniv
--

COPY shultze_issueedge (id, graph_id, from_node_id, to_node_id, weight) FROM stdin;
1	1	1	2	0
2	1	1	3	0
4	1	1	5	0
5	1	1	6	0
7	1	1	8	0
8	1	1	9	0
9	1	1	10	0
10	1	1	11	0
11	1	1	12	0
13	1	1	14	0
14	1	1	15	0
15	1	1	16	0
16	1	1	17	0
17	1	2	1	0
18	1	2	3	0
19	1	2	4	0
20	1	2	5	0
21	1	2	6	0
22	1	2	7	0
23	1	2	8	0
24	1	2	9	0
25	1	2	10	0
26	1	2	11	0
27	1	2	12	0
28	1	2	13	0
29	1	2	14	0
30	1	2	15	0
31	1	2	16	0
32	1	2	17	0
33	1	3	1	0
34	1	3	2	0
35	1	3	4	0
36	1	3	5	0
37	1	3	6	0
38	1	3	7	0
39	1	3	8	0
40	1	3	9	0
41	1	3	10	0
42	1	3	11	0
43	1	3	12	0
44	1	3	13	0
45	1	3	14	0
46	1	3	15	0
47	1	3	16	0
48	1	3	17	0
50	1	4	2	0
51	1	4	3	0
52	1	4	5	0
53	1	4	6	0
55	1	4	8	0
56	1	4	9	0
57	1	4	10	0
58	1	4	11	0
59	1	4	12	0
61	1	4	14	0
62	1	4	15	0
63	1	4	16	0
64	1	4	17	0
65	1	5	1	0
66	1	5	2	0
67	1	5	3	0
68	1	5	4	0
69	1	5	6	0
70	1	5	7	0
71	1	5	8	0
72	1	5	9	0
73	1	5	10	0
74	1	5	11	0
75	1	5	12	0
76	1	5	13	0
77	1	5	14	0
78	1	5	15	0
79	1	5	16	0
80	1	5	17	0
81	1	6	1	0
82	1	6	2	0
83	1	6	3	0
84	1	6	4	0
85	1	6	5	0
86	1	6	7	0
87	1	6	8	0
88	1	6	9	0
89	1	6	10	0
90	1	6	11	0
91	1	6	12	0
92	1	6	13	0
93	1	6	14	0
94	1	6	15	0
95	1	6	16	0
96	1	6	17	0
98	1	7	2	0
99	1	7	3	0
101	1	7	5	0
102	1	7	6	0
103	1	7	8	0
104	1	7	9	0
105	1	7	10	0
106	1	7	11	0
107	1	7	12	0
109	1	7	14	0
110	1	7	15	0
111	1	7	16	0
112	1	7	17	0
113	1	8	1	0
114	1	8	2	0
115	1	8	3	0
116	1	8	4	0
117	1	8	5	0
118	1	8	6	0
119	1	8	7	0
120	1	8	9	0
121	1	8	10	0
122	1	8	11	0
123	1	8	12	0
124	1	8	13	0
125	1	8	14	0
126	1	8	15	0
127	1	8	16	0
128	1	8	17	0
129	1	9	1	0
130	1	9	2	0
131	1	9	3	0
132	1	9	4	0
133	1	9	5	0
134	1	9	6	0
135	1	9	7	0
136	1	9	8	0
137	1	9	10	0
138	1	9	11	0
139	1	9	12	0
140	1	9	13	0
141	1	9	14	0
142	1	9	15	0
143	1	9	16	0
144	1	9	17	0
145	1	10	1	0
146	1	10	2	0
147	1	10	3	0
148	1	10	4	0
149	1	10	5	0
150	1	10	6	0
151	1	10	7	0
152	1	10	8	0
153	1	10	9	0
154	1	10	11	0
155	1	10	12	0
156	1	10	13	0
157	1	10	14	0
158	1	10	15	0
159	1	10	16	0
160	1	10	17	0
161	1	11	1	0
162	1	11	2	0
163	1	11	3	0
164	1	11	4	0
165	1	11	5	0
166	1	11	6	0
167	1	11	7	0
168	1	11	8	0
169	1	11	9	0
170	1	11	10	0
100	1	7	4	1
108	1	7	13	0
3	1	1	4	1
97	1	7	1	0
6	1	1	7	1
49	1	4	1	0
12	1	1	13	1
171	1	11	12	0
172	1	11	13	0
173	1	11	14	0
174	1	11	15	0
175	1	11	16	0
176	1	11	17	0
177	1	12	1	0
178	1	12	2	0
179	1	12	3	0
180	1	12	4	0
181	1	12	5	0
182	1	12	6	0
183	1	12	7	0
184	1	12	8	0
185	1	12	9	0
186	1	12	10	0
187	1	12	11	0
188	1	12	13	0
189	1	12	14	0
190	1	12	15	0
191	1	12	16	0
192	1	12	17	0
194	1	13	2	0
195	1	13	3	0
197	1	13	5	0
198	1	13	6	0
200	1	13	8	0
201	1	13	9	0
202	1	13	10	0
203	1	13	11	0
204	1	13	12	0
205	1	13	14	0
206	1	13	15	0
207	1	13	16	0
208	1	13	17	0
209	1	14	1	0
210	1	14	2	0
211	1	14	3	0
212	1	14	4	0
213	1	14	5	0
214	1	14	6	0
215	1	14	7	0
216	1	14	8	0
217	1	14	9	0
218	1	14	10	0
219	1	14	11	0
220	1	14	12	0
221	1	14	13	0
222	1	14	15	0
223	1	14	16	0
224	1	14	17	0
225	1	15	1	0
226	1	15	2	0
227	1	15	3	0
228	1	15	4	0
229	1	15	5	0
230	1	15	6	0
231	1	15	7	0
232	1	15	8	0
233	1	15	9	0
234	1	15	10	0
235	1	15	11	0
236	1	15	12	0
237	1	15	13	0
238	1	15	14	0
239	1	15	16	0
240	1	15	17	0
241	1	16	1	0
242	1	16	2	0
243	1	16	3	0
244	1	16	4	0
245	1	16	5	0
246	1	16	6	0
247	1	16	7	0
248	1	16	8	0
249	1	16	9	0
250	1	16	10	0
251	1	16	11	0
252	1	16	12	0
253	1	16	13	0
254	1	16	14	0
255	1	16	15	0
256	1	16	17	0
257	1	17	1	0
258	1	17	2	0
259	1	17	3	0
260	1	17	4	0
261	1	17	5	0
262	1	17	6	0
263	1	17	7	0
264	1	17	8	0
265	1	17	9	0
266	1	17	10	0
267	1	17	11	0
268	1	17	12	0
269	1	17	13	0
270	1	17	14	0
271	1	17	15	0
272	1	17	16	0
54	1	4	7	0
199	1	13	7	1
60	1	4	13	0
193	1	13	1	0
196	1	13	4	1
\.


--
-- Name: shultze_issueedge_id_seq; Type: SEQUENCE SET; Schema: public; Owner: oc_yaniv
--

SELECT pg_catalog.setval('shultze_issueedge_id_seq', 272, true);


--
-- Data for Name: shultze_issuenode; Type: TABLE DATA; Schema: public; Owner: oc_yaniv
--

COPY shultze_issuenode (id, graph_id, issue_id) FROM stdin;
1	1	21
2	1	7
3	1	5
4	1	4
5	1	3
6	1	1
7	1	10
8	1	6
9	1	9
10	1	19
11	1	15
12	1	11
13	1	17
14	1	8
15	1	18
16	1	2
17	1	16
\.


--
-- Name: shultze_issuenode_id_seq; Type: SEQUENCE SET; Schema: public; Owner: oc_yaniv
--

SELECT pg_catalog.setval('shultze_issuenode_id_seq', 17, true);


--
-- Data for Name: shultze_issuesgraph; Type: TABLE DATA; Schema: public; Owner: oc_yaniv
--

COPY shultze_issuesgraph (id, community_id) FROM stdin;
1	1
\.


--
-- Name: shultze_issuesgraph_id_seq; Type: SEQUENCE SET; Schema: public; Owner: oc_yaniv
--

SELECT pg_catalog.setval('shultze_issuesgraph_id_seq', 1, true);


--
-- Data for Name: south_migrationhistory; Type: TABLE DATA; Schema: public; Owner: oc_yaniv
--

COPY south_migrationhistory (id, app_name, migration, applied) FROM stdin;
1	django_extensions	0001_empty	2013-10-21 07:38:42.314033+00
2	users	0001_initial	2013-10-21 07:38:42.435602+00
3	communities	0001_initial	2013-10-21 07:38:42.474084+00
4	users	0002_auto__add_membership__add_unique_membership_community_user__add_invita	2013-10-21 07:38:42.5316+00
5	communities	0002_auto__add_field_community_uid	2013-10-21 07:38:42.611749+00
6	communities	0003_auto__chg_field_community_uid__add_unique_community_uid	2013-10-21 07:38:42.664145+00
7	communities	0004_auto__add_field_community_is_public	2013-10-21 07:38:42.68997+00
8	communities	0005_auto__add_field_community_upcoming_meeting_title	2013-10-21 07:38:42.704347+00
9	communities	0006_auto__add_field_community_logo__add_field_community_official_identifie	2013-10-21 07:38:42.721432+00
10	meetings	0001_initial	2013-10-21 07:38:42.823435+00
11	issues	0001_initial	2013-10-21 07:38:42.961927+00
12	issues	0002_auto__add_field_issuecomment_uid__add_field_issue_uid__add_field_propo	2013-10-21 07:38:43.044814+00
13	issues	0003_auto__chg_field_issuecomment_uid__add_unique_issuecomment_uid__chg_fie	2013-10-21 07:38:43.235871+00
14	issues	0004_auto__add_field_issue_completed	2013-10-21 07:38:43.283136+00
15	issues	0005_auto__add_field_issue_status__add_field_proposal_status__add_field_pro	2013-10-21 07:38:43.346883+00
16	issues	0005_auto__add_issueattachment	2013-10-21 07:38:43.39639+00
17	issues	0006_upgrade_issue_status	2013-10-21 07:38:43.428383+00
18	issues	0007_auto__add_field_issuecomment_meeting	2013-10-21 07:38:43.46734+00
19	issues	0008_upgrade_issue_comments	2013-10-21 07:38:43.498798+00
20	issues	0009_auto__del_field_issue_in_upcoming_meeting__del_field_issue_closed_at_m	2013-10-21 07:38:43.533387+00
21	issues	0010_auto__add_field_issue_is_published	2013-10-21 07:38:43.577814+00
22	issues	0011_merge_models	2013-10-21 07:38:43.610309+00
23	meetings	0002_auto__add_agendaitem__add_unique_agendaitem_meeting_issue	2013-10-21 07:38:43.731673+00
24	meetings	0003_auto__add_field_meeting_uid	2013-10-21 07:38:43.758048+00
25	meetings	0004_auto__chg_field_meeting_uid__add_unique_meeting_uid	2013-10-21 07:38:43.84454+00
26	meetings	0005_auto__add_field_meeting_title	2013-10-21 07:38:43.869422+00
27	communities	0007_auto__add_field_community_straw_voting_enabled__add_field_community_vo	2013-11-12 19:20:54.474666+00
28	issues	0012_auto__add_voteresult	2013-11-12 19:20:54.579169+00
29	issues	0013_auto__chg_field_proposalvote_value	2013-11-12 19:20:54.660643+00
30	issues	0014_auto__add_field_voteresult_timestamp__chg_field_voteresult_meeting	2013-11-13 16:45:16.095493+00
31	meetings	0006_auto__add_field_agendaitem_background	2013-12-12 05:20:06.787294+00
32	meetings	0007_update_agendaitem_background	2013-12-12 05:20:06.903418+00
33	communities	0008_auto__add_field_community_order_ranking_enabled	2013-12-24 17:30:09.044113+00
34	communities	0009_auto__del_field_community_order_ranking_enabled__add_field_community_i	2013-12-24 17:30:09.085001+00
35	issues	0015_auto__add_issuerankingvote	2013-12-24 17:30:09.2747+00
36	issues	0016_auto__add_field_issue_order_by_votes	2013-12-24 17:30:09.344043+00
37	issues	0017_auto__chg_field_issueattachment_file	2013-12-24 17:30:09.449067+00
38	communities	0010_auto__add_field_community_allow_links_in_emails	2013-12-30 15:09:10.386299+00
39	communities	0011_auto__add_field_community_register_missing_board_members__chg_field_co	2014-01-22 13:32:10.212925+00
40	issues	0018_auto__add_field_issueattachment_agenda_item	2014-01-22 13:32:10.354584+00
41	issues	0019_auto__add_field_proposalvote_registered_by_chairman	2014-01-22 13:32:10.430684+00
42	meetings	0008_auto__add_field_meetingparticipant_is_absent	2014-01-22 13:32:10.553174+00
43	users	0003_auto__add_field_invitation_name	2014-02-03 12:06:43.822133+00
44	issues	0019_auto__add_proposalvoteboard__add_unique_proposalvoteboard_proposal_use	2014-02-04 22:18:30.424301+00
45	issues	0020_auto__del_field_proposalvote_registered_by_chairman__add_field_proposa	2014-02-04 22:18:30.477781+00
46	issues	0020_auto__add_field_proposalvote_registered_by	2014-02-09 20:11:32.490466+00
47	issues	0021_auto__add_field_proposalvoteboard_voted_by_chairman__del_field_proposa	2014-02-19 16:22:08.005711+00
48	issues	0022_auto__add_field_proposal_task_completed	2014-02-26 10:30:38.215263+00
49	taggit	0001_initial	2014-03-26 08:29:48.240715+00
50	taggit	0002_unique_tagnames	2014-03-26 08:29:48.324736+00
51	communities	0012_auto__add_field_community_email_invitees	2014-03-26 08:29:48.490535+00
52	issues	0023_auto__add_field_proposal_register_board_votes	2014-03-26 08:29:48.650851+00
53	users	0004_auto__add_field_membership_in_position_since	2014-04-08 07:02:48.807787+00
54	users	0005_posision_start_date	2014-04-08 07:02:49.019743+00
55	communities	0013_auto__add_field_community_inform_system_manager	2014-04-08 07:02:49.124695+00
56	communities	0014_auto__add_communityconfidentialreason__add_unique_communityconfidentia	2014-10-30 18:36:54.552262+00
57	communities	0015_add_confidential_reasons	2014-10-30 18:36:54.753286+00
58	communities	0016_auto__add_field_community_no_meetings_community	2014-10-30 18:36:54.813982+00
59	issues	0024_0024	2014-10-30 18:36:55.035939+00
60	issues	0025_auto__add_field_proposal_confidential_reason__add_field_proposal_is_co	2014-10-30 18:36:55.155849+00
61	meetings	0009_auto__add_field_agendaitem_is_confidential	2014-10-30 18:36:55.281237+00
62	issues	0026_auto__add_proposalvoteargument__add_proposalvoteargumentranking	2014-12-13 22:01:51.61969+00
63	issues	0027_auto__add_field_proposalvoteargumentranking_user	2014-12-13 22:01:51.775323+00
64	issues	0028_auto__add_field_proposalvoteargument_created_at__add_field_proposalvot	2014-12-13 22:01:51.846381+00
\.


--
-- Name: south_migrationhistory_id_seq; Type: SEQUENCE SET; Schema: public; Owner: oc_yaniv
--

SELECT pg_catalog.setval('south_migrationhistory_id_seq', 64, true);


--
-- Data for Name: taggit_tag; Type: TABLE DATA; Schema: public; Owner: oc_yaniv
--

COPY taggit_tag (id, name, slug) FROM stdin;
1	xfgf	xfgf
2	taggg 1	taggg-1
3	tag1	tag1
4	taggg 2	taggg-2
5	and needs work.	and-needs-work
6	great	great
7	not that great	not-that-great
8	needs work	needs-work
9	נוהל	
\.


--
-- Name: taggit_tag_id_seq; Type: SEQUENCE SET; Schema: public; Owner: oc_yaniv
--

SELECT pg_catalog.setval('taggit_tag_id_seq', 9, true);


--
-- Data for Name: taggit_taggeditem; Type: TABLE DATA; Schema: public; Owner: oc_yaniv
--

COPY taggit_taggeditem (id, tag_id, object_id, content_type_id) FROM stdin;
1	1	66	20
2	2	67	20
3	3	67	20
4	4	67	20
8	8	68	20
9	6	68	20
10	7	68	20
11	9	76	20
13	9	81	20
\.


--
-- Name: taggit_taggeditem_id_seq; Type: SEQUENCE SET; Schema: public; Owner: oc_yaniv
--

SELECT pg_catalog.setval('taggit_taggeditem_id_seq', 13, true);


--
-- Data for Name: users_invitation; Type: TABLE DATA; Schema: public; Owner: oc_yaniv
--

COPY users_invitation (id, community_id, created_at, created_by_id, email, message, code, user_id, default_group_name, status, times_sent, error_count, last_sent_at, name) FROM stdin;
10	1	2014-01-24 15:08:11.741413+00	2	boaz.chen+2@gmail.com	המערכת תאפשר לך מעורבות בתהליך קבלת ההחלטות של ההנהלה מצומצמת.\nאחרי אישור ההצטרפות ניתן לראות את הנושאים לדיון, את סדר היום לישיבה הקרובה, ואת סיכום ההחלטות מהישיבות הקודמות, ובעתיד ניתן יהיה גם לדון ולהשפיע עליהם.	9ddiz9wxijufrnm0g2x6camvboy7bxzxfia4x85ny0hjrwkd	\N	board	1	1	0	2014-01-24 15:08:11.746907+00	\N
11	1	2014-01-27 12:39:11.412044+00	5	amirmr8@mailinator.com	המערכת תאפשר לך מעורבות בתהליך קבלת ההחלטות של ההנהלה מצומצמת.\nאחרי אישור ההצטרפות ניתן לראות את הנושאים לדיון, את סדר היום לישיבה הקרובה, ואת סיכום ההחלטות מהישיבות הקודמות, ובעתיד ניתן יהיה גם לדון ולהשפיע עליהם.	y0oydqmjswmbwkt0jd6razd41xijux7bma71z30vzjcuuwbd	\N	member	1	1	0	2014-01-27 12:39:11.418022+00	\N
12	5	2014-02-09 21:47:37.329317+00	2	margo@bizzwords.com	The system will allow you to take part in decision-making process of Board. Once Joined you'll be able to see the topics for the agenda at the next meeting, Summary decisions at previous meetings, and in the near future you will be able to discuss and influence them.	noh48akxuqajwvyjvfuzhijacu27tkqxt5daoux0k32o6p3u	\N	chairman	1	1	0	2014-02-09 21:47:37.334336+00	Margo Sugarman
13	3	2014-02-09 21:50:55.870162+00	2	boaz.chen+invite@gmail.com	The system will allow you to take part in decision-making process of הנהלה. Once Joined you'll be able to see the topics for the agenda at the next meeting, Summary decisions at previous meetings, and in the near future you will be able to discuss and influence them.	bf1reakr3e7z4rduzfw1ad85uo3lthecfiqjn8isnjx4iaya	\N	member	1	1	0	2014-02-09 21:50:55.877012+00	boaz invite
14	3	2014-02-12 08:35:39.174856+00	2	boaz.chen+t@gmail.com	The system will allow you to take part in decision-making process of הנהלה. Once Joined you'll be able to see the topics for the agenda at the next meeting, Summary decisions at previous meetings, and in the near future you will be able to discuss and influence them.	s54h9ztzqbvtceggwxx2hw6jfy3u6vdl4sdhoyqfxw93dvbb	\N	member	1	1	0	2014-02-12 08:35:39.179857+00	boaz the To
17	1	2014-02-20 14:45:16.951981+00	2	boaz.chen+clinton@gmail.com	The system will allow you to take part in decision-making process of Board. Once Joined you'll be able to see the topics for the agenda at the next meeting, Summary decisions at previous meetings, and in the near future you will be able to discuss and influence them.	g56brl69zl0yyhh2n3gkq3kq56yglfvwcgd99g032vc7ncev	\N	member	1	1	0	2014-02-20 14:45:16.956839+00	Boaz Clinton
24	6	2015-03-07 10:54:10.471189+00	6	poaharon@gmail.com	המערכת תאפשר לך מעורבות בתהליך קבלת ההחלטות של City Counsil.\nאחרי אישור ההצטרפות ניתן לראות את הנושאים לדיון, את סדר היום לישיבה הקרובה, ואת סיכום ההחלטות מהישיבות הקודמות, ובעתיד ניתן יהיה גם לדון ולהשפיע עליהם.	b30jdc3rfwt46tyirhpb7ptlml56wjoiigyz9vazy3lr5879	\N	member	1	1	0	2015-03-07 10:54:10.476821+00	א' החבר
29	7	2015-04-13 17:46:40.966374+00	2	boaz.chen+dont@gmail.com	המערכת תאפשר לך מעורבות בתהליך קבלת ההחלטות של ועד.\nאחרי אישור ההצטרפות ניתן לראות את הנושאים לדיון, את סדר היום לישיבה הקרובה, ואת סיכום ההחלטות מהישיבות הקודמות, ובעתיד ניתן יהיה גם לדון ולהשפיע עליהם.	votz0qydqane559m10rd7pa4nqazpbzhtsdjlzm7w475jve4	\N	board	1	1	0	2015-04-13 17:46:40.972302+00	לא חושב
\.


--
-- Name: users_invitation_id_seq; Type: SEQUENCE SET; Schema: public; Owner: oc_yaniv
--

SELECT pg_catalog.setval('users_invitation_id_seq', 36, true);


--
-- Data for Name: users_membership; Type: TABLE DATA; Schema: public; Owner: oc_yaniv
--

COPY users_membership (id, community_id, user_id, default_group_name, created_at, invited_by_id, in_position_since) FROM stdin;
1	1	1	chairman	2013-10-22 16:04:17.843323+00	\N	2013-10-22
3	1	4	member	2013-10-28 20:20:50.054676+00	2	2013-10-28
4	1	5	chairman	2013-11-13 16:51:36.220454+00	1	2013-11-13
2	1	2	chairman	2013-10-22 16:04:17.845848+00	1	2013-10-22
6	1	7	chairman	2013-12-16 11:47:38.888044+00	2	2013-12-16
7	1	8	chairman	2013-12-16 18:08:42.220522+00	2	2013-12-16
8	3	9	member	2014-01-16 15:58:35.781025+00	1	2014-01-16
9	5	4	member	2014-02-16 23:31:27.70472+00	2	2014-02-17
10	1	10	chairman	2014-02-17 18:32:12.132839+00	1	2014-02-17
11	1	11	chairman	2014-02-18 14:50:24.948157+00	2	2014-02-18
12	1	12	chairman	2014-02-19 20:15:55.673138+00	2	2014-02-19
16	6	17	board	2014-02-20 16:24:28.553063+00	\N	2014-02-20
17	6	18	board	2014-02-20 16:25:08.232672+00	\N	2014-02-20
18	6	19	board	2014-02-20 16:26:29.904742+00	\N	2014-02-20
19	6	20	board	2014-02-20 16:27:05.51843+00	\N	2014-02-20
20	6	21	board	2014-02-20 16:28:15.518885+00	\N	2014-02-20
21	6	22	chairman	2014-02-20 16:46:45.568632+00	\N	2014-02-20
22	6	16	chairman	2014-02-20 16:47:24.591613+00	\N	2014-02-20
24	6	2	chairman	2014-02-20 21:46:14.823177+00	\N	2014-02-20
25	6	23	board	2014-02-22 06:20:47.069672+00	1	2014-02-22
26	1	24	board	2014-03-01 21:38:23.139138+00	\N	2014-03-01
27	1	25	chairman	2014-03-24 14:25:02.965847+00	2	2014-03-24
28	1	26	board	2014-12-21 21:44:06.172291+00	1	2014-12-21
29	4	27	member	2015-02-02 17:45:08.672215+00	6	2014-12-22
30	1	6	chairman	2015-02-09 18:20:07.076436+00	6	2014-12-22
31	2	6	member	2015-03-01 13:04:09.305491+00	6	2015-02-26
32	1	28	member	2015-03-01 13:11:52.495233+00	6	2015-02-26
33	7	6	chairman	2015-04-01 09:54:37.976281+00	\N	2015-03-30
34	7	28	member	2015-04-01 09:54:37.977291+00	6	2015-03-30
36	7	1	chairman	2015-04-01 11:58:54.35392+00	6	2015-03-30
38	7	2	chairman	2015-04-13 17:33:46.600085+00	2	2015-04-09
39	7	31	member	2015-04-27 16:49:26.339678+00	6	2015-04-15
40	7	32	member	2015-04-27 17:38:24.551306+00	6	2015-04-15
41	7	33	member	2015-04-27 17:51:41.672465+00	6	2015-04-15
42	7	34	member	2015-04-27 17:55:44.482641+00	6	2015-04-15
43	2	35	chairman	2015-05-04 09:37:01.029049+00	6	2015-04-15
\.


--
-- Name: users_membership_id_seq; Type: SEQUENCE SET; Schema: public; Owner: oc_yaniv
--

SELECT pg_catalog.setval('users_membership_id_seq', 43, true);


--
-- Data for Name: users_ocuser; Type: TABLE DATA; Schema: public; Owner: oc_yaniv
--

COPY users_ocuser (id, password, last_login, is_superuser, email, display_name, is_active, is_staff, date_joined) FROM stdin;
23	pbkdf2_sha256$10000$7yZZdzbJcJRm$kOm43wlU3wdnbjDdLGbNy1rrWF63YVFJdx1gCZfqBLs=	2014-02-22 06:21:11.986819+00	f	yaniv@board.com	Yaniv Board	t	f	2014-02-22 06:20:47.005761+00
9	pbkdf2_sha256$10000$NjyJGPRKjtzk$gSNjW7qtuYuqTRd6xohudYFjuMg5/4pKfOonht7vlYQ=	2014-02-12 08:03:13.598384+00	f	yanivmirel@hotmail.com	משה אופניק	t	f	2014-01-16 15:58:35.71453+00
20	pbkdf2_sha256$10000$17OhbOLTebfo$P87x+sm6RwnQVZHFvkuPinj69cq/dTczej87eIWqY8A=	2014-02-27 13:09:00.800121+00	f	boaz.chen+tovo@gmail.com	Kathie Tovo	t	f	2014-02-20 16:27:05.455802+00
4	pbkdf2_sha256$10000$dcvSYa6klMSe$13+oh+6MmXvdCrV7sOZo7Dl55mUwKKU1PHailuVwp3I=	2013-12-15 11:51:01+00	f	boaz.chen+1@gmail.com	Bob Member	t	f	2013-10-28 20:20:49.960834+00
19	pbkdf2_sha256$10000$1SrNo8Fu7HVO$t8f8ZN3BBBWaVKUsKgELHdZ9czyv+Bkvy/Jusy+lJDs=	2014-02-27 13:17:49.547254+00	f	boaz.chen+martinez@gmail.com	Mike Martinez	t	f	2014-02-20 16:26:29.843609+00
10	pbkdf2_sha256$10000$OBSfGjr7Q8u5$mJjEECyJlLHlABGvOmRLpg8fizF/bh2H3+nyyXbJCa8=	2014-02-17 18:32:12+00	f	tutke@hotmail.com	Itay Sagi	t	t	2014-02-17 18:32:12.065397+00
11	pbkdf2_sha256$10000$so0ILwj6dGKZ$wyVKtfxQjvM1FtVBx7LfZMArGeqvV1YV+05gTFHITT4=	2014-02-18 14:50:25.005746+00	f	kate@minuf.co.il	Kate	t	f	2014-02-18 14:50:24.891839+00
7	pbkdf2_sha256$10000$eLbbEx9J1lkM$5h7+DoyLu0n7PvRKllhnAn3i+WvJzFS2Yh4zYY5496A=	2013-12-16 11:47:38.99313+00	f	erezeden@gmail.com	ארז	t	f	2013-12-16 11:47:38.782005+00
8	pbkdf2_sha256$10000$iRZVebcKwZ9A$dFeafhM/B61iRAkdDPX6t0702TEkt7Xb3oJvSpt6yII=	2013-12-16 18:08:42.315387+00	f	zigartux@gmail.com	ShlomiZigart	t	f	2013-12-16 18:08:42.127282+00
12	pbkdf2_sha256$10000$LAUORgP5numA$sTzKB1VZNfLFpM25WEGlLIT8ms/9UL0y6gUqShel6JM=	2014-02-19 20:15:55.732097+00	f	eitan@eburcat.com	Eitan Burcat	t	f	2014-02-19 20:15:55.616591+00
13	pbkdf2_sha256$10000$k1KB9cI2RHCS$X46f/c3oBbO/GNbBnfGFTzgdks5JmgrdP0Jh/E1AsZc=	2014-02-20 14:02:16.360835+00	f	boaz.chen+bush@gmail.com	George Bush	t	f	2014-02-20 14:02:16.360876+00
14	pbkdf2_sha256$10000$6fdO5QNIjBWi$8DzkSQ9C/as/OFEtJ9DzAmvKC3ojEgOQcDc8tzmW1A8=	2014-02-20 14:11:13.958634+00	f	boaz.chen+obama@gmail.com	Barak Obama	t	f	2014-02-20 14:11:13.958675+00
15	pbkdf2_sha256$10000$Mwc3ntzMzJ1E$ZwoDSl+8+QTGZv3+lnpF8eESMyi9CWIn/DB2mwqQSH0=	2014-02-20 14:11:42.511255+00	f	boaz.chen+clinton@gmail.com	Bill Clinton	t	f	2014-02-20 14:11:42.511295+00
16	pbkdf2_sha256$10000$2r7xxSj7ahGN$l+YgUNS1CDWHzP3wFQ40iPmj7S/Mp2Yky6FkietXKCE=	2014-02-20 16:23:36+00	f	boaz.chen+Cole@gmail.com	Sheryl Cole	t	f	2014-02-20 16:23:36.536984+00
17	pbkdf2_sha256$10000$29vWpEagfCcT$s+pcsUi3R5xqvQdpA0bxq8do3cV75oIDSCOsIBBFmV4=	2014-02-20 16:24:14+00	f	boaz.chen+riley@gmail.com	Chris Riley 	t	f	2014-02-20 16:24:14.81002+00
18	pbkdf2_sha256$10000$kcfO81IdK3O4$palXltaPf3qXHqDr5i2UxHxUF1BrhT85P+usxmR1LCg=	2014-02-20 16:25:08+00	f	boaz.chen+Spelman@gmail.com	William Spelman	t	f	2014-02-20 16:25:08.167268+00
24	pbkdf2_sha256$10000$rGdeoxIXhtrW$J8L7yJ8ZT3Qdv8xGA9IpswUA8ToZOQM43z73lWKuEqc=	2014-03-01 21:40:40.061386+00	f	amir@mailinator.com	Amir board	t	f	2014-03-01 21:38:23.073745+00
21	pbkdf2_sha256$10000$8UyniMluqyGY$4W5B8ieZTFKPKNfgB2fZ3PeaNyqMf4cGS/UUqlw4qzY=	2014-02-20 16:28:15.45343+00	f	boaz.chen+morrison@gmail.com	Laura Morrison	t	f	2014-02-20 16:28:15.453467+00
5	pbkdf2_sha256$10000$jubfJxcHQ2Le$CsIZvwa5TekAFMVziINnAW3irQHDoWznowGMePUV1tY=	2014-03-01 22:13:17.20091+00	t	amirmr1@013.net	עמיר	t	t	2013-11-13 16:51:36.116808+00
22	pbkdf2_sha256$10000$loAQN8SeDjR4$OHJOvLUnUY4vZguk7qMYPjNEPZCT77fqA3ghAslC+G0=	2014-02-20 17:05:27.960385+00	f	boaz.chen+lee@gmail.com	Lee Leffingwell 	t	f	2014-02-20 16:46:45.506111+00
25	pbkdf2_sha256$10000$NZejMaCctVod$Snf0fBJFS3T12lMMqaMO9/gCLVbyDqGh0IGRQcZczxI=	2014-03-24 14:29:45.341095+00	f	boaz.chen+new@gmail.com	Boaz New	t	f	2014-03-24 14:25:02.907682+00
1	pbkdf2_sha256$10000$HLtV8J7iHscN$r/bOGe/CMU1Z/jRFOHFz23raFODScj1EvUhc0zOC4u4=	2015-05-12 12:43:46.308047+00	t	yanivmirel@gmail.com	יניב מיראל	t	t	2013-10-22 16:02:20.837796+00
3	pbkdf2_sha256$10000$vX2uQn6O4Cbb$KinTC3O373oBYPgh05zegMRviKpugZzWkMPY2n0HNwg=	2015-03-09 19:10:30.922314+00	t	udioron@gmail.com	אודי אורון	t	t	2013-10-24 22:23:56.525916+00
26	pbkdf2_sha256$10000$dimDWlU38ntU$yGV17mV+xuGWsMzgltylWDe537ln4g9djqd5XuHZadE=	2014-12-21 21:59:27.845349+00	f	ofir.raz1@gmail.com	אופיר רז	t	f	2014-12-21 21:44:06.102143+00
28	pbkdf2_sha256$10000$VIv60tVdz0VW$3kV/vwVBdScS2AZuRrkgo4ErYK3YayksR865xctiHto=	2015-05-03 06:08:22.054341+00	f	poaharon@gmail.com	א' החבר	t	f	2015-03-01 13:11:52.442502+00
32	pbkdf2_sha256$10000$TVQxVcf3FeD3$uQL3ebUkmKlobnpSWdeKkAXEpeOHKecMF7kq8Ta2SMM=	2015-04-27 18:05:31.107786+00	f	jgac@me.com	יאצק	t	f	2015-04-27 17:38:24.434029+00
30	pbkdf2_sha256$10000$GpyrM5Qu2SZo$BUaGz92gTYHZpuB51IsCjQfV0qBuK854ECRWHogvwWg=	2015-04-01 13:09:44.007996+00	f	shahafshilo1@gmail.com	שחף	t	f	2015-04-01 13:09:43.899195+00
27	pbkdf2_sha256$10000$c9mP80ve2IJF$Z/iLGVMj1yeVgZmA3XHLnWPoZENhw+U3bh9h3PKS+Oc=	2015-02-02 17:45:08.729077+00	f	aharon.porath+1@gmail.com	בודק	t	f	2015-02-02 17:45:08.618261+00
31	pbkdf2_sha256$10000$uV4TrkHXAEBf$3d9c9E0h/mUVGoa6ObIdsQfU7rE70r31xucvP+MD1ds=	2015-05-03 07:38:22.186534+00	f	yon.galili@gmail.com	שוקי בן גומחה	t	f	2015-04-27 16:49:26.21278+00
2	pbkdf2_sha256$10000$eWyEL44eZZR2$naw6hpSci4sSUNE0BHDRZsKAnj7915W2QILtQ/GIyeQ=	2015-04-19 09:08:58.116065+00	t	boaz.chen@gmail.com	Boaz Chen	t	t	2013-10-22 16:03:30.433799+00
34	pbkdf2_sha256$10000$1vuGi6SaBMPG$ZXUZcxrRnA5NUR9/tmJzTWqSZjevqOGefXXtQ6D4ggI=	2015-05-03 07:38:33.082182+00	f	jgalili@me.com	ג'יי גל	t	f	2015-04-27 17:55:44.377748+00
29	pbkdf2_sha256$10000$QTcdI62fbVRK$DPDvmhfJW/4NuHxkXLL4ECUUWMt3yy48299b/Nc8fIs=	2015-04-01 10:37:46.280622+00	f	edentwizer@gmail.com	עדן	t	f	2015-04-01 10:37:46.17176+00
35	pbkdf2_sha256$10000$J6SLHRGozPrS$jDPKbvYzMZQJ+nIOEKrtRM+LQWgs0EUxD0Y5/VEeY5M=	2015-05-04 09:37:01.095287+00	f	tomdromi@ofek.coop	תום דרומי	t	f	2015-05-04 09:37:00.973785+00
6	pbkdf2_sha256$10000$GNPZoaQdQPyI$fzZ53U/HTCuyvlFAfufM3HDAxAfhxPw2bobIKUvctV0=	2015-05-04 19:32:36.265623+00	t	aharon.porath@gmail.com	אהרן פורת	t	t	2013-11-24 14:33:58.68842+00
33	pbkdf2_sha256$10000$jGGSpLOXdHOH$xuJ7Vpf5iJmQ7h1+2KIn6AMv13dz1/hGqwvWfKRW8yc=	2015-04-27 19:00:58.625639+00	f	galili_yo@mac.com	צקי	t	f	2015-04-27 17:51:41.572202+00
\.


--
-- Data for Name: users_ocuser_groups; Type: TABLE DATA; Schema: public; Owner: oc_yaniv
--

COPY users_ocuser_groups (id, ocuser_id, group_id) FROM stdin;
\.


--
-- Name: users_ocuser_groups_id_seq; Type: SEQUENCE SET; Schema: public; Owner: oc_yaniv
--

SELECT pg_catalog.setval('users_ocuser_groups_id_seq', 1, false);


--
-- Name: users_ocuser_id_seq; Type: SEQUENCE SET; Schema: public; Owner: oc_yaniv
--

SELECT pg_catalog.setval('users_ocuser_id_seq', 35, true);


--
-- Data for Name: users_ocuser_user_permissions; Type: TABLE DATA; Schema: public; Owner: oc_yaniv
--

COPY users_ocuser_user_permissions (id, ocuser_id, permission_id) FROM stdin;
\.


--
-- Name: users_ocuser_user_permissions_id_seq; Type: SEQUENCE SET; Schema: public; Owner: oc_yaniv
--

SELECT pg_catalog.setval('users_ocuser_user_permissions_id_seq', 1, false);


--
-- Name: auth_group_name_key; Type: CONSTRAINT; Schema: public; Owner: oc_yaniv; Tablespace: 
--

ALTER TABLE ONLY auth_group
    ADD CONSTRAINT auth_group_name_key UNIQUE (name);


--
-- Name: auth_group_permissions_group_id_permission_id_key; Type: CONSTRAINT; Schema: public; Owner: oc_yaniv; Tablespace: 
--

ALTER TABLE ONLY auth_group_permissions
    ADD CONSTRAINT auth_group_permissions_group_id_permission_id_key UNIQUE (group_id, permission_id);


--
-- Name: auth_group_permissions_pkey; Type: CONSTRAINT; Schema: public; Owner: oc_yaniv; Tablespace: 
--

ALTER TABLE ONLY auth_group_permissions
    ADD CONSTRAINT auth_group_permissions_pkey PRIMARY KEY (id);


--
-- Name: auth_group_pkey; Type: CONSTRAINT; Schema: public; Owner: oc_yaniv; Tablespace: 
--

ALTER TABLE ONLY auth_group
    ADD CONSTRAINT auth_group_pkey PRIMARY KEY (id);


--
-- Name: auth_permission_content_type_id_codename_key; Type: CONSTRAINT; Schema: public; Owner: oc_yaniv; Tablespace: 
--

ALTER TABLE ONLY auth_permission
    ADD CONSTRAINT auth_permission_content_type_id_codename_key UNIQUE (content_type_id, codename);


--
-- Name: auth_permission_pkey; Type: CONSTRAINT; Schema: public; Owner: oc_yaniv; Tablespace: 
--

ALTER TABLE ONLY auth_permission
    ADD CONSTRAINT auth_permission_pkey PRIMARY KEY (id);


--
-- Name: communities_community_pkey; Type: CONSTRAINT; Schema: public; Owner: oc_yaniv; Tablespace: 
--

ALTER TABLE ONLY communities_community
    ADD CONSTRAINT communities_community_pkey PRIMARY KEY (id);


--
-- Name: communities_community_uid_uniq; Type: CONSTRAINT; Schema: public; Owner: oc_yaniv; Tablespace: 
--

ALTER TABLE ONLY communities_community
    ADD CONSTRAINT communities_community_uid_uniq UNIQUE (uid);


--
-- Name: communities_community_upcoming_meeti_community_id_319b0323_uniq; Type: CONSTRAINT; Schema: public; Owner: oc_yaniv; Tablespace: 
--

ALTER TABLE ONLY communities_community_upcoming_meeting_participants
    ADD CONSTRAINT communities_community_upcoming_meeti_community_id_319b0323_uniq UNIQUE (community_id, ocuser_id);


--
-- Name: communities_community_upcoming_meeting_participants_pkey; Type: CONSTRAINT; Schema: public; Owner: oc_yaniv; Tablespace: 
--

ALTER TABLE ONLY communities_community_upcoming_meeting_participants
    ADD CONSTRAINT communities_community_upcoming_meeting_participants_pkey PRIMARY KEY (id);


--
-- Name: communities_communityconfidentialrea_community_id_111e61e4_uniq; Type: CONSTRAINT; Schema: public; Owner: oc_yaniv; Tablespace: 
--

ALTER TABLE ONLY communities_communityconfidentialreason
    ADD CONSTRAINT communities_communityconfidentialrea_community_id_111e61e4_uniq UNIQUE (community_id, title);


--
-- Name: communities_communityconfidentialreason_pkey; Type: CONSTRAINT; Schema: public; Owner: oc_yaniv; Tablespace: 
--

ALTER TABLE ONLY communities_communityconfidentialreason
    ADD CONSTRAINT communities_communityconfidentialreason_pkey PRIMARY KEY (id);


--
-- Name: django_admin_log_pkey; Type: CONSTRAINT; Schema: public; Owner: oc_yaniv; Tablespace: 
--

ALTER TABLE ONLY django_admin_log
    ADD CONSTRAINT django_admin_log_pkey PRIMARY KEY (id);


--
-- Name: django_content_type_app_label_model_key; Type: CONSTRAINT; Schema: public; Owner: oc_yaniv; Tablespace: 
--

ALTER TABLE ONLY django_content_type
    ADD CONSTRAINT django_content_type_app_label_model_key UNIQUE (app_label, model);


--
-- Name: django_content_type_pkey; Type: CONSTRAINT; Schema: public; Owner: oc_yaniv; Tablespace: 
--

ALTER TABLE ONLY django_content_type
    ADD CONSTRAINT django_content_type_pkey PRIMARY KEY (id);


--
-- Name: django_session_pkey; Type: CONSTRAINT; Schema: public; Owner: oc_yaniv; Tablespace: 
--

ALTER TABLE ONLY django_session
    ADD CONSTRAINT django_session_pkey PRIMARY KEY (session_key);


--
-- Name: issues_issue_pkey; Type: CONSTRAINT; Schema: public; Owner: oc_yaniv; Tablespace: 
--

ALTER TABLE ONLY issues_issue
    ADD CONSTRAINT issues_issue_pkey PRIMARY KEY (id);


--
-- Name: issues_issue_uid_uniq; Type: CONSTRAINT; Schema: public; Owner: oc_yaniv; Tablespace: 
--

ALTER TABLE ONLY issues_issue
    ADD CONSTRAINT issues_issue_uid_uniq UNIQUE (uid);


--
-- Name: issues_issueattachment_pkey; Type: CONSTRAINT; Schema: public; Owner: oc_yaniv; Tablespace: 
--

ALTER TABLE ONLY issues_issueattachment
    ADD CONSTRAINT issues_issueattachment_pkey PRIMARY KEY (id);


--
-- Name: issues_issueattachment_uid_key; Type: CONSTRAINT; Schema: public; Owner: oc_yaniv; Tablespace: 
--

ALTER TABLE ONLY issues_issueattachment
    ADD CONSTRAINT issues_issueattachment_uid_key UNIQUE (uid);


--
-- Name: issues_issuecomment_pkey; Type: CONSTRAINT; Schema: public; Owner: oc_yaniv; Tablespace: 
--

ALTER TABLE ONLY issues_issuecomment
    ADD CONSTRAINT issues_issuecomment_pkey PRIMARY KEY (id);


--
-- Name: issues_issuecomment_uid_uniq; Type: CONSTRAINT; Schema: public; Owner: oc_yaniv; Tablespace: 
--

ALTER TABLE ONLY issues_issuecomment
    ADD CONSTRAINT issues_issuecomment_uid_uniq UNIQUE (uid);


--
-- Name: issues_issuecommentrevision_pkey; Type: CONSTRAINT; Schema: public; Owner: oc_yaniv; Tablespace: 
--

ALTER TABLE ONLY issues_issuecommentrevision
    ADD CONSTRAINT issues_issuecommentrevision_pkey PRIMARY KEY (id);


--
-- Name: issues_issuerankingvote_pkey; Type: CONSTRAINT; Schema: public; Owner: oc_yaniv; Tablespace: 
--

ALTER TABLE ONLY issues_issuerankingvote
    ADD CONSTRAINT issues_issuerankingvote_pkey PRIMARY KEY (id);


--
-- Name: issues_proposal_pkey; Type: CONSTRAINT; Schema: public; Owner: oc_yaniv; Tablespace: 
--

ALTER TABLE ONLY issues_proposal
    ADD CONSTRAINT issues_proposal_pkey PRIMARY KEY (id);


--
-- Name: issues_proposal_uid_uniq; Type: CONSTRAINT; Schema: public; Owner: oc_yaniv; Tablespace: 
--

ALTER TABLE ONLY issues_proposal
    ADD CONSTRAINT issues_proposal_uid_uniq UNIQUE (uid);


--
-- Name: issues_proposalvote_pkey; Type: CONSTRAINT; Schema: public; Owner: oc_yaniv; Tablespace: 
--

ALTER TABLE ONLY issues_proposalvote
    ADD CONSTRAINT issues_proposalvote_pkey PRIMARY KEY (id);


--
-- Name: issues_proposalvote_proposal_id_2391c049_uniq; Type: CONSTRAINT; Schema: public; Owner: oc_yaniv; Tablespace: 
--

ALTER TABLE ONLY issues_proposalvote
    ADD CONSTRAINT issues_proposalvote_proposal_id_2391c049_uniq UNIQUE (proposal_id, user_id);


--
-- Name: issues_proposalvoteargument_pkey; Type: CONSTRAINT; Schema: public; Owner: oc_yaniv; Tablespace: 
--

ALTER TABLE ONLY issues_proposalvoteargument
    ADD CONSTRAINT issues_proposalvoteargument_pkey PRIMARY KEY (id);


--
-- Name: issues_proposalvoteargumentranking_pkey; Type: CONSTRAINT; Schema: public; Owner: oc_yaniv; Tablespace: 
--

ALTER TABLE ONLY issues_proposalvoteargumentranking
    ADD CONSTRAINT issues_proposalvoteargumentranking_pkey PRIMARY KEY (id);


--
-- Name: issues_proposalvoteboard_pkey; Type: CONSTRAINT; Schema: public; Owner: oc_yaniv; Tablespace: 
--

ALTER TABLE ONLY issues_proposalvoteboard
    ADD CONSTRAINT issues_proposalvoteboard_pkey PRIMARY KEY (id);


--
-- Name: issues_proposalvoteboard_proposal_id_552671f6_uniq; Type: CONSTRAINT; Schema: public; Owner: oc_yaniv; Tablespace: 
--

ALTER TABLE ONLY issues_proposalvoteboard
    ADD CONSTRAINT issues_proposalvoteboard_proposal_id_552671f6_uniq UNIQUE (proposal_id, user_id);


--
-- Name: issues_voteresult_pkey; Type: CONSTRAINT; Schema: public; Owner: oc_yaniv; Tablespace: 
--

ALTER TABLE ONLY issues_voteresult
    ADD CONSTRAINT issues_voteresult_pkey PRIMARY KEY (id);


--
-- Name: issues_voteresult_proposal_id_265d17bb_uniq; Type: CONSTRAINT; Schema: public; Owner: oc_yaniv; Tablespace: 
--

ALTER TABLE ONLY issues_voteresult
    ADD CONSTRAINT issues_voteresult_proposal_id_265d17bb_uniq UNIQUE (proposal_id, meeting_id);


--
-- Name: meetings_agendaitem_meeting_id_1b315f6b_uniq; Type: CONSTRAINT; Schema: public; Owner: oc_yaniv; Tablespace: 
--

ALTER TABLE ONLY meetings_agendaitem
    ADD CONSTRAINT meetings_agendaitem_meeting_id_1b315f6b_uniq UNIQUE (meeting_id, issue_id);


--
-- Name: meetings_agendaitem_pkey; Type: CONSTRAINT; Schema: public; Owner: oc_yaniv; Tablespace: 
--

ALTER TABLE ONLY meetings_agendaitem
    ADD CONSTRAINT meetings_agendaitem_pkey PRIMARY KEY (id);


--
-- Name: meetings_meeting_pkey; Type: CONSTRAINT; Schema: public; Owner: oc_yaniv; Tablespace: 
--

ALTER TABLE ONLY meetings_meeting
    ADD CONSTRAINT meetings_meeting_pkey PRIMARY KEY (id);


--
-- Name: meetings_meeting_uid_uniq; Type: CONSTRAINT; Schema: public; Owner: oc_yaniv; Tablespace: 
--

ALTER TABLE ONLY meetings_meeting
    ADD CONSTRAINT meetings_meeting_uid_uniq UNIQUE (uid);


--
-- Name: meetings_meetingexternalparticipant_pkey; Type: CONSTRAINT; Schema: public; Owner: oc_yaniv; Tablespace: 
--

ALTER TABLE ONLY meetings_meetingexternalparticipant
    ADD CONSTRAINT meetings_meetingexternalparticipant_pkey PRIMARY KEY (id);


--
-- Name: meetings_meetingparticipant_meeting_id_21fcbe83_uniq; Type: CONSTRAINT; Schema: public; Owner: oc_yaniv; Tablespace: 
--

ALTER TABLE ONLY meetings_meetingparticipant
    ADD CONSTRAINT meetings_meetingparticipant_meeting_id_21fcbe83_uniq UNIQUE (meeting_id, user_id);


--
-- Name: meetings_meetingparticipant_meeting_id_33f129d5_uniq; Type: CONSTRAINT; Schema: public; Owner: oc_yaniv; Tablespace: 
--

ALTER TABLE ONLY meetings_meetingparticipant
    ADD CONSTRAINT meetings_meetingparticipant_meeting_id_33f129d5_uniq UNIQUE (meeting_id, ordinal);


--
-- Name: meetings_meetingparticipant_pkey; Type: CONSTRAINT; Schema: public; Owner: oc_yaniv; Tablespace: 
--

ALTER TABLE ONLY meetings_meetingparticipant
    ADD CONSTRAINT meetings_meetingparticipant_pkey PRIMARY KEY (id);


--
-- Name: shultze_issueedge_pkey; Type: CONSTRAINT; Schema: public; Owner: oc_yaniv; Tablespace: 
--

ALTER TABLE ONLY shultze_issueedge
    ADD CONSTRAINT shultze_issueedge_pkey PRIMARY KEY (id);


--
-- Name: shultze_issuenode_pkey; Type: CONSTRAINT; Schema: public; Owner: oc_yaniv; Tablespace: 
--

ALTER TABLE ONLY shultze_issuenode
    ADD CONSTRAINT shultze_issuenode_pkey PRIMARY KEY (id);


--
-- Name: shultze_issuesgraph_pkey; Type: CONSTRAINT; Schema: public; Owner: oc_yaniv; Tablespace: 
--

ALTER TABLE ONLY shultze_issuesgraph
    ADD CONSTRAINT shultze_issuesgraph_pkey PRIMARY KEY (id);


--
-- Name: south_migrationhistory_pkey; Type: CONSTRAINT; Schema: public; Owner: oc_yaniv; Tablespace: 
--

ALTER TABLE ONLY south_migrationhistory
    ADD CONSTRAINT south_migrationhistory_pkey PRIMARY KEY (id);


--
-- Name: taggit_tag_name_uniq; Type: CONSTRAINT; Schema: public; Owner: oc_yaniv; Tablespace: 
--

ALTER TABLE ONLY taggit_tag
    ADD CONSTRAINT taggit_tag_name_uniq UNIQUE (name);


--
-- Name: taggit_tag_pkey; Type: CONSTRAINT; Schema: public; Owner: oc_yaniv; Tablespace: 
--

ALTER TABLE ONLY taggit_tag
    ADD CONSTRAINT taggit_tag_pkey PRIMARY KEY (id);


--
-- Name: taggit_tag_slug_key; Type: CONSTRAINT; Schema: public; Owner: oc_yaniv; Tablespace: 
--

ALTER TABLE ONLY taggit_tag
    ADD CONSTRAINT taggit_tag_slug_key UNIQUE (slug);


--
-- Name: taggit_taggeditem_pkey; Type: CONSTRAINT; Schema: public; Owner: oc_yaniv; Tablespace: 
--

ALTER TABLE ONLY taggit_taggeditem
    ADD CONSTRAINT taggit_taggeditem_pkey PRIMARY KEY (id);


--
-- Name: users_invitation_community_id_6e6ec5d0_uniq; Type: CONSTRAINT; Schema: public; Owner: oc_yaniv; Tablespace: 
--

ALTER TABLE ONLY users_invitation
    ADD CONSTRAINT users_invitation_community_id_6e6ec5d0_uniq UNIQUE (community_id, email);


--
-- Name: users_invitation_pkey; Type: CONSTRAINT; Schema: public; Owner: oc_yaniv; Tablespace: 
--

ALTER TABLE ONLY users_invitation
    ADD CONSTRAINT users_invitation_pkey PRIMARY KEY (id);


--
-- Name: users_membership_community_id_729abcb6_uniq; Type: CONSTRAINT; Schema: public; Owner: oc_yaniv; Tablespace: 
--

ALTER TABLE ONLY users_membership
    ADD CONSTRAINT users_membership_community_id_729abcb6_uniq UNIQUE (community_id, user_id);


--
-- Name: users_membership_pkey; Type: CONSTRAINT; Schema: public; Owner: oc_yaniv; Tablespace: 
--

ALTER TABLE ONLY users_membership
    ADD CONSTRAINT users_membership_pkey PRIMARY KEY (id);


--
-- Name: users_ocuser_email_key; Type: CONSTRAINT; Schema: public; Owner: oc_yaniv; Tablespace: 
--

ALTER TABLE ONLY users_ocuser
    ADD CONSTRAINT users_ocuser_email_key UNIQUE (email);


--
-- Name: users_ocuser_groups_ocuser_id_4a9009ef_uniq; Type: CONSTRAINT; Schema: public; Owner: oc_yaniv; Tablespace: 
--

ALTER TABLE ONLY users_ocuser_groups
    ADD CONSTRAINT users_ocuser_groups_ocuser_id_4a9009ef_uniq UNIQUE (ocuser_id, group_id);


--
-- Name: users_ocuser_groups_pkey; Type: CONSTRAINT; Schema: public; Owner: oc_yaniv; Tablespace: 
--

ALTER TABLE ONLY users_ocuser_groups
    ADD CONSTRAINT users_ocuser_groups_pkey PRIMARY KEY (id);


--
-- Name: users_ocuser_pkey; Type: CONSTRAINT; Schema: public; Owner: oc_yaniv; Tablespace: 
--

ALTER TABLE ONLY users_ocuser
    ADD CONSTRAINT users_ocuser_pkey PRIMARY KEY (id);


--
-- Name: users_ocuser_user_permissions_ocuser_id_676b26aa_uniq; Type: CONSTRAINT; Schema: public; Owner: oc_yaniv; Tablespace: 
--

ALTER TABLE ONLY users_ocuser_user_permissions
    ADD CONSTRAINT users_ocuser_user_permissions_ocuser_id_676b26aa_uniq UNIQUE (ocuser_id, permission_id);


--
-- Name: users_ocuser_user_permissions_pkey; Type: CONSTRAINT; Schema: public; Owner: oc_yaniv; Tablespace: 
--

ALTER TABLE ONLY users_ocuser_user_permissions
    ADD CONSTRAINT users_ocuser_user_permissions_pkey PRIMARY KEY (id);


--
-- Name: auth_group_name_like; Type: INDEX; Schema: public; Owner: oc_yaniv; Tablespace: 
--

CREATE INDEX auth_group_name_like ON auth_group USING btree (name varchar_pattern_ops);


--
-- Name: auth_group_permissions_group_id; Type: INDEX; Schema: public; Owner: oc_yaniv; Tablespace: 
--

CREATE INDEX auth_group_permissions_group_id ON auth_group_permissions USING btree (group_id);


--
-- Name: auth_group_permissions_permission_id; Type: INDEX; Schema: public; Owner: oc_yaniv; Tablespace: 
--

CREATE INDEX auth_group_permissions_permission_id ON auth_group_permissions USING btree (permission_id);


--
-- Name: auth_permission_content_type_id; Type: INDEX; Schema: public; Owner: oc_yaniv; Tablespace: 
--

CREATE INDEX auth_permission_content_type_id ON auth_permission USING btree (content_type_id);


--
-- Name: communities_community_is_public; Type: INDEX; Schema: public; Owner: oc_yaniv; Tablespace: 
--

CREATE INDEX communities_community_is_public ON communities_community USING btree (is_public);


--
-- Name: communities_community_upcoming_meeting_participants_communi4369; Type: INDEX; Schema: public; Owner: oc_yaniv; Tablespace: 
--

CREATE INDEX communities_community_upcoming_meeting_participants_communi4369 ON communities_community_upcoming_meeting_participants USING btree (community_id);


--
-- Name: communities_community_upcoming_meeting_participants_ocuser_id; Type: INDEX; Schema: public; Owner: oc_yaniv; Tablespace: 
--

CREATE INDEX communities_community_upcoming_meeting_participants_ocuser_id ON communities_community_upcoming_meeting_participants USING btree (ocuser_id);


--
-- Name: communities_communityconfidentialreason_community_id; Type: INDEX; Schema: public; Owner: oc_yaniv; Tablespace: 
--

CREATE INDEX communities_communityconfidentialreason_community_id ON communities_communityconfidentialreason USING btree (community_id);


--
-- Name: django_admin_log_content_type_id; Type: INDEX; Schema: public; Owner: oc_yaniv; Tablespace: 
--

CREATE INDEX django_admin_log_content_type_id ON django_admin_log USING btree (content_type_id);


--
-- Name: django_admin_log_user_id; Type: INDEX; Schema: public; Owner: oc_yaniv; Tablespace: 
--

CREATE INDEX django_admin_log_user_id ON django_admin_log USING btree (user_id);


--
-- Name: django_session_expire_date; Type: INDEX; Schema: public; Owner: oc_yaniv; Tablespace: 
--

CREATE INDEX django_session_expire_date ON django_session USING btree (expire_date);


--
-- Name: django_session_session_key_like; Type: INDEX; Schema: public; Owner: oc_yaniv; Tablespace: 
--

CREATE INDEX django_session_session_key_like ON django_session USING btree (session_key varchar_pattern_ops);


--
-- Name: issues_issue_community_id; Type: INDEX; Schema: public; Owner: oc_yaniv; Tablespace: 
--

CREATE INDEX issues_issue_community_id ON issues_issue USING btree (community_id);


--
-- Name: issues_issue_confidential_reason_id; Type: INDEX; Schema: public; Owner: oc_yaniv; Tablespace: 
--

CREATE INDEX issues_issue_confidential_reason_id ON issues_issue USING btree (confidential_reason_id);


--
-- Name: issues_issue_created_by_id; Type: INDEX; Schema: public; Owner: oc_yaniv; Tablespace: 
--

CREATE INDEX issues_issue_created_by_id ON issues_issue USING btree (created_by_id);


--
-- Name: issues_issueattachment_agenda_item_id; Type: INDEX; Schema: public; Owner: oc_yaniv; Tablespace: 
--

CREATE INDEX issues_issueattachment_agenda_item_id ON issues_issueattachment USING btree (agenda_item_id);


--
-- Name: issues_issueattachment_created_by_id; Type: INDEX; Schema: public; Owner: oc_yaniv; Tablespace: 
--

CREATE INDEX issues_issueattachment_created_by_id ON issues_issueattachment USING btree (created_by_id);


--
-- Name: issues_issueattachment_issue_id; Type: INDEX; Schema: public; Owner: oc_yaniv; Tablespace: 
--

CREATE INDEX issues_issueattachment_issue_id ON issues_issueattachment USING btree (issue_id);


--
-- Name: issues_issueattachment_uid_like; Type: INDEX; Schema: public; Owner: oc_yaniv; Tablespace: 
--

CREATE INDEX issues_issueattachment_uid_like ON issues_issueattachment USING btree (uid varchar_pattern_ops);


--
-- Name: issues_issuecomment_created_by_id; Type: INDEX; Schema: public; Owner: oc_yaniv; Tablespace: 
--

CREATE INDEX issues_issuecomment_created_by_id ON issues_issuecomment USING btree (created_by_id);


--
-- Name: issues_issuecomment_issue_id; Type: INDEX; Schema: public; Owner: oc_yaniv; Tablespace: 
--

CREATE INDEX issues_issuecomment_issue_id ON issues_issuecomment USING btree (issue_id);


--
-- Name: issues_issuecomment_last_edited_by_id; Type: INDEX; Schema: public; Owner: oc_yaniv; Tablespace: 
--

CREATE INDEX issues_issuecomment_last_edited_by_id ON issues_issuecomment USING btree (last_edited_by_id);


--
-- Name: issues_issuecomment_meeting_id; Type: INDEX; Schema: public; Owner: oc_yaniv; Tablespace: 
--

CREATE INDEX issues_issuecomment_meeting_id ON issues_issuecomment USING btree (meeting_id);


--
-- Name: issues_issuecommentrevision_comment_id; Type: INDEX; Schema: public; Owner: oc_yaniv; Tablespace: 
--

CREATE INDEX issues_issuecommentrevision_comment_id ON issues_issuecommentrevision USING btree (comment_id);


--
-- Name: issues_issuecommentrevision_created_by_id; Type: INDEX; Schema: public; Owner: oc_yaniv; Tablespace: 
--

CREATE INDEX issues_issuecommentrevision_created_by_id ON issues_issuecommentrevision USING btree (created_by_id);


--
-- Name: issues_issuerankingvote_issue_id; Type: INDEX; Schema: public; Owner: oc_yaniv; Tablespace: 
--

CREATE INDEX issues_issuerankingvote_issue_id ON issues_issuerankingvote USING btree (issue_id);


--
-- Name: issues_issuerankingvote_voted_by_id; Type: INDEX; Schema: public; Owner: oc_yaniv; Tablespace: 
--

CREATE INDEX issues_issuerankingvote_voted_by_id ON issues_issuerankingvote USING btree (voted_by_id);


--
-- Name: issues_proposal_assigned_to_user_id; Type: INDEX; Schema: public; Owner: oc_yaniv; Tablespace: 
--

CREATE INDEX issues_proposal_assigned_to_user_id ON issues_proposal USING btree (assigned_to_user_id);


--
-- Name: issues_proposal_confidential_reason_id; Type: INDEX; Schema: public; Owner: oc_yaniv; Tablespace: 
--

CREATE INDEX issues_proposal_confidential_reason_id ON issues_proposal USING btree (confidential_reason_id);


--
-- Name: issues_proposal_created_by_id; Type: INDEX; Schema: public; Owner: oc_yaniv; Tablespace: 
--

CREATE INDEX issues_proposal_created_by_id ON issues_proposal USING btree (created_by_id);


--
-- Name: issues_proposal_decided_at_meeting_id; Type: INDEX; Schema: public; Owner: oc_yaniv; Tablespace: 
--

CREATE INDEX issues_proposal_decided_at_meeting_id ON issues_proposal USING btree (decided_at_meeting_id);


--
-- Name: issues_proposal_issue_id; Type: INDEX; Schema: public; Owner: oc_yaniv; Tablespace: 
--

CREATE INDEX issues_proposal_issue_id ON issues_proposal USING btree (issue_id);


--
-- Name: issues_proposalvote_proposal_id; Type: INDEX; Schema: public; Owner: oc_yaniv; Tablespace: 
--

CREATE INDEX issues_proposalvote_proposal_id ON issues_proposalvote USING btree (proposal_id);


--
-- Name: issues_proposalvote_user_id; Type: INDEX; Schema: public; Owner: oc_yaniv; Tablespace: 
--

CREATE INDEX issues_proposalvote_user_id ON issues_proposalvote USING btree (user_id);


--
-- Name: issues_proposalvoteargument_created_by_id; Type: INDEX; Schema: public; Owner: oc_yaniv; Tablespace: 
--

CREATE INDEX issues_proposalvoteargument_created_by_id ON issues_proposalvoteargument USING btree (created_by_id);


--
-- Name: issues_proposalvoteargument_proposal_vote_id; Type: INDEX; Schema: public; Owner: oc_yaniv; Tablespace: 
--

CREATE INDEX issues_proposalvoteargument_proposal_vote_id ON issues_proposalvoteargument USING btree (proposal_vote_id);


--
-- Name: issues_proposalvoteargumentranking_argument_id; Type: INDEX; Schema: public; Owner: oc_yaniv; Tablespace: 
--

CREATE INDEX issues_proposalvoteargumentranking_argument_id ON issues_proposalvoteargumentranking USING btree (argument_id);


--
-- Name: issues_proposalvoteargumentranking_user_id; Type: INDEX; Schema: public; Owner: oc_yaniv; Tablespace: 
--

CREATE INDEX issues_proposalvoteargumentranking_user_id ON issues_proposalvoteargumentranking USING btree (user_id);


--
-- Name: issues_proposalvoteboard_proposal_id; Type: INDEX; Schema: public; Owner: oc_yaniv; Tablespace: 
--

CREATE INDEX issues_proposalvoteboard_proposal_id ON issues_proposalvoteboard USING btree (proposal_id);


--
-- Name: issues_proposalvoteboard_user_id; Type: INDEX; Schema: public; Owner: oc_yaniv; Tablespace: 
--

CREATE INDEX issues_proposalvoteboard_user_id ON issues_proposalvoteboard USING btree (user_id);


--
-- Name: issues_voteresult_meeting_id; Type: INDEX; Schema: public; Owner: oc_yaniv; Tablespace: 
--

CREATE INDEX issues_voteresult_meeting_id ON issues_voteresult USING btree (meeting_id);


--
-- Name: issues_voteresult_proposal_id; Type: INDEX; Schema: public; Owner: oc_yaniv; Tablespace: 
--

CREATE INDEX issues_voteresult_proposal_id ON issues_voteresult USING btree (proposal_id);


--
-- Name: meetings_agendaitem_issue_id; Type: INDEX; Schema: public; Owner: oc_yaniv; Tablespace: 
--

CREATE INDEX meetings_agendaitem_issue_id ON meetings_agendaitem USING btree (issue_id);


--
-- Name: meetings_agendaitem_meeting_id; Type: INDEX; Schema: public; Owner: oc_yaniv; Tablespace: 
--

CREATE INDEX meetings_agendaitem_meeting_id ON meetings_agendaitem USING btree (meeting_id);


--
-- Name: meetings_meeting_community_id; Type: INDEX; Schema: public; Owner: oc_yaniv; Tablespace: 
--

CREATE INDEX meetings_meeting_community_id ON meetings_meeting USING btree (community_id);


--
-- Name: meetings_meeting_created_by_id; Type: INDEX; Schema: public; Owner: oc_yaniv; Tablespace: 
--

CREATE INDEX meetings_meeting_created_by_id ON meetings_meeting USING btree (created_by_id);


--
-- Name: meetings_meetingexternalparticipant_meeting_id; Type: INDEX; Schema: public; Owner: oc_yaniv; Tablespace: 
--

CREATE INDEX meetings_meetingexternalparticipant_meeting_id ON meetings_meetingexternalparticipant USING btree (meeting_id);


--
-- Name: meetings_meetingparticipant_meeting_id; Type: INDEX; Schema: public; Owner: oc_yaniv; Tablespace: 
--

CREATE INDEX meetings_meetingparticipant_meeting_id ON meetings_meetingparticipant USING btree (meeting_id);


--
-- Name: meetings_meetingparticipant_user_id; Type: INDEX; Schema: public; Owner: oc_yaniv; Tablespace: 
--

CREATE INDEX meetings_meetingparticipant_user_id ON meetings_meetingparticipant USING btree (user_id);


--
-- Name: shultze_issueedge_from_node_id; Type: INDEX; Schema: public; Owner: oc_yaniv; Tablespace: 
--

CREATE INDEX shultze_issueedge_from_node_id ON shultze_issueedge USING btree (from_node_id);


--
-- Name: shultze_issueedge_graph_id; Type: INDEX; Schema: public; Owner: oc_yaniv; Tablespace: 
--

CREATE INDEX shultze_issueedge_graph_id ON shultze_issueedge USING btree (graph_id);


--
-- Name: shultze_issueedge_to_node_id; Type: INDEX; Schema: public; Owner: oc_yaniv; Tablespace: 
--

CREATE INDEX shultze_issueedge_to_node_id ON shultze_issueedge USING btree (to_node_id);


--
-- Name: shultze_issuenode_graph_id; Type: INDEX; Schema: public; Owner: oc_yaniv; Tablespace: 
--

CREATE INDEX shultze_issuenode_graph_id ON shultze_issuenode USING btree (graph_id);


--
-- Name: shultze_issuenode_issue_id; Type: INDEX; Schema: public; Owner: oc_yaniv; Tablespace: 
--

CREATE INDEX shultze_issuenode_issue_id ON shultze_issuenode USING btree (issue_id);


--
-- Name: shultze_issuesgraph_community_id; Type: INDEX; Schema: public; Owner: oc_yaniv; Tablespace: 
--

CREATE INDEX shultze_issuesgraph_community_id ON shultze_issuesgraph USING btree (community_id);


--
-- Name: taggit_tag_slug_like; Type: INDEX; Schema: public; Owner: oc_yaniv; Tablespace: 
--

CREATE INDEX taggit_tag_slug_like ON taggit_tag USING btree (slug varchar_pattern_ops);


--
-- Name: taggit_taggeditem_content_type_id; Type: INDEX; Schema: public; Owner: oc_yaniv; Tablespace: 
--

CREATE INDEX taggit_taggeditem_content_type_id ON taggit_taggeditem USING btree (content_type_id);


--
-- Name: taggit_taggeditem_object_id; Type: INDEX; Schema: public; Owner: oc_yaniv; Tablespace: 
--

CREATE INDEX taggit_taggeditem_object_id ON taggit_taggeditem USING btree (object_id);


--
-- Name: taggit_taggeditem_tag_id; Type: INDEX; Schema: public; Owner: oc_yaniv; Tablespace: 
--

CREATE INDEX taggit_taggeditem_tag_id ON taggit_taggeditem USING btree (tag_id);


--
-- Name: users_invitation_community_id; Type: INDEX; Schema: public; Owner: oc_yaniv; Tablespace: 
--

CREATE INDEX users_invitation_community_id ON users_invitation USING btree (community_id);


--
-- Name: users_invitation_created_by_id; Type: INDEX; Schema: public; Owner: oc_yaniv; Tablespace: 
--

CREATE INDEX users_invitation_created_by_id ON users_invitation USING btree (created_by_id);


--
-- Name: users_invitation_user_id; Type: INDEX; Schema: public; Owner: oc_yaniv; Tablespace: 
--

CREATE INDEX users_invitation_user_id ON users_invitation USING btree (user_id);


--
-- Name: users_membership_community_id; Type: INDEX; Schema: public; Owner: oc_yaniv; Tablespace: 
--

CREATE INDEX users_membership_community_id ON users_membership USING btree (community_id);


--
-- Name: users_membership_invited_by_id; Type: INDEX; Schema: public; Owner: oc_yaniv; Tablespace: 
--

CREATE INDEX users_membership_invited_by_id ON users_membership USING btree (invited_by_id);


--
-- Name: users_membership_user_id; Type: INDEX; Schema: public; Owner: oc_yaniv; Tablespace: 
--

CREATE INDEX users_membership_user_id ON users_membership USING btree (user_id);


--
-- Name: users_ocuser_email_like; Type: INDEX; Schema: public; Owner: oc_yaniv; Tablespace: 
--

CREATE INDEX users_ocuser_email_like ON users_ocuser USING btree (email varchar_pattern_ops);


--
-- Name: users_ocuser_groups_group_id; Type: INDEX; Schema: public; Owner: oc_yaniv; Tablespace: 
--

CREATE INDEX users_ocuser_groups_group_id ON users_ocuser_groups USING btree (group_id);


--
-- Name: users_ocuser_groups_ocuser_id; Type: INDEX; Schema: public; Owner: oc_yaniv; Tablespace: 
--

CREATE INDEX users_ocuser_groups_ocuser_id ON users_ocuser_groups USING btree (ocuser_id);


--
-- Name: users_ocuser_user_permissions_ocuser_id; Type: INDEX; Schema: public; Owner: oc_yaniv; Tablespace: 
--

CREATE INDEX users_ocuser_user_permissions_ocuser_id ON users_ocuser_user_permissions USING btree (ocuser_id);


--
-- Name: users_ocuser_user_permissions_permission_id; Type: INDEX; Schema: public; Owner: oc_yaniv; Tablespace: 
--

CREATE INDEX users_ocuser_user_permissions_permission_id ON users_ocuser_user_permissions USING btree (permission_id);


--
-- Name: agenda_item_id_refs_id_1b62ba7f; Type: FK CONSTRAINT; Schema: public; Owner: oc_yaniv
--

ALTER TABLE ONLY issues_issueattachment
    ADD CONSTRAINT agenda_item_id_refs_id_1b62ba7f FOREIGN KEY (agenda_item_id) REFERENCES meetings_agendaitem(id) DEFERRABLE INITIALLY DEFERRED;


--
-- Name: argument_id_refs_id_6c1e8322; Type: FK CONSTRAINT; Schema: public; Owner: oc_yaniv
--

ALTER TABLE ONLY issues_proposalvoteargumentranking
    ADD CONSTRAINT argument_id_refs_id_6c1e8322 FOREIGN KEY (argument_id) REFERENCES issues_proposalvoteargument(id) DEFERRABLE INITIALLY DEFERRED;


--
-- Name: assigned_to_user_id_refs_id_f731071; Type: FK CONSTRAINT; Schema: public; Owner: oc_yaniv
--

ALTER TABLE ONLY issues_proposal
    ADD CONSTRAINT assigned_to_user_id_refs_id_f731071 FOREIGN KEY (assigned_to_user_id) REFERENCES users_ocuser(id) DEFERRABLE INITIALLY DEFERRED;


--
-- Name: auth_group_permissions_permission_id_fkey; Type: FK CONSTRAINT; Schema: public; Owner: oc_yaniv
--

ALTER TABLE ONLY auth_group_permissions
    ADD CONSTRAINT auth_group_permissions_permission_id_fkey FOREIGN KEY (permission_id) REFERENCES auth_permission(id) DEFERRABLE INITIALLY DEFERRED;


--
-- Name: comment_id_refs_id_6ade26dc; Type: FK CONSTRAINT; Schema: public; Owner: oc_yaniv
--

ALTER TABLE ONLY issues_issuecommentrevision
    ADD CONSTRAINT comment_id_refs_id_6ade26dc FOREIGN KEY (comment_id) REFERENCES issues_issuecomment(id) DEFERRABLE INITIALLY DEFERRED;


--
-- Name: community_id_refs_id_3b5591fb; Type: FK CONSTRAINT; Schema: public; Owner: oc_yaniv
--

ALTER TABLE ONLY communities_community_upcoming_meeting_participants
    ADD CONSTRAINT community_id_refs_id_3b5591fb FOREIGN KEY (community_id) REFERENCES communities_community(id) DEFERRABLE INITIALLY DEFERRED;


--
-- Name: community_id_refs_id_3c9effb7; Type: FK CONSTRAINT; Schema: public; Owner: oc_yaniv
--

ALTER TABLE ONLY users_invitation
    ADD CONSTRAINT community_id_refs_id_3c9effb7 FOREIGN KEY (community_id) REFERENCES communities_community(id) DEFERRABLE INITIALLY DEFERRED;


--
-- Name: community_id_refs_id_46783d18; Type: FK CONSTRAINT; Schema: public; Owner: oc_yaniv
--

ALTER TABLE ONLY users_membership
    ADD CONSTRAINT community_id_refs_id_46783d18 FOREIGN KEY (community_id) REFERENCES communities_community(id) DEFERRABLE INITIALLY DEFERRED;


--
-- Name: community_id_refs_id_53f714f1; Type: FK CONSTRAINT; Schema: public; Owner: oc_yaniv
--

ALTER TABLE ONLY issues_issue
    ADD CONSTRAINT community_id_refs_id_53f714f1 FOREIGN KEY (community_id) REFERENCES communities_community(id) DEFERRABLE INITIALLY DEFERRED;


--
-- Name: community_id_refs_id_57df69a9; Type: FK CONSTRAINT; Schema: public; Owner: oc_yaniv
--

ALTER TABLE ONLY meetings_meeting
    ADD CONSTRAINT community_id_refs_id_57df69a9 FOREIGN KEY (community_id) REFERENCES communities_community(id) DEFERRABLE INITIALLY DEFERRED;


--
-- Name: community_id_refs_id_70a06259; Type: FK CONSTRAINT; Schema: public; Owner: oc_yaniv
--

ALTER TABLE ONLY communities_communityconfidentialreason
    ADD CONSTRAINT community_id_refs_id_70a06259 FOREIGN KEY (community_id) REFERENCES communities_community(id) DEFERRABLE INITIALLY DEFERRED;


--
-- Name: confidential_reason_id_refs_id_39d0fdab; Type: FK CONSTRAINT; Schema: public; Owner: oc_yaniv
--

ALTER TABLE ONLY issues_proposal
    ADD CONSTRAINT confidential_reason_id_refs_id_39d0fdab FOREIGN KEY (confidential_reason_id) REFERENCES communities_communityconfidentialreason(id) DEFERRABLE INITIALLY DEFERRED;


--
-- Name: confidential_reason_id_refs_id_cc472c3; Type: FK CONSTRAINT; Schema: public; Owner: oc_yaniv
--

ALTER TABLE ONLY issues_issue
    ADD CONSTRAINT confidential_reason_id_refs_id_cc472c3 FOREIGN KEY (confidential_reason_id) REFERENCES communities_communityconfidentialreason(id) DEFERRABLE INITIALLY DEFERRED;


--
-- Name: content_type_id_refs_id_5a2b7711; Type: FK CONSTRAINT; Schema: public; Owner: oc_yaniv
--

ALTER TABLE ONLY taggit_taggeditem
    ADD CONSTRAINT content_type_id_refs_id_5a2b7711 FOREIGN KEY (content_type_id) REFERENCES django_content_type(id) DEFERRABLE INITIALLY DEFERRED;


--
-- Name: content_type_id_refs_id_d043b34a; Type: FK CONSTRAINT; Schema: public; Owner: oc_yaniv
--

ALTER TABLE ONLY auth_permission
    ADD CONSTRAINT content_type_id_refs_id_d043b34a FOREIGN KEY (content_type_id) REFERENCES django_content_type(id) DEFERRABLE INITIALLY DEFERRED;


--
-- Name: created_by_id_refs_id_1c94557a; Type: FK CONSTRAINT; Schema: public; Owner: oc_yaniv
--

ALTER TABLE ONLY issues_issueattachment
    ADD CONSTRAINT created_by_id_refs_id_1c94557a FOREIGN KEY (created_by_id) REFERENCES users_ocuser(id) DEFERRABLE INITIALLY DEFERRED;


--
-- Name: created_by_id_refs_id_2b054939; Type: FK CONSTRAINT; Schema: public; Owner: oc_yaniv
--

ALTER TABLE ONLY issues_issuecomment
    ADD CONSTRAINT created_by_id_refs_id_2b054939 FOREIGN KEY (created_by_id) REFERENCES users_ocuser(id) DEFERRABLE INITIALLY DEFERRED;


--
-- Name: created_by_id_refs_id_31201d30; Type: FK CONSTRAINT; Schema: public; Owner: oc_yaniv
--

ALTER TABLE ONLY issues_issuecommentrevision
    ADD CONSTRAINT created_by_id_refs_id_31201d30 FOREIGN KEY (created_by_id) REFERENCES users_ocuser(id) DEFERRABLE INITIALLY DEFERRED;


--
-- Name: created_by_id_refs_id_3af7a0d7; Type: FK CONSTRAINT; Schema: public; Owner: oc_yaniv
--

ALTER TABLE ONLY meetings_meeting
    ADD CONSTRAINT created_by_id_refs_id_3af7a0d7 FOREIGN KEY (created_by_id) REFERENCES users_ocuser(id) DEFERRABLE INITIALLY DEFERRED;


--
-- Name: created_by_id_refs_id_44f8b58f; Type: FK CONSTRAINT; Schema: public; Owner: oc_yaniv
--

ALTER TABLE ONLY issues_issue
    ADD CONSTRAINT created_by_id_refs_id_44f8b58f FOREIGN KEY (created_by_id) REFERENCES users_ocuser(id) DEFERRABLE INITIALLY DEFERRED;


--
-- Name: created_by_id_refs_id_46afb2c9; Type: FK CONSTRAINT; Schema: public; Owner: oc_yaniv
--

ALTER TABLE ONLY users_invitation
    ADD CONSTRAINT created_by_id_refs_id_46afb2c9 FOREIGN KEY (created_by_id) REFERENCES users_ocuser(id) DEFERRABLE INITIALLY DEFERRED;


--
-- Name: created_by_id_refs_id_4f51b904; Type: FK CONSTRAINT; Schema: public; Owner: oc_yaniv
--

ALTER TABLE ONLY issues_proposalvoteargument
    ADD CONSTRAINT created_by_id_refs_id_4f51b904 FOREIGN KEY (created_by_id) REFERENCES users_ocuser(id) DEFERRABLE INITIALLY DEFERRED;


--
-- Name: created_by_id_refs_id_f731071; Type: FK CONSTRAINT; Schema: public; Owner: oc_yaniv
--

ALTER TABLE ONLY issues_proposal
    ADD CONSTRAINT created_by_id_refs_id_f731071 FOREIGN KEY (created_by_id) REFERENCES users_ocuser(id) DEFERRABLE INITIALLY DEFERRED;


--
-- Name: decided_at_meeting_id_refs_id_610cf385; Type: FK CONSTRAINT; Schema: public; Owner: oc_yaniv
--

ALTER TABLE ONLY issues_proposal
    ADD CONSTRAINT decided_at_meeting_id_refs_id_610cf385 FOREIGN KEY (decided_at_meeting_id) REFERENCES meetings_meeting(id) DEFERRABLE INITIALLY DEFERRED;


--
-- Name: django_admin_log_content_type_id_fkey; Type: FK CONSTRAINT; Schema: public; Owner: oc_yaniv
--

ALTER TABLE ONLY django_admin_log
    ADD CONSTRAINT django_admin_log_content_type_id_fkey FOREIGN KEY (content_type_id) REFERENCES django_content_type(id) DEFERRABLE INITIALLY DEFERRED;


--
-- Name: group_id_refs_id_738fd087; Type: FK CONSTRAINT; Schema: public; Owner: oc_yaniv
--

ALTER TABLE ONLY users_ocuser_groups
    ADD CONSTRAINT group_id_refs_id_738fd087 FOREIGN KEY (group_id) REFERENCES auth_group(id) DEFERRABLE INITIALLY DEFERRED;


--
-- Name: group_id_refs_id_f4b32aac; Type: FK CONSTRAINT; Schema: public; Owner: oc_yaniv
--

ALTER TABLE ONLY auth_group_permissions
    ADD CONSTRAINT group_id_refs_id_f4b32aac FOREIGN KEY (group_id) REFERENCES auth_group(id) DEFERRABLE INITIALLY DEFERRED;


--
-- Name: invited_by_id_refs_id_518c6868; Type: FK CONSTRAINT; Schema: public; Owner: oc_yaniv
--

ALTER TABLE ONLY users_membership
    ADD CONSTRAINT invited_by_id_refs_id_518c6868 FOREIGN KEY (invited_by_id) REFERENCES users_ocuser(id) DEFERRABLE INITIALLY DEFERRED;


--
-- Name: issue_id_refs_id_2061b3a3; Type: FK CONSTRAINT; Schema: public; Owner: oc_yaniv
--

ALTER TABLE ONLY issues_issuecomment
    ADD CONSTRAINT issue_id_refs_id_2061b3a3 FOREIGN KEY (issue_id) REFERENCES issues_issue(id) DEFERRABLE INITIALLY DEFERRED;


--
-- Name: issue_id_refs_id_2954b456; Type: FK CONSTRAINT; Schema: public; Owner: oc_yaniv
--

ALTER TABLE ONLY issues_issuerankingvote
    ADD CONSTRAINT issue_id_refs_id_2954b456 FOREIGN KEY (issue_id) REFERENCES issues_issue(id) DEFERRABLE INITIALLY DEFERRED;


--
-- Name: issue_id_refs_id_650f393; Type: FK CONSTRAINT; Schema: public; Owner: oc_yaniv
--

ALTER TABLE ONLY issues_proposal
    ADD CONSTRAINT issue_id_refs_id_650f393 FOREIGN KEY (issue_id) REFERENCES issues_issue(id) DEFERRABLE INITIALLY DEFERRED;


--
-- Name: issue_id_refs_id_d65009e; Type: FK CONSTRAINT; Schema: public; Owner: oc_yaniv
--

ALTER TABLE ONLY issues_issueattachment
    ADD CONSTRAINT issue_id_refs_id_d65009e FOREIGN KEY (issue_id) REFERENCES issues_issue(id) DEFERRABLE INITIALLY DEFERRED;


--
-- Name: issue_id_refs_id_f069d68; Type: FK CONSTRAINT; Schema: public; Owner: oc_yaniv
--

ALTER TABLE ONLY meetings_agendaitem
    ADD CONSTRAINT issue_id_refs_id_f069d68 FOREIGN KEY (issue_id) REFERENCES issues_issue(id) DEFERRABLE INITIALLY DEFERRED;


--
-- Name: last_edited_by_id_refs_id_2b054939; Type: FK CONSTRAINT; Schema: public; Owner: oc_yaniv
--

ALTER TABLE ONLY issues_issuecomment
    ADD CONSTRAINT last_edited_by_id_refs_id_2b054939 FOREIGN KEY (last_edited_by_id) REFERENCES users_ocuser(id) DEFERRABLE INITIALLY DEFERRED;


--
-- Name: meeting_id_refs_id_31b85f6; Type: FK CONSTRAINT; Schema: public; Owner: oc_yaniv
--

ALTER TABLE ONLY issues_voteresult
    ADD CONSTRAINT meeting_id_refs_id_31b85f6 FOREIGN KEY (meeting_id) REFERENCES meetings_meeting(id) DEFERRABLE INITIALLY DEFERRED;


--
-- Name: meeting_id_refs_id_42a46545; Type: FK CONSTRAINT; Schema: public; Owner: oc_yaniv
--

ALTER TABLE ONLY issues_issuecomment
    ADD CONSTRAINT meeting_id_refs_id_42a46545 FOREIGN KEY (meeting_id) REFERENCES meetings_meeting(id) DEFERRABLE INITIALLY DEFERRED;


--
-- Name: meeting_id_refs_id_5af3f92f; Type: FK CONSTRAINT; Schema: public; Owner: oc_yaniv
--

ALTER TABLE ONLY meetings_meetingparticipant
    ADD CONSTRAINT meeting_id_refs_id_5af3f92f FOREIGN KEY (meeting_id) REFERENCES meetings_meeting(id) DEFERRABLE INITIALLY DEFERRED;


--
-- Name: meeting_id_refs_id_752aae30; Type: FK CONSTRAINT; Schema: public; Owner: oc_yaniv
--

ALTER TABLE ONLY meetings_meetingexternalparticipant
    ADD CONSTRAINT meeting_id_refs_id_752aae30 FOREIGN KEY (meeting_id) REFERENCES meetings_meeting(id) DEFERRABLE INITIALLY DEFERRED;


--
-- Name: meeting_id_refs_id_7dd749b0; Type: FK CONSTRAINT; Schema: public; Owner: oc_yaniv
--

ALTER TABLE ONLY meetings_agendaitem
    ADD CONSTRAINT meeting_id_refs_id_7dd749b0 FOREIGN KEY (meeting_id) REFERENCES meetings_meeting(id) DEFERRABLE INITIALLY DEFERRED;


--
-- Name: ocuser_id_refs_id_12720d05; Type: FK CONSTRAINT; Schema: public; Owner: oc_yaniv
--

ALTER TABLE ONLY users_ocuser_groups
    ADD CONSTRAINT ocuser_id_refs_id_12720d05 FOREIGN KEY (ocuser_id) REFERENCES users_ocuser(id) DEFERRABLE INITIALLY DEFERRED;


--
-- Name: ocuser_id_refs_id_234bff7b; Type: FK CONSTRAINT; Schema: public; Owner: oc_yaniv
--

ALTER TABLE ONLY communities_community_upcoming_meeting_participants
    ADD CONSTRAINT ocuser_id_refs_id_234bff7b FOREIGN KEY (ocuser_id) REFERENCES users_ocuser(id) DEFERRABLE INITIALLY DEFERRED;


--
-- Name: ocuser_id_refs_id_785af509; Type: FK CONSTRAINT; Schema: public; Owner: oc_yaniv
--

ALTER TABLE ONLY users_ocuser_user_permissions
    ADD CONSTRAINT ocuser_id_refs_id_785af509 FOREIGN KEY (ocuser_id) REFERENCES users_ocuser(id) DEFERRABLE INITIALLY DEFERRED;


--
-- Name: permission_id_refs_id_3b72bd44; Type: FK CONSTRAINT; Schema: public; Owner: oc_yaniv
--

ALTER TABLE ONLY users_ocuser_user_permissions
    ADD CONSTRAINT permission_id_refs_id_3b72bd44 FOREIGN KEY (permission_id) REFERENCES auth_permission(id) DEFERRABLE INITIALLY DEFERRED;


--
-- Name: proposal_id_refs_id_1f477ae4; Type: FK CONSTRAINT; Schema: public; Owner: oc_yaniv
--

ALTER TABLE ONLY issues_voteresult
    ADD CONSTRAINT proposal_id_refs_id_1f477ae4 FOREIGN KEY (proposal_id) REFERENCES issues_proposal(id) DEFERRABLE INITIALLY DEFERRED;


--
-- Name: proposal_id_refs_id_5299c992; Type: FK CONSTRAINT; Schema: public; Owner: oc_yaniv
--

ALTER TABLE ONLY issues_proposalvoteboard
    ADD CONSTRAINT proposal_id_refs_id_5299c992 FOREIGN KEY (proposal_id) REFERENCES issues_proposal(id) DEFERRABLE INITIALLY DEFERRED;


--
-- Name: proposal_id_refs_id_73960fad; Type: FK CONSTRAINT; Schema: public; Owner: oc_yaniv
--

ALTER TABLE ONLY issues_proposalvote
    ADD CONSTRAINT proposal_id_refs_id_73960fad FOREIGN KEY (proposal_id) REFERENCES issues_proposal(id) DEFERRABLE INITIALLY DEFERRED;


--
-- Name: proposal_vote_id_refs_id_2be4f75e; Type: FK CONSTRAINT; Schema: public; Owner: oc_yaniv
--

ALTER TABLE ONLY issues_proposalvoteargument
    ADD CONSTRAINT proposal_vote_id_refs_id_2be4f75e FOREIGN KEY (proposal_vote_id) REFERENCES issues_proposalvote(id) DEFERRABLE INITIALLY DEFERRED;


--
-- Name: shultze_issueedge_from_node_id_fkey; Type: FK CONSTRAINT; Schema: public; Owner: oc_yaniv
--

ALTER TABLE ONLY shultze_issueedge
    ADD CONSTRAINT shultze_issueedge_from_node_id_fkey FOREIGN KEY (from_node_id) REFERENCES shultze_issuenode(id) DEFERRABLE INITIALLY DEFERRED;


--
-- Name: shultze_issueedge_graph_id_fkey; Type: FK CONSTRAINT; Schema: public; Owner: oc_yaniv
--

ALTER TABLE ONLY shultze_issueedge
    ADD CONSTRAINT shultze_issueedge_graph_id_fkey FOREIGN KEY (graph_id) REFERENCES shultze_issuesgraph(id) DEFERRABLE INITIALLY DEFERRED;


--
-- Name: shultze_issueedge_to_node_id_fkey; Type: FK CONSTRAINT; Schema: public; Owner: oc_yaniv
--

ALTER TABLE ONLY shultze_issueedge
    ADD CONSTRAINT shultze_issueedge_to_node_id_fkey FOREIGN KEY (to_node_id) REFERENCES shultze_issuenode(id) DEFERRABLE INITIALLY DEFERRED;


--
-- Name: shultze_issuenode_graph_id_fkey; Type: FK CONSTRAINT; Schema: public; Owner: oc_yaniv
--

ALTER TABLE ONLY shultze_issuenode
    ADD CONSTRAINT shultze_issuenode_graph_id_fkey FOREIGN KEY (graph_id) REFERENCES shultze_issuesgraph(id) DEFERRABLE INITIALLY DEFERRED;


--
-- Name: tag_id_refs_id_3781c07b; Type: FK CONSTRAINT; Schema: public; Owner: oc_yaniv
--

ALTER TABLE ONLY taggit_taggeditem
    ADD CONSTRAINT tag_id_refs_id_3781c07b FOREIGN KEY (tag_id) REFERENCES taggit_tag(id) DEFERRABLE INITIALLY DEFERRED;


--
-- Name: user_id_refs_id_46afb2c9; Type: FK CONSTRAINT; Schema: public; Owner: oc_yaniv
--

ALTER TABLE ONLY users_invitation
    ADD CONSTRAINT user_id_refs_id_46afb2c9 FOREIGN KEY (user_id) REFERENCES users_ocuser(id) DEFERRABLE INITIALLY DEFERRED;


--
-- Name: user_id_refs_id_518c6868; Type: FK CONSTRAINT; Schema: public; Owner: oc_yaniv
--

ALTER TABLE ONLY users_membership
    ADD CONSTRAINT user_id_refs_id_518c6868 FOREIGN KEY (user_id) REFERENCES users_ocuser(id) DEFERRABLE INITIALLY DEFERRED;


--
-- Name: user_id_refs_id_5dd7053; Type: FK CONSTRAINT; Schema: public; Owner: oc_yaniv
--

ALTER TABLE ONLY meetings_meetingparticipant
    ADD CONSTRAINT user_id_refs_id_5dd7053 FOREIGN KEY (user_id) REFERENCES users_ocuser(id) DEFERRABLE INITIALLY DEFERRED;


--
-- Name: user_id_refs_id_793ad11d; Type: FK CONSTRAINT; Schema: public; Owner: oc_yaniv
--

ALTER TABLE ONLY issues_proposalvote
    ADD CONSTRAINT user_id_refs_id_793ad11d FOREIGN KEY (user_id) REFERENCES users_ocuser(id) DEFERRABLE INITIALLY DEFERRED;


--
-- Name: user_id_refs_id_7a3ee05c; Type: FK CONSTRAINT; Schema: public; Owner: oc_yaniv
--

ALTER TABLE ONLY issues_proposalvoteboard
    ADD CONSTRAINT user_id_refs_id_7a3ee05c FOREIGN KEY (user_id) REFERENCES users_ocuser(id) DEFERRABLE INITIALLY DEFERRED;


--
-- Name: user_id_refs_id_7aeab88b; Type: FK CONSTRAINT; Schema: public; Owner: oc_yaniv
--

ALTER TABLE ONLY issues_proposalvoteargumentranking
    ADD CONSTRAINT user_id_refs_id_7aeab88b FOREIGN KEY (user_id) REFERENCES users_ocuser(id) DEFERRABLE INITIALLY DEFERRED;


--
-- Name: voted_by_id_refs_id_331b0a6e; Type: FK CONSTRAINT; Schema: public; Owner: oc_yaniv
--

ALTER TABLE ONLY issues_issuerankingvote
    ADD CONSTRAINT voted_by_id_refs_id_331b0a6e FOREIGN KEY (voted_by_id) REFERENCES users_ocuser(id) DEFERRABLE INITIALLY DEFERRED;


--
-- Name: public; Type: ACL; Schema: -; Owner: postgres
--

REVOKE ALL ON SCHEMA public FROM PUBLIC;
REVOKE ALL ON SCHEMA public FROM postgres;
GRANT ALL ON SCHEMA public TO postgres;
GRANT ALL ON SCHEMA public TO PUBLIC;


--
-- PostgreSQL database dump complete
--

